match_id,div,season,kickoff_utc,market,sel,source,model,edge,p,price,p_close,won,clv_net,kelly,whitelisted,selected
129b251eaf97bcdd,E2,2019/20,2019-08-03 14:00:00+00:00,1x2,H,Max,cb_xg,0.0299746,0.52082,2.04,0.509631,True,0.00781563,0.25,False,False
b76ee7888c7efa8f,E1,2019/20,2019-08-20 18:45:00+00:00,1x2,H,Max,cb_xg,0.0203996,0.459226,2.3,0.487841,False,0.0806426,0.25,False,False
b731e0cb7cf731e9,D1,2019/20,2019-08-24 16:30:00+00:00,1x2,A,Max,cb_xg,0.0431961,0.709657,1.5,0.743728,True,0.0891822,0.25,True,True
5ebe3dd89143fb41,SC0,2019/20,2019-08-31 14:00:00+00:00,1x2,A,Max,cb_xg,0.0321351,0.412195,2.6,0.370357,True,-0.075399,0.25,False,False
50b8bacfe0dd7019,G1,2019/20,2019-09-14 18:30:00+00:00,1x2,H,Max,cb_xg,0.0239879,0.890115,1.16,0.890422,True,0.0240499,0.25,False,False
53bab0cd1e33f649,D1,2019/20,2019-09-21 13:30:00+00:00,1x2,H,Max,cb_xg,0.0274749,0.517099,2.05,0.495972,False,-0.0146108,0.25,True,True
0c05462640135b17,D2,2019/20,2019-09-22 11:30:00+00:00,1x2,H,Max,cb_xg,0.0232607,0.696096,1.5,0.696759,True,0.0239461,0.25,True,True
d23faab653ef049a,G1,2019/20,2019-09-29 14:15:00+00:00,1x2,A,Max,cb_xg,0.0261928,0.417661,2.55,0.411944,True,0.0120722,0.25,False,False
6b422590df4a2d6d,D1,2019/20,2019-10-04 18:30:00+00:00,1x2,H,Max,cb_xg,0.0257428,0.58547,1.8,0.588568,True,0.030696,0.25,True,True
a4515ffd03972516,T1,2019/20,2019-10-19 14:30:00+00:00,1x2,H,Max,cb_xg,0.0223131,0.616594,1.7,0.562917,True,-0.0690103,0.25,False,False
bdc4fc88f5762a4d,D1,2019/20,2019-10-19 16:30:00+00:00,1x2,H,Max,cb_xg,0.0226104,0.665849,1.57,0.626646,True,-0.0383228,0.25,True,True
faa729ccdbd250c2,N1,2019/20,2019-10-20 12:30:00+00:00,1x2,H,Max,cb_xg,0.0205499,0.555673,1.89,0.597413,True,0.0927693,0.25,False,False
ecdde7132c6ed697,D1,2019/20,2019-10-26 13:30:00+00:00,1x2,H,Max,cb_xg,0.0204067,0.469152,2.25,0.459755,False,-3.21359e-05,0.25,True,True
030d9123d789fd63,D1,2019/20,2019-11-02 14:30:00+00:00,1x2,H,Max,cb_xg,0.0240342,0.503458,2.1,0.522807,False,0.0614607,0.25,True,True
26af2fd0f1e29217,D1,2019/20,2019-11-02 14:30:00+00:00,1x2,A,Max,cb_xg,0.0268138,0.698513,1.5,0.703506,False,0.0335837,0.25,True,True
66fb033769d6c22b,P1,2019/20,2019-11-02 18:00:00+00:00,1x2,H,Max,cb_xg,0.02188,0.768909,1.35,0.729152,True,-0.0314462,0.25,False,False
c25ef6d7dd0801ac,D1,2019/20,2019-11-09 17:30:00+00:00,1x2,H,Max,cb_xg,0.0395414,0.626985,1.7,0.615122,True,0.0196769,0.25,True,True
7ded07aba0862c7f,G1,2019/20,2019-11-10 15:15:00+00:00,1x2,H,Max,cb_xg,0.0357201,0.878772,1.19,0.869446,True,0.0244287,0.25,False,False
3bb4ad87da380347,N1,2019/20,2019-11-10 19:00:00+00:00,1x2,H,Max,cb_xg,0.0211383,0.820587,1.26,0.828241,True,0.0302028,0.25,False,False
7f87caece71a2d53,SP2,2019/20,2019-11-17 20:00:00+00:00,1x2,H,Max,cb_xg,0.0202695,0.351963,3.02,0.335703,False,-0.0272322,0.25,False,False
55fef32975d3dbbe,SP1,2019/20,2019-11-24 20:00:00+00:00,1x2,A,Max,cb_xg,0.0320943,0.519423,2.05,0.543106,True,0.0761749,0.25,False,False
2c27fa32ede677f3,F1,2019/20,2019-11-30 19:00:00+00:00,1x2,H,Max,cb_xg,0.0276523,0.66104,1.59,0.698778,True,0.0827955,0.25,True,True
a68b1124c3652de2,P1,2019/20,2019-11-30 20:30:00+00:00,1x2,H,Max,cb_xg,0.0383291,0.483664,2.22,0.464613,True,-0.00257309,0.25,False,False
0292bac558e50b7f,T1,2019/20,2019-12-01 13:30:00+00:00,1x2,H,Max,cb_xg,0.0284967,0.682208,1.54,0.649799,True,-0.0205738,0.25,False,False
fada0916e7b29341,P1,2019/20,2019-12-01 17:30:00+00:00,1x2,A,Max,cb_xg,0.0322856,0.509871,2.09,0.525681,False,0.0623108,0.25,False,False
c9ae58727aa5b86d,SC0,2019/20,2019-12-07 15:00:00+00:00,1x2,A,Max,cb_xg,0.0211496,0.393052,2.7,0.35671,True,-0.0760896,0.25,False,False
4ac1bbaaac018259,G1,2019/20,2019-12-07 17:30:00+00:00,1x2,H,Max,cb_xg,0.0229624,0.809818,1.28,0.795982,True,0.00546978,0.25,False,False
dce1c12094068d9a,SP1,2019/20,2019-12-08 15:00:00+00:00,1x2,A,Max,cb_xg,0.0250413,0.428672,2.48,0.401527,False,-0.0406857,0.25,False,False
8dafdeeb07113bc4,P1,2019/20,2019-12-08 17:30:00+00:00,1x2,H,Max,cb_xg,0.022906,0.733371,1.42,0.723665,True,0.00932377,0.25,False,False
2f52a0d49af975b6,N1,2019/20,2019-12-13 19:00:00+00:00,1x2,H,Max,cb_xg,0.0270336,0.562081,1.88,0.561982,False,0.0264988,0.25,False,False
83f58c8958c18cef,P1,2019/20,2019-12-15 20:00:00+00:00,1x2,H,Max,cb_xg,0.0233831,0.691756,1.51,0.691808,False,0.0231894,0.25,False,False
6b60c37069b7b4b0,D1,2019/20,2019-12-22 17:00:00+00:00,1x2,A,Max,cb_xg,0.0319519,0.48494,2.2,0.458139,False,-0.0253998,0.25,True,True
78eec72eb52c328b,G1,2019/20,2020-01-05 13:00:00+00:00,1x2,H,Max,cb_xg,0.0366886,0.808649,1.3,0.756317,True,-0.0308734,0.25,False,False
213039dd0743f5f5,G1,2019/20,2020-01-19 17:30:00+00:00,1x2,H,Max,cb_xg,0.0393427,0.861239,1.22,0.802462,True,-0.0320989,0.25,False,False
f85b130f5f7527ef,D1,2019/20,2020-01-25 14:30:00+00:00,1x2,H,Max,cb_xg,0.0281537,0.462715,2.3,0.447695,True,-0.00523529,0.25,True,True
cb7cc8bf000876c0,D1,2019/20,2020-01-25 17:30:00+00:00,1x2,H,Max,cb_xg,0.0435098,0.844947,1.25,0.831096,True,0.0260608,0.25,True,True
88727f299b6c310b,P1,2019/20,2020-02-02 20:00:00+00:00,1x2,A,Max,cb_xg,0.0267494,0.545099,1.94,0.518948,False,-0.0227658,0.25,False,False
a0fc56bcdb39ccd5,G1,2019/20,2020-02-23 17:30:00+00:00,1x2,H,Max,cb_xg,0.0460824,0.72084,1.48,0.679374,True,-0.0141923,0.25,False,False
32b4be8f291346ff,P1,2019/20,2020-03-01 20:00:00+00:00,1x2,H,Max,cb_xg,0.0205259,0.757179,1.37,0.701611,True,-0.0559026,0.25,False,False
9d4dfc25a67363d5,D2,2019/20,2020-03-08 12:30:00+00:00,1x2,H,Max,cb_xg,0.0200156,0.378906,2.8,0.391655,False,0.0529113,0.25,True,True
06e7e3a660c0994b,I1,2019/20,2020-03-09 17:30:00+00:00,1x2,H,Max,cb_xg,0.0259346,0.567316,1.86,0.651033,True,0.163247,0.25,True,True
5570bbaa83a22221,D1,2019/20,2020-06-06 13:30:00+00:00,1x2,A,Max,cb_xg,0.032143,0.659938,1.6,0.727303,True,0.128835,0.25,True,True
b6d839051b09714a,D1,2019/20,2020-06-13 13:30:00+00:00,1x2,H,Max,cb_xg,0.0225355,0.305234,3.5,0.253208,False,-0.164583,0.25,True,True
175b9b485bb5b296,G1,2019/20,2020-06-21 18:30:00+00:00,1x2,H,Max,cb_xg,0.0203662,0.6297,1.66,0.726562,True,0.163242,0.25,False,False
4f0cd016b7028165,E0,2019/20,2020-06-24 17:00:00+00:00,1x2,H,Max,cb_xg,0.0297755,0.700528,1.5,0.721845,True,0.0593176,0.25,True,True
ae6d942cac17d684,G1,2019/20,2020-06-28 16:30:00+00:00,1x2,H,Max,cb_xg,0.0232732,0.593615,1.77,0.625098,False,0.074684,0.25,False,False
67e2a45153541732,G1,2019/20,2020-07-08 18:30:00+00:00,1x2,H,Max,cb_xg,0.0200049,0.838682,1.23,0.915016,True,0.106917,0.25,False,False
a49d6a0b616255dd,P1,2019/20,2020-07-10 18:15:00+00:00,1x2,H,Max,cb_xg,0.0236001,0.60368,1.74,0.623603,True,0.0557947,0.25,False,False
331602afbbc657d9,SP2,2019/20,2020-07-17 19:00:00+00:00,1x2,H,Max,cb_xg,0.0220576,0.62351,1.68,0.599728,True,-0.0170707,0.25,False,False
6e57cf32b9c2c455,SP2,2019/20,2020-07-17 19:00:00+00:00,1x2,H,Max,cb_xg,0.0392211,0.676664,1.57,0.691075,True,0.0595441,0.25,False,False
abcc1b50468cb64e,SP2,2019/20,2020-07-17 19:00:00+00:00,1x2,A,Max,cb_xg,0.0209545,0.381922,2.78,0.329644,False,-0.126465,0.25,False,False
bb970c744ff65839,SP2,2019/20,2020-07-17 19:00:00+00:00,1x2,H,Max,cb_xg,0.0438599,0.619061,1.73,0.619259,False,0.0432452,0.25,False,False
de869f911729602d,P1,2019/20,2020-07-21 20:15:00+00:00,1x2,A,Max,cb_xg,0.0283164,0.808044,1.29,0.874607,True,0.107081,0.25,False,False
95f93773b2764723,I2,2019/20,2020-07-24 19:00:00+00:00,1x2,H,Max,cb_xg,0.0282202,0.447597,2.38,0.445516,True,0.023168,0.25,False,False
c646b06ff331d1cc,E2,2020/21,2020-09-12 14:00:00+00:00,1x2,H,Max,cb_xg,0.0223319,0.556644,1.89,0.602993,False,0.102066,0.25,False,False
74163957c64bbc92,D2,2020/21,2020-09-19 11:00:00+00:00,1x2,H,Max,cb_xg,0.0203657,0.39275,2.7,0.385621,True,0.00184167,0.25,True,True
02b15afbc3e1b06a,E3,2020/21,2020-09-19 14:00:00+00:00,1x2,D,Max,cb_xg,0.022108,0.312113,3.42,0.307463,False,0.00685669,0.25,False,False
074a99810629adfc,N1,2020/21,2020-09-20 14:45:00+00:00,1x2,H,Max,cb_xg,0.0248236,0.936767,1.1,0.937031,True,0.0248021,0.25,False,False
cb42358b39c19266,I1,2020/21,2020-09-26 13:00:00+00:00,1x2,A,Max,cb_xg,0.0200721,0.595002,1.76,0.590898,True,0.0129519,0.25,True,True
f2470e777ed1cf71,F2,2020/21,2020-09-26 17:00:00+00:00,1x2,D,Max,cb_xg,0.0202999,0.339851,3.13,0.325734,True,-0.0223287,0.25,False,False
591e4783425afcb3,G1,2020/21,2020-09-26 17:30:00+00:00,1x2,H,Max,cb_xg,0.0279774,0.813788,1.28,0.80653,True,0.0186336,0.25,False,False
529d555ff1a7ce00,F1,2020/21,2020-10-02 19:00:00+00:00,1x2,H,Max,cb_xg,0.0373421,0.909152,1.15,0.908728,True,0.0361951,0.25,True,True
76d5e0cdb19f1ea1,D2,2020/21,2020-10-03 11:00:00+00:00,1x2,H,Max,cb_xg,0.0230912,0.574706,1.83,0.669968,True,0.1762,0.25,True,True
7ae6b44b1f2fd27b,G1,2020/21,2020-10-04 15:15:00+00:00,1x2,H,Max,cb_xg,0.0340246,0.806571,1.3,0.773694,True,-0.008157,0.25,False,False
bd0cc991859046b2,F2,2020/21,2020-10-16 17:00:00+00:00,1x2,A,Max,cb_xg,0.0236561,0.481041,2.2,0.52062,True,0.102448,0.25,False,False
c30546a9af9e0b8f,G1,2020/21,2020-10-17 17:30:00+00:00,1x2,H,Max,cb_xg,0.0273041,0.784082,1.33,0.753816,True,-0.0124276,0.25,False,False
dde4517c629a31f1,N1,2020/21,2020-10-18 12:30:00+00:00,1x2,A,Max,cb_xg,0.0210831,0.595592,1.76,0.622245,True,0.0646412,0.25,False,False
adaf57369e0c7c2c,SP2,2020/21,2020-10-28 20:30:00+00:00,1x2,H,Max,cb_xg,0.0236675,0.408813,2.6,0.484584,False,0.193425,0.25,False,False
9d0192f22e7cc409,G1,2020/21,2020-10-31 13:00:00+00:00,1x2,H,Max,cb_xg,0.0258553,0.856736,1.21,0.866788,True,0.0371912,0.25,False,False
c60ab14204c31287,T1,2020/21,2020-10-31 16:00:00+00:00,1x2,H,Max,cb_xg,0.0613833,0.782039,1.38,0.740594,True,0.00512093,0.25,False,False
18fb2a9dfef5505b,E3,2020/21,2020-11-03 19:00:00+00:00,1x2,H,Max,cb_xg,0.0210405,0.626482,1.67,0.635276,True,0.034762,0.25,False,False
5b3e29a2c99ddc99,N1,2020/21,2020-11-07 17:45:00+00:00,1x2,A,Max,cb_xg,0.0239813,0.43334,2.45,0.498254,False,0.163287,0.25,False,False
517131e2545da40e,T1,2020/21,2020-11-08 10:30:00+00:00,1x2,A,Max,cb_xg,0.0208828,0.400189,2.65,0.456078,False,0.151393,0.25,False,False
53af4ea201d8f71e,P1,2020/21,2020-11-08 17:30:00+00:00,1x2,H,Max,cb_xg,0.0327222,0.823674,1.27,0.808789,True,0.0139619,0.25,False,False
2fbf638e8a43da67,F1,2020/21,2020-11-20 20:00:00+00:00,1x2,A,Max,cb_xg,0.0208913,0.641183,1.63,0.659544,False,0.0489096,0.25,True,True
2461d15c848b95a8,G1,2020/21,2020-11-22 13:00:00+00:00,1x2,H,Max,cb_xg,0.0515636,0.791244,1.35,0.714899,True,-0.0511867,0.25,False,False
9b8f37905150879a,G1,2020/21,2020-11-22 17:30:00+00:00,1x2,H,Max,cb_xg,0.0206937,0.790378,1.31,0.736164,True,-0.0505758,0.25,False,False
d7af59f0ce9f5e26,F1,2020/21,2020-11-29 14:00:00+00:00,1x2,H,Max,cb_xg,0.0223093,0.728037,1.43,0.725228,True,0.0181981,0.25,True,True
5f0a6be31cbe72c1,D1,2020/21,2020-12-05 17:30:00+00:00,1x2,H,Max,cb_xg,0.0556191,0.69586,1.55,0.591481,False,-0.108391,0.25,True,True
6dd998a03fccc24b,G1,2020/21,2020-12-06 15:15:00+00:00,1x2,H,Max,cb_xg,0.0250269,0.76586,1.36,0.742822,True,-0.00582405,0.25,False,False
2fce56cc017bfbf4,F1,2020/21,2020-12-16 20:00:00+00:00,1x2,H,Max,cb_xg,0.0239301,0.749254,1.39,0.772642,False,0.0543862,0.25,True,True
f7021a98ecc2c3c5,T1,2020/21,2020-12-18 16:00:00+00:00,1x2,A,Max,cb_xg,0.0421163,0.594815,1.8,0.583673,False,0.0223434,0.25,False,False
481527ac86790bec,SP2,2020/21,2020-12-18 18:00:00+00:00,1x2,A,Max,cb_xg,0.0289956,0.398959,2.68,0.39886,False,0.0283347,0.25,False,False
5d868aafb2eb54f1,D1,2020/21,2020-12-18 19:30:00+00:00,1x2,A,Max,cb_xg,0.0201917,0.570067,1.84,0.563366,False,0.00816588,0.25,True,True
c8588c5798e77c37,SP1,2020/21,2020-12-18 20:00:00+00:00,1x2,H,Max,cb_xg,0.0213096,0.50445,2.09,0.515611,True,0.0429703,0.25,True,True
8d36d245c9e05a1a,G1,2020/21,2020-12-20 13:00:00+00:00,1x2,H,Max,cb_xg,0.0276687,0.87194,1.19,0.934915,True,0.097028,0.25,False,False
20ac46ecfe7f70f8,G1,2020/21,2020-12-21 17:30:00+00:00,1x2,H,Max,cb_xg,0.030388,0.759201,1.38,0.731428,False,-0.00733284,0.25,False,False
e5f4d8a98b951986,T1,2020/21,2021-01-02 10:30:00+00:00,1x2,A,Max,cb_xg,0.0264873,0.427596,2.49,0.381073,False,-0.0890456,0.25,False,False
4b1a789968ec248b,G1,2020/21,2021-01-03 13:00:00+00:00,1x2,H,Max,cb_xg,0.0200131,0.523245,2.01,0.431097,False,-0.1739,0.25,False,False
1989cf9d5574de33,G1,2020/21,2021-01-10 13:00:00+00:00,1x2,H,Max,cb_xg,0.0266016,0.871035,1.19,0.848341,True,-0.000144875,0.25,False,False
5d86f5295fd3c759,T1,2020/21,2021-01-10 13:00:00+00:00,1x2,H,Max,cb_xg,0.0208929,0.451802,2.34,0.4128,False,-0.0696032,0.25,False,False
a8926bd0835d1fb4,T1,2020/21,2021-01-10 13:00:00+00:00,1x2,A,Max,cb_xg,0.0294221,0.518079,2.05,0.563114,True,0.112352,0.25,False,False
8bb525cf77f6417c,SP1,2020/21,2021-01-11 18:00:00+00:00,1x2,D,Max,cb_xg,0.0254414,0.341563,3.13,0.33019,False,-0.00874026,0.25,True,True
e59806baf0bc73a8,G1,2020/21,2021-01-17 13:00:00+00:00,1x2,H,Max,cb_xg,0.0377402,0.84672,1.24,0.819318,True,0.00414703,0.25,False,False
b258bacd833fc2c6,T1,2020/21,2021-01-23 16:00:00+00:00,1x2,H,Max,cb_xg,0.032726,0.716275,1.47,0.672928,False,-0.0302243,0.25,False,False
37366b62934b5052,D1,2020/21,2021-01-30 14:30:00+00:00,1x2,D,Max,cb_xg,0.0251077,0.285944,3.75,0.265656,True,-0.0487933,0.25,True,True
59bad1c1fc7dc0ae,G1,2020/21,2021-02-21 13:00:00+00:00,1x2,H,Max,cb_xg,0.0234947,0.848106,1.22,0.916335,True,0.100598,0.25,False,False
b1ad1177ef05bcc6,F1,2020/21,2021-02-24 18:00:00+00:00,1x2,D,Max,cb_xg,0.0211068,0.294879,3.62,0.271295,False,-0.0624713,0.25,True,True
9d987992a1130438,I2,2020/21,2021-02-27 17:00:00+00:00,1x2,D,Max,cb_xg,0.0262615,0.334505,3.2,0.315567,True,-0.0323581,0.25,False,False
d1e4d680f4de26b3,N1,2020/21,2021-02-27 19:00:00+00:00,1x2,H,Max,cb_xg,0.020432,0.694171,1.5,0.683858,True,0.0052574,0.25,False,False
f5772995bbb95884,I1,2020/21,2021-02-28 14:00:00+00:00,1x2,A,Max,cb_xg,0.0225176,0.445115,2.38,0.432856,True,-0.00565954,0.25,True,True
c6a11136729afcad,F2,2020/21,2021-03-13 19:00:00+00:00,1x2,H,Max,cb_xg,0.029504,0.610547,1.73,0.572131,False,-0.035909,0.25,False,False
3f37c3197e9fddaf,E3,2020/21,2021-04-02 14:00:00+00:00,1x2,A,Max,cb_xg,0.0237039,0.385663,2.76,0.403658,True,0.0690324,0.25,False,False
116161bfd8db6491,E3,2020/21,2021-04-05 14:00:00+00:00,1x2,A,Max,cb_xg,0.0228085,0.393691,2.7,0.377932,False,-0.0182992,0.25,False,False
99a85db93b1ffe5f,B1,2020/21,2021-04-09 18:45:00+00:00,1x2,A,Max,cb_xg,0.0304912,0.443146,2.41,0.498372,True,0.147483,0.25,False,False
48339db4474fcfc8,E0,2020/21,2021-04-11 11:00:00+00:00,1x2,A,Max,cb_xg,0.020423,0.284637,3.75,0.283977,True,0.0178962,0.25,True,True
aaebcb47314e6133,F1,2020/21,2021-04-11 13:00:00+00:00,1x2,D,Max,cb_xg,0.0227717,0.329331,3.24,0.299818,False,-0.0713736,0.25,True,True
373ec1315a9fb2d5,SP1,2020/21,2021-04-11 19:00:00+00:00,1x2,D,Max,cb_xg,0.0285464,0.31318,3.43,0.297451,True,-0.0233821,0.25,True,True
e72d024b5727e5e4,G1,2020/21,2021-04-21 14:15:00+00:00,1x2,H,Max,cb_xg,0.0256377,0.830476,1.25,0.755058,True,-0.0698903,0.25,False,False
200dda7e7fe079e1,SP1,2020/21,2021-04-25 16:30:00+00:00,1x2,H,Max,cb_xg,0.0233878,0.700663,1.49,0.676893,True,-0.011395,0.25,True,True
f542d111bfe7eb54,F1,2020/21,2021-04-25 19:00:00+00:00,1x2,H,Max,cb_xg,0.0293441,0.477388,2.23,0.477706,False,0.0295886,0.25,True,True
2b96b314b332253d,F2,2020/21,2021-05-08 18:00:00+00:00,1x2,H,Max,cb_xg,0.0242272,0.705779,1.48,0.724428,True,0.0500177,0.25,False,False
c8376fcc3fe5c06a,SP2,2020/21,2021-05-20 17:00:00+00:00,1x2,A,Max,cb_xg,0.0232684,0.466437,2.27,0.453145,True,-0.00590873,0.25,False,False
2a405bb38733223d,SP2,2020/21,2021-05-20 19:30:00+00:00,1x2,H,Max,cb_xg,0.0222686,0.512056,2.06,0.470763,True,-0.0620548,0.25,False,False
422db39e68bf8eec,SP1,2021/22,2021-08-22 17:30:00+00:00,1x2,H,Max,cb_xg,0.0271459,0.81313,1.28,0.767673,True,-0.0307434,0.25,True,True
79c73d24ecf2816b,P1,2021/22,2021-08-23 20:15:00+00:00,1x2,H,Max,cb_xg,0.0243073,0.41061,2.59,0.364139,True,-0.096091,0.25,False,False
77c95e8cf765b171,SC0,2021/22,2021-08-29 14:00:00+00:00,1x2,H,Max,cb_xg,0.0475639,0.576281,1.87,0.615232,False,0.111871,0.25,False,False
4b7530eaa2c6daee,F1,2021/22,2021-09-11 15:00:00+00:00,1x2,H,Max,cb_xg,0.0201048,0.784213,1.32,0.753076,True,-0.0206094,0.25,True,True
fa7cc7293314d306,N1,2021/22,2021-09-11 16:45:00+00:00,1x2,H,Max,cb_xg,0.0244895,0.563588,1.87,0.596619,True,0.0811506,0.25,False,False
1f09c26204efc50a,I1,2021/22,2021-09-12 13:00:00+00:00,1x2,A,Max,cb_xg,0.0252489,0.42708,2.49,0.451048,True,0.0795378,0.25,True,True
24d2fec573fdcd53,G1,2021/22,2021-09-12 16:00:00+00:00,1x2,H,Max,cb_xg,0.0213073,0.839753,1.23,0.826832,False,0.00557777,0.25,True,True
0ccd4c5cb8312e08,SP2,2021/22,2021-09-12 16:15:00+00:00,1x2,A,Max,cb_xg,0.0248043,0.437166,2.43,0.451255,False,0.056221,0.25,False,False
a6482f4a52daa298,SC0,2021/22,2021-09-18 14:00:00+00:00,1x2,H,Max,cb_xg,0.0277581,0.462537,2.3,0.442993,False,-0.0157934,0.25,False,False
3b7ff45ed58e09df,SP1,2021/22,2021-09-21 17:30:00+00:00,1x2,A,Max,cb_xg,0.0550201,0.580383,1.87,0.608845,True,0.101436,0.25,True,True
3de5e8b59642238f,G1,2021/22,2021-09-22 17:30:00+00:00,1x2,H,Max,cb_xg,0.0316147,0.810636,1.29,0.766845,True,-0.0244081,0.25,True,True
3edd2191f8d04eb3,F2,2021/22,2021-09-24 19:00:00+00:00,1x2,H,Max,cb_xg,0.0214371,0.49084,2.15,0.48106,False,0.00108498,0.25,False,False
28a06d571bdee7a2,SP1,2021/22,2021-09-26 19:00:00+00:00,1x2,H,Max,cb_xg,0.0288339,0.554508,1.91,0.617603,True,0.136191,0.25,True,True
c2d0ee06748c9f28,SC0,2021/22,2021-10-02 14:00:00+00:00,1x2,A,Max,cb_xg,0.0203304,0.30891,3.45,0.365358,True,0.187953,0.25,False,False
654d06142d8a77eb,G1,2021/22,2021-10-02 17:30:00+00:00,1x2,H,Max,cb_xg,0.0294832,0.733146,1.43,0.651648,False,-0.0887834,0.25,True,True
2a0322368eee1bc5,N1,2021/22,2021-10-02 18:00:00+00:00,1x2,H,Max,cb_xg,0.0211392,0.51391,2.05,0.555026,True,0.0978853,0.25,False,False
4fe1da93a6f3b05e,N1,2021/22,2021-10-02 19:00:00+00:00,1x2,A,Max,cb_xg,0.0203581,0.337755,3.15,0.359427,True,0.0823426,0.25,False,False
c92319abb3e1efc1,I2,2021/22,2021-10-03 14:15:00+00:00,1x2,D,Max,cb_xg,0.0244508,0.331881,3.22,0.340354,False,0.0493672,0.25,False,False
4b400f1f2513f60f,SP2,2021/22,2021-10-09 14:00:00+00:00,1x2,A,Max,cb_xg,0.0203015,0.4631,2.28,0.462533,False,0.0188727,0.25,False,False
b76c20e557728acf,I2,2021/22,2021-10-16 12:00:00+00:00,1x2,D,Max,cb_xg,0.0233605,0.334585,3.19,0.3383,False,0.0341346,0.25,False,False
7f0cd15f1f30d011,F1,2021/22,2021-10-17 13:00:00+00:00,1x2,D,Max,cb_xg,0.0201436,0.307977,3.46,0.288602,True,-0.0450349,0.25,True,True
880c9d0503113b13,SP2,2021/22,2021-10-17 16:15:00+00:00,1x2,A,Max,cb_xg,0.0260027,0.402196,2.65,0.334798,False,-0.157744,0.25,False,False
1e8740021fe6146e,E3,2021/22,2021-10-19 18:45:00+00:00,1x2,H,Max,cb_xg,0.0206878,0.423522,2.5,0.416242,False,0.0031372,0.25,False,False
d59be5fe5f31de11,E0,2021/22,2021-10-22 19:00:00+00:00,1x2,H,Max,cb_xg,0.0390435,0.513209,2.09,0.48268,True,-0.0230301,0.25,True,True
03ba7b090f898e57,P1,2021/22,2021-10-22 19:15:00+00:00,1x2,H,Max,cb_xg,0.0461667,0.627424,1.71,0.648445,True,0.0780869,0.25,False,False
8e61c8b269d9379d,I1,2021/22,2021-10-23 18:45:00+00:00,1x2,D,Max,cb_xg,0.0236592,0.275429,3.89,0.279108,False,0.0366514,0.25,True,True
45d006068e369a18,I1,2021/22,2021-10-26 18:45:00+00:00,1x2,H,Max,cb_xg,0.0301533,0.591159,1.79,0.580273,True,0.0111223,0.25,True,True
6c802493549282c6,SP1,2021/22,2021-10-26 19:30:00+00:00,1x2,H,Max,cb_xg,0.0602423,0.745075,1.45,0.76228,False,0.0813263,0.25,True,True
1baf63fe1303cad2,D1,2021/22,2021-10-30 13:30:00+00:00,1x2,H,Max,cb_xg,0.0302389,0.714551,1.47,0.682503,True,-0.0160959,0.25,True,True
d75338af0ef54c8a,SC0,2021/22,2021-10-30 14:00:00+00:00,1x2,H,Max,cb_xg,0.0348513,0.475794,2.25,0.495227,False,0.0742898,0.25,False,False
b1ff37942a696fb7,SP2,2021/22,2021-11-04 18:00:00+00:00,1x2,H,Max,cb_xg,0.036938,0.614955,1.73,0.577998,True,-0.0257067,0.25,False,False
31ce7878acfae385,E1,2021/22,2021-11-06 15:00:00+00:00,1x2,H,Max,cb_xg,0.0210684,0.592336,1.77,0.643625,True,0.103893,0.25,False,False
f18011af4e623ab9,G1,2021/22,2021-11-07 17:30:00+00:00,1x2,H,Max,cb_xg,0.0451821,0.8868,1.19,0.881572,True,0.038279,0.25,True,True
7e59e1cc4680e233,D2,2021/22,2021-11-20 12:30:00+00:00,1x2,H,Max,cb_xg,0.0342907,0.574925,1.85,0.561377,True,0.00986883,0.25,True,True
67b3692638012150,F1,2021/22,2021-11-20 16:00:00+00:00,1x2,H,Max,cb_xg,0.0230875,0.803935,1.29,0.832236,True,0.0574226,0.25,True,True
257460a0d79e61d3,E1,2021/22,2021-11-27 15:00:00+00:00,1x2,D,Max,cb_xg,0.0204035,0.301217,3.54,0.292604,False,-0.00881409,0.25,False,False
c55a0b8dafe5832f,G1,2021/22,2021-11-28 13:00:00+00:00,1x2,H,Max,cb_xg,0.0228271,0.854207,1.21,0.826793,True,-0.0100478,0.25,True,True
45c588f46d0e2fbb,G1,2021/22,2021-11-28 17:30:00+00:00,1x2,H,Max,cb_xg,0.0230186,0.695931,1.5,0.699413,True,0.0277491,0.25,True,True
3726ae6a034c753f,D2,2021/22,2021-12-03 17:30:00+00:00,1x2,H,Max,cb_xg,0.0203095,0.694088,1.5,0.674997,True,-0.00778438,0.25,True,True
b88a3a54aad4747f,SP1,2021/22,2021-12-04 17:30:00+00:00,1x2,H,Max,cb_xg,0.0248624,0.744813,1.4,0.732598,False,0.00802287,0.25,True,True
2205e5c35a61190c,SP2,2021/22,2021-12-11 17:15:00+00:00,1x2,H,Max,cb_xg,0.024503,0.581641,1.81,0.604237,True,0.0623204,0.25,False,False
b641cf6dc4bae4f1,G1,2021/22,2021-12-19 13:00:00+00:00,1x2,H,Max,cb_xg,0.0342052,0.870543,1.2,0.84916,True,0.00876368,0.25,True,True
7b04bc0509d542bd,G1,2021/22,2021-12-20 17:30:00+00:00,1x2,H,Max,cb_xg,0.0259459,0.711573,1.47,0.693769,True,0.00027681,0.25,True,True
4376d4283b2b4090,SP1,2021/22,2021-12-21 18:00:00+00:00,1x2,H,Max,cb_xg,0.0349703,0.722543,1.46,0.70602,True,0.0112397,0.25,True,True
fd463c6e041fa9cf,D1,2021/22,2022-01-09 14:30:00+00:00,1x2,D,Max,cb_xg,0.0228516,0.286064,3.74,0.279353,False,-0.0011463,0.25,True,True
3d372112e0338ce3,G1,2021/22,2022-01-22 17:30:00+00:00,1x2,A,Max,cb_xg,0.0204639,0.539072,1.95,0.586719,True,0.104954,0.25,True,True
f7e2cc2f26e9906a,E3,2021/22,2022-01-29 15:00:00+00:00,1x2,H,Max,cb_xg,0.0222905,0.642062,1.63,0.650283,True,0.0347684,0.25,False,False
3e4886adbedc8080,D1,2021/22,2022-02-05 17:30:00+00:00,1x2,H,Max,cb_xg,0.0413904,0.708429,1.5,0.69601,True,0.0228718,0.25,True,True
1b3db81c808ae136,E0,2021/22,2022-02-08 19:45:00+00:00,1x2,H,Max,cb_xg,0.0214295,0.641521,1.63,0.639165,True,0.0175246,0.25,True,True
c46db364f21e0fb5,E0,2021/22,2022-02-08 20:00:00+00:00,1x2,A,Max,cb_xg,0.0280958,0.609712,1.73,0.632564,False,0.0645033,0.25,True,True
2d324194f377d0ac,D1,2021/22,2022-02-11 19:30:00+00:00,1x2,H,Max,cb_xg,0.0219295,0.682105,1.53,0.677681,True,0.0151856,0.25,True,True
73fb16fa51792e6f,F1,2021/22,2022-02-11 20:00:00+00:00,1x2,H,Max,cb_xg,0.0563281,0.640742,1.69,0.632503,True,0.0418564,0.25,True,True
4551dc126ec1e8ce,F1,2021/22,2022-02-18 20:00:00+00:00,1x2,H,Max,cb_xg,0.036052,0.628444,1.69,0.620455,False,0.0226242,0.25,True,True
f554e7969260cef1,G1,2021/22,2022-02-20 17:30:00+00:00,1x2,H,Max,cb_xg,0.0219586,0.634363,1.65,0.720651,True,0.149255,0.25,True,True
a9d50db7eb9ad9f7,I1,2021/22,2022-02-25 17:45:00+00:00,1x2,H,Max,cb_xg,0.0560881,0.663289,1.63,0.65845,False,0.0472502,0.25,True,True
c2e0d0dd18f47ef6,I1,2021/22,2022-02-25 20:00:00+00:00,1x2,A,Max,cb_xg,0.0637349,0.733004,1.48,0.738989,False,0.0699191,0.25,True,True
7fead3867b34c6fb,F1,2021/22,2022-02-27 12:00:00+00:00,1x2,H,Max,cb_xg,0.0283795,0.68641,1.53,0.677286,False,0.0146026,0.25,True,True
d8c67709f7f8663d,T1,2021/22,2022-03-04 17:00:00+00:00,1x2,A,Max,cb_xg,0.0459875,0.552555,1.95,0.565696,False,0.0684652,0.25,False,False
c55cf07e6cdb14c3,E1,2021/22,2022-03-04 19:45:00+00:00,1x2,H,Max,cb_xg,0.0325336,0.626309,1.69,0.631496,True,0.0402628,0.25,False,False
4f23769c3196b3e0,F1,2021/22,2022-03-05 16:00:00+00:00,1x2,H,Max,cb_xg,0.042776,0.573647,1.87,0.641284,False,0.153344,0.25,True,True
f2c703cd1cd86918,D2,2021/22,2022-03-11 17:30:00+00:00,1x2,H,Max,cb_xg,0.0370451,0.643728,1.65,0.575079,False,-0.0763931,0.25,True,True
70dc58e2405dae71,I2,2021/22,2022-04-02 12:00:00+00:00,1x2,D,Max,cb_xg,0.0216127,0.317429,3.36,0.320142,True,0.0298952,0.25,False,False
d1e9f3708d3d0893,E1,2021/22,2022-04-05 18:45:00+00:00,1x2,A,Max,cb_xg,0.0262192,0.55876,1.89,0.51662,False,-0.052532,0.25,False,False
cdf83aa242298229,E0,2021/22,2022-04-06 18:30:00+00:00,1x2,H,Max,cb_xg,0.021098,0.386048,2.75,0.37864,True,0.00150109,0.25,True,True
cd40f1f090f1ea33,P1,2021/22,2022-04-08 19:15:00+00:00,1x2,H,Max,cb_xg,0.0394979,0.57782,1.85,0.565235,False,0.016718,0.25,False,False
3672e45ea15a460e,SP1,2021/22,2022-04-19 17:00:00+00:00,1x2,H,Max,cb_xg,0.0372068,0.491754,2.18,0.513129,True,0.0790808,0.25,True,True
1951d26976e48756,E2,2021/22,2022-04-19 18:45:00+00:00,1x2,H,Max,cb_xg,0.0271963,0.819266,1.27,0.821888,True,0.0300279,0.25,False,False
b6630d5313b86164,E0,2021/22,2022-04-19 19:00:00+00:00,1x2,H,Max,cb_xg,0.038653,0.702077,1.51,0.737982,True,0.0878002,0.25,True,True
8a7683206c785882,SP1,2021/22,2022-04-19 19:00:00+00:00,1x2,H,Max,cb_xg,0.0275338,0.637824,1.65,0.667974,False,0.0733497,0.25,True,True
8ddc620225a1ff1b,SP1,2021/22,2022-04-19 19:30:00+00:00,1x2,H,Max,cb_xg,0.0411032,0.682064,1.56,0.733945,True,0.113591,0.25,True,True
9f829599c1f38e6d,E3,2021/22,2022-04-22 18:45:00+00:00,1x2,H,Max,cb_xg,0.0230329,0.587073,1.79,0.629518,False,0.0925775,0.25,False,False
91ba4a6b5d3c51bc,D1,2021/22,2022-04-29 18:30:00+00:00,1x2,H,Max,cb_xg,0.0435212,0.779678,1.36,0.78547,False,0.0500014,0.25,True,True
065d34d866453216,F1,2021/22,2022-04-29 19:00:00+00:00,1x2,A,Max,cb_xg,0.0399624,0.497494,2.16,0.47054,False,-0.0165197,0.25,True,True
b63f65434647c14d,SP1,2021/22,2022-04-29 19:00:00+00:00,1x2,H,Max,cb_xg,0.031545,0.598413,1.77,0.632964,False,0.0871902,0.25,True,True
f0416d720286c82c,E1,2021/22,2022-04-30 14:00:00+00:00,1x2,H,Max,cb_xg,0.0349695,0.665746,1.59,0.662066,True,0.0288281,0.25,False,False
39d3ddaa3d7eec3c,T1,2021/22,2022-05-06 17:00:00+00:00,1x2,H,Max,cb_xg,0.033986,0.551695,1.93,0.581986,False,0.0868736,0.25,False,False
a39b5b8b76ccb039,SP1,2021/22,2022-05-06 19:00:00+00:00,1x2,A,Max,cb_xg,0.0282671,0.451311,2.36,0.439324,False,0.000956272,0.25,True,True
8d7f5b4cb5f7b353,E0,2021/22,2022-05-10 19:00:00+00:00,1x2,A,Max,cb_xg,0.047385,0.68618,1.56,0.642082,True,-0.0201275,0.25,True,True
3e4ca638bb5213c4,P1,2021/22,2022-05-13 19:15:00+00:00,1x2,A,Max,cb_xg,0.0203506,0.618919,1.69,0.503205,True,-0.18683,0.25,False,False
1072483337cb2260,SC0,2021/22,2022-05-14 11:15:00+00:00,1x2,H,Max,cb_xg,0.0292465,0.852872,1.22,0.845922,True,0.0206443,0.25,False,False
d751e5a0ea610b2d,T1,2021/22,2022-05-20 17:00:00+00:00,1x2,H,Max,cb_xg,0.0231268,0.522323,2.02,0.539535,True,0.0552843,0.25,False,False
7131bd5ed27a9cdf,E0,2021/22,2022-05-22 15:00:00+00:00,1x2,H,Max,cb_xg,0.0296643,0.853219,1.22,0.838155,True,0.0114198,0.25,True,True
b2884a812bbf270b,D2,2021/22,2021-07-24 11:30:00+00:00,ou25,under,Max,cb_goals,0.00210644,0.449093,2.31,0.513669,True,0.136453,0.25,False,False
be047fc9d047416b,D2,2021/22,2021-07-24 18:30:00+00:00,ou25,over,Max,cb_goals,0.00173152,0.597407,1.72,0.556145,False,-0.0698385,0.25,False,False
92530354eeda4ca9,B1,2021/22,2021-07-31 14:15:00+00:00,ou25,over,Max,cb_goals,0.00304749,0.524661,1.97,0.450832,False,-0.148614,0.25,False,False
160ac093a5b3c866,F2,2021/22,2021-08-02 18:45:00+00:00,ou25,under,Max,cb_goals,0.0084363,0.55764,1.86,0.5,False,-0.100705,0.25,False,False
23167a37726f82c1,B1,2021/22,2021-08-06 18:45:00+00:00,ou25,over,Max,cb_goals,0.0240823,0.635681,1.65,0.556884,False,-0.108543,0.25,False,False
2b4d941d471d9a0d,N1,2021/22,2021-08-13 18:00:00+00:00,ou25,under,Max,cb_goals,0.00444505,0.533258,1.94,0.5,True,-0.0599623,0.25,False,False
cd07a24df02b3d3c,E0,2021/22,2021-08-13 19:00:00+00:00,ou25,under,Max,cb_goals,0.005186,0.564648,1.83,0.605053,True,0.074286,0.25,False,False
3697dbdb8d17d981,F2,2021/22,2021-08-14 17:00:00+00:00,ou25,under,Max,cb_goals,0.0165292,0.613106,1.7,0.628791,True,0.0416558,0.25,False,False
18fabe867c6c09cb,D2,2021/22,2021-08-14 18:30:00+00:00,ou25,over,Max,cb_goals,0.012424,0.554085,1.88,0.526719,False,-0.038304,0.25,False,False
fe0bffc90cb7e772,D2,2021/22,2021-08-15 11:30:00+00:00,ou25,over,Max,cb_goals,0.0188789,0.566358,1.85,0.5627,True,0.0122216,0.25,False,False
80829ee3c2f6194c,P1,2021/22,2021-08-16 20:15:00+00:00,ou25,under,Max,cb_goals,0.000602862,0.659593,1.55,0.684509,False,0.0376817,0.25,False,False
e93ea6893e8466f8,E1,2021/22,2021-08-21 14:00:00+00:00,ou25,over,Max,cb_goals,0.0011904,0.460317,2.25,0.49191,True,0.0675686,0.25,False,False
0a5ede5bd4a8b7e0,SC0,2021/22,2021-08-21 14:00:00+00:00,ou25,under,Max,cb_goals,0.00289446,0.588208,1.75,0.598221,False,0.0197693,0.25,False,False
06c9edfaecc6d9ae,B1,2021/22,2021-08-21 16:30:00+00:00,ou25,over,Max,cb_goals,0.00276406,0.581717,1.77,0.623636,True,0.0723431,0.25,False,False
2e9157ef7557f8c2,SP1,2021/22,2021-08-21 17:30:00+00:00,ou25,under,Max,cb_goals,0.0158014,0.564648,1.85,0.588763,True,0.0575,0.25,False,False
bc2a838177fffc4f,D2,2021/22,2021-08-22 11:30:00+00:00,ou25,over,Max,cb_goals,0.00953809,0.612361,1.69,0.668378,True,0.097025,0.25,False,False
4cbad1dc1c855a63,N1,2021/22,2021-08-22 12:30:00+00:00,ou25,over,Max,cb_goals,0.00517772,0.67516,1.52,0.691487,False,0.0290594,0.25,False,False
7a7e1ebccba01838,B1,2021/22,2021-08-22 14:00:00+00:00,ou25,over,Max,cb_goals,0.00595443,0.571111,1.81,0.597407,True,0.0509518,0.25,False,False
95b03103ebd7e140,SC0,2021/22,2021-08-22 14:00:00+00:00,ou25,under,Max,cb_goals,0.0025424,0.611605,1.68,0.62504,True,0.0242679,0.25,False,False
b9b6986f88ee2918,N1,2021/22,2021-08-27 18:00:00+00:00,ou25,over,Max,cb_goals,0.0291654,0.572076,1.85,0.586188,True,0.0531156,0.25,False,False
614ffef29c902981,P1,2021/22,2021-08-27 20:15:00+00:00,ou25,under,Max,cb_goals,0.0265316,0.65635,1.6,0.64704,False,0.0119002,0.25,False,False
19df76a4a48f0fb8,D2,2021/22,2021-08-28 11:30:00+00:00,ou25,over,Max,cb_goals,0.0103555,0.609382,1.7,0.579585,True,-0.0398315,0.25,False,False
5ef75363cb0e17fb,B1,2021/22,2021-08-28 16:30:00+00:00,ou25,over,Max,cb_goals,0.00202957,0.490374,2.11,0.411792,False,-0.172622,0.25,False,False
a967d80b42c98e0f,D1,2021/22,2021-08-28 16:30:00+00:00,ou25,over,Max,cb_goals,0.00591847,0.778936,1.31,0.786731,True,0.0158584,0.25,False,False
e86b63ef9c287d4d,I1,2021/22,2021-08-28 16:30:00+00:00,ou25,over,Max,cb_goals,0.0143837,0.637096,1.63,0.65635,True,0.0440558,0.25,False,False
f156390c78bba3b5,F2,2021/22,2021-08-28 17:00:00+00:00,ou25,under,Max,cb_goals,0.00500284,0.613106,1.68,0.620588,True,0.0171199,0.25,False,False
27344d1abbcd99c4,SP1,2021/22,2021-08-28 17:30:00+00:00,ou25,under,Max,cb_goals,0.0045633,0.592453,1.74,0.619007,True,0.048398,0.25,False,False
89485cd9405a457e,N1,2021/22,2021-08-28 18:00:00+00:00,ou25,over,Max,cb_goals,0.00651577,0.607066,1.7,0.631886,True,0.0465656,0.25,False,False
196275ce3c97fd4d,P1,2021/22,2021-08-28 19:30:00+00:00,ou25,under,Max,cb_goals,0.00590002,0.48778,2.13,0.532119,True,0.0928844,0.25,False,False
a5ea707bcf4fe734,D2,2021/22,2021-08-29 11:30:00+00:00,ou25,over,Max,cb_goals,0.0148962,0.591983,1.76,0.605659,False,0.0376251,0.25,False,False
da861d3b46c0b5ef,N1,2021/22,2021-08-29 12:30:00+00:00,ou25,over,Max,cb_goals,0.00511021,0.715788,1.43,0.80574,True,0.123474,0.25,False,False
ceff90a112263259,I1,2021/22,2021-08-29 16:30:00+00:00,ou25,over,Max,cb_goals,0.0319433,0.622402,1.7,0.502661,True,-0.182226,0.25,False,False
f70fef31b7588c0f,I1,2021/22,2021-08-29 18:45:00+00:00,ou25,over,Max,cb_goals,0.0101264,0.627018,1.65,0.596947,True,-0.0390721,0.25,False,False
efb4c507ca44f302,P1,2021/22,2021-08-29 19:30:00+00:00,ou25,under,Max,cb_goals,0.00209403,0.607845,1.69,0.634535,True,0.0450642,0.25,False,False
f35be86f1f7708b4,P1,2021/22,2021-08-29 19:30:00+00:00,ou25,under,Max,cb_goals,0.0102616,0.619868,1.67,0.622707,True,0.014778,0.25,False,False
4022ddd31f09a767,I2,2021/22,2021-09-10 18:30:00+00:00,ou25,over,Max,cb_goals,0.00938054,0.522833,1.99,0.5513,False,0.0623539,0.25,False,False
dd5cbacb5cc6dfe9,E1,2021/22,2021-09-11 14:00:00+00:00,ou25,under,Max,cb_goals,0.0063513,0.568303,1.82,0.56926,False,0.00801359,0.25,False,False
7181c608f07f822b,B1,2021/22,2021-09-11 14:15:00+00:00,ou25,over,Max,cb_goals,0.00187557,0.600861,1.71,0.623636,False,0.0390774,0.25,False,False
17346223a70ec732,P1,2021/22,2021-09-11 14:30:00+00:00,ou25,under,Max,cb_goals,0.00669096,0.565493,1.83,0.529415,True,-0.0592568,0.25,False,False
c72f0d0c0f2a3b58,D2,2021/22,2021-09-12 11:30:00+00:00,ou25,over,Max,cb_goals,0.00437454,0.630809,1.63,0.56171,False,-0.111653,0.25,False,False
fc0c0f994ad80e78,T1,2021/22,2021-09-12 14:00:00+00:00,ou25,under,Max,cb_goals,0.0130328,0.502696,2.08,0.509379,True,0.0261558,0.25,False,False
fd3516b02e0b376c,T1,2021/22,2021-09-12 17:00:00+00:00,ou25,under,Max,cb_goals,0.00543755,0.539166,1.92,0.539166,False,0.00542282,0.25,False,False
a2b54e193f31f954,B1,2021/22,2021-09-13 18:00:00+00:00,ou25,under,Max,cb_goals,0.00635882,0.475011,2.19,0.514942,True,0.0870536,0.25,False,False
b1fa92ae35563ea1,P1,2021/22,2021-09-13 18:00:00+00:00,ou25,under,Max,cb_goals,0.0148986,0.619143,1.68,0.616845,False,0.0110702,0.25,False,False
c24c6fe84c5873a9,D2,2021/22,2021-09-17 16:30:00+00:00,ou25,over,Max,cb_goals,0.0122966,0.5627,1.85,0.606432,True,0.0870689,0.25,False,False
b3151093665d549a,F2,2021/22,2021-09-18 13:00:00+00:00,ou25,under,Max,cb_goals,0.0144672,0.588506,1.77,0.604878,True,0.0418033,0.25,False,False
ae8b49bdebc53a86,E1,2021/22,2021-09-18 14:00:00+00:00,ou25,under,Max,cb_goals,0.0263062,0.601939,1.75,0.598221,True,0.0197693,0.25,False,False
7efbdd9a478e5669,SC0,2021/22,2021-09-18 14:00:00+00:00,ou25,under,Max,cb_goals,0.0171122,0.529415,1.98,0.524029,False,0.00674109,0.25,False,False
d4bfea3c4eb276a9,N1,2021/22,2021-09-18 18:00:00+00:00,ou25,over,Max,cb_goals,0.0174784,0.817646,1.26,0.862938,True,0.0712411,0.25,False,False
4b0d68949240bbad,N1,2021/22,2021-09-18 19:00:00+00:00,ou25,over,Max,cb_goals,0.00122494,0.640169,1.6,0.657316,True,0.0276559,0.25,False,False
66b8806bf0f091d6,N1,2021/22,2021-09-19 12:30:00+00:00,ou25,over,Max,cb_goals,0.00318084,0.622707,1.65,0.59078,True,-0.0494562,0.25,False,False
66126d9b0b5774c2,E0,2021/22,2021-09-19 13:00:00+00:00,ou25,over,Max,cb_goals,0.0170904,0.465615,2.26,0.46245,True,0.0101254,0.25,False,False
69ae6c9adf282ce1,T1,2021/22,2021-09-19 16:00:00+00:00,ou25,over,Max,cb_goals,0.0125898,0.540278,1.93,0.518665,True,-0.0283147,0.25,False,False
6c630737aa559650,F2,2021/22,2021-09-21 18:00:00+00:00,ou25,under,Max,cb_goals,0.0270799,0.524341,2.02,0.573976,True,0.117164,0.25,False,False
82b6aadac57668b9,F2,2021/22,2021-09-21 18:00:00+00:00,ou25,over,Max,cb_goals,0.00821814,0.473787,2.2,0.476869,True,0.0146691,0.25,False,False
ba78a6dbff723281,N1,2021/22,2021-09-22 19:00:00+00:00,ou25,over,Max,cb_goals,0.0082003,0.640778,1.61,0.667845,True,0.0495401,0.25,False,False
06d0e0bf70a3243a,E0,2021/22,2021-09-25 11:30:00+00:00,ou25,under,Max,cb_goals,0.00028101,0.561892,1.83,0.551674,True,-0.0180728,0.25,False,False
e741db91d6703b50,E1,2021/22,2021-09-25 14:00:00+00:00,ou25,under,Max,cb_goals,0.00388047,0.555121,1.86,0.53483,True,-0.0333642,0.25,False,False
5363424065994350,B1,2021/22,2021-09-25 14:15:00+00:00,ou25,over,Max,cb_goals,0.00782768,0.584655,1.77,0.566358,True,-0.0239969,0.25,False,False
a59947f5ca0ef84a,SC0,2021/22,2021-09-26 11:00:00+00:00,ou25,under,Max,cb_goals,0.000914984,0.6213,1.65,0.6213,False,0.000914566,0.25,False,False
4f21d6c100139b93,F1,2021/22,2021-09-26 13:00:00+00:00,ou25,under,Max,cb_goals,0.00527661,0.589605,1.75,0.547901,True,-0.0680955,0.25,False,False
318b4fb48f18e50d,E1,2021/22,2021-09-28 18:45:00+00:00,ou25,under,Max,cb_goals,0.00923606,0.630142,1.64,0.56926,True,-0.0924147,0.25,False,False
edd3cc95b1ae2a7f,E1,2021/22,2021-09-28 18:45:00+00:00,ou25,under,Max,cb_goals,0.00453616,0.579585,1.78,0.541918,True,-0.0626704,0.25,False,False
a411583e30376e8a,E1,2021/22,2021-09-29 18:45:00+00:00,ou25,under,Max,cb_goals,0.00205297,0.622007,1.65,0.625732,False,0.00802178,0.25,False,False
a9b4591fd582a973,D1,2021/22,2021-10-01 18:30:00+00:00,ou25,over,Max,cb_goals,0.00746533,0.651997,1.58,0.681107,True,0.0511181,0.25,False,False
28307873ac575991,SP2,2021/22,2021-10-01 19:00:00+00:00,ou25,over,Max,cb_goals,0.00897169,0.426988,2.45,0.398061,True,-0.0612183,0.25,True,True
5a70cc9c56c8116d,E2,2021/22,2021-10-02 14:00:00+00:00,ou25,under,Max,cb_goals,0.00451592,0.561308,1.84,0.539683,False,-0.034782,0.25,False,False
86bd48341500d06c,P1,2021/22,2021-10-02 14:30:00+00:00,ou25,under,Max,cb_goals,0.00496006,0.586188,1.76,0.5627,True,-0.0359462,0.25,False,False
90e06a94d96ca9dc,I1,2021/22,2021-10-03 13:00:00+00:00,ou25,over,Max,cb_goals,0.00657177,0.596947,1.73,0.605053,True,0.0200377,0.25,False,False
a905c32eb5ee5a00,SP1,2021/22,2021-10-03 16:30:00+00:00,ou25,under,Max,cb_goals,0.0069226,0.659672,1.56,0.675318,True,0.0303404,0.25,False,False
9c288b283c216dfd,SP2,2021/22,2021-10-10 16:15:00+00:00,ou25,under,Max,cb_goals,0.0253391,0.647801,1.62,0.630809,False,-0.00155628,0.25,True,True
add0c1de7b1a78d4,SP2,2021/22,2021-10-11 19:00:00+00:00,ou25,under,Max,cb_goals,0.0192581,0.643959,1.62,0.61089,True,-0.0336424,0.25,True,True
be23d1c6a4262255,D2,2021/22,2021-10-17 11:30:00+00:00,ou25,under,Max,cb_goals,0.00444504,0.533258,1.94,0.545766,True,0.0276205,0.25,False,False
601828f02ab584d2,E0,2021/22,2021-10-17 13:00:00+00:00,ou25,under,Max,cb_goals,0.0217,0.5,2.11,0.519876,True,0.060451,0.25,False,False
b38612323312e889,T1,2021/22,2021-10-17 13:00:00+00:00,ou25,over,Max,cb_goals,0.00240956,0.543017,1.9,0.54684,False,0.00942159,0.25,False,False
6bcb94ef9a73b7a7,SP1,2021/22,2021-10-17 14:15:00+00:00,ou25,under,Max,cb_goals,0.0146218,0.582246,1.79,0.577658,True,0.00660563,0.25,False,False
7362de23f3cc0c77,D1,2021/22,2021-10-17 15:30:00+00:00,ou25,under,Max,cb_goals,0.000632792,0.580481,1.77,0.554409,True,-0.0453206,0.25,False,False
83650578c50bee10,T1,2021/22,2021-10-18 17:00:00+00:00,ou25,over,Max,cb_goals,0.00107257,0.534133,1.93,0.559922,True,0.0482235,0.25,False,False
ea096d789e4b0c3d,E3,2021/22,2021-10-19 18:45:00+00:00,ou25,under,Max,cb_goals,0.0037819,0.612361,1.68,0.611605,False,0.00253917,0.25,False,False
997bf83b5f8fa1d2,SP2,2021/22,2021-10-22 19:00:00+00:00,ou25,under,Max,cb_goals,0.000505337,0.556145,1.85,0.573012,False,0.030383,0.25,True,True
709c53cbf2789070,D2,2021/22,2021-10-23 11:30:00+00:00,ou25,under,Max,cb_goals,0.00710638,0.443855,2.35,0.412945,False,-0.0651011,0.25,False,False
a67f5d4a60c22017,D2,2021/22,2021-10-23 11:30:00+00:00,ou25,under,Max,cb_goals,0.00133517,0.518665,1.99,0.5513,False,0.0623539,0.25,False,False
16ffc8ec62a7540f,E0,2021/22,2021-10-23 14:00:00+00:00,ou25,under,Max,cb_goals,0.00952627,0.535956,1.94,0.522541,False,-0.0158673,0.25,False,False
ad07d71d7ea78f22,F1,2021/22,2021-10-23 15:00:00+00:00,ou25,under,Max,cb_goals,0.0139714,0.525211,1.99,0.558161,False,0.0747227,0.25,False,False
da74795a57cdd757,D2,2021/22,2021-10-23 18:30:00+00:00,ou25,under,Max,cb_goals,0.00500813,0.470201,2.21,0.513492,False,0.0930702,0.25,False,False
3ae57442d040bfe2,I1,2021/22,2021-10-24 10:30:00+00:00,ou25,over,Max,cb_goals,0.00141196,0.636464,1.61,0.632776,False,-0.00440025,0.25,False,False
dbca500b34cbb5da,E0,2021/22,2021-10-24 13:00:00+00:00,ou25,over,Max,cb_goals,0.00621062,0.518665,2,0.517217,True,0.00339484,0.25,False,False
f4fbd1db235b6749,E0,2021/22,2021-10-24 15:30:00+00:00,ou25,over,Max,cb_goals,0.0160187,0.623401,1.67,0.643282,True,0.0472849,0.25,False,False
16a082680b4aaee4,D1,2021/22,2021-10-24 17:30:00+00:00,ou25,under,Max,cb_goals,0.00832293,0.471752,2.21,0.452099,True,-0.034264,0.25,False,False
45ea37e8a6a8b33e,I2,2021/22,2021-10-28 18:30:00+00:00,ou25,over,Max,cb_goals,0.00240956,0.543017,1.9,0.522833,False,-0.0354729,0.25,False,False
c60c4f1795969cc6,D2,2021/22,2021-10-29 16:30:00+00:00,ou25,under,Max,cb_goals,0.0115166,0.497304,2.1,0.5,True,0.0168571,0.25,False,False
03451854c6228624,I1,2021/22,2021-10-30 13:00:00+00:00,ou25,over,Max,cb_goals,0.00544073,0.627773,1.64,0.627773,True,0.00542599,0.25,False,False
78aab77d433029aa,F2,2021/22,2021-10-30 17:00:00+00:00,ou25,under,Max,cb_goals,0.00346535,0.61927,1.66,0.614622,True,-0.00407461,0.25,False,False
bcc1896d7ac8a6a5,F2,2021/22,2021-10-30 17:00:00+00:00,ou25,under,Max,cb_goals,0.00824888,0.604683,1.71,0.588208,True,-0.0194093,0.25,False,False
6a855b65986a0e23,I1,2021/22,2021-10-31 19:45:00+00:00,ou25,over,Max,cb_goals,0.0011212,0.568367,1.81,0.547901,True,-0.0355517,0.25,False,False
b0314faa722db9b4,SP2,2021/22,2021-11-02 18:00:00+00:00,ou25,under,Max,cb_goals,0.00106331,0.62504,1.64,0.575836,True,-0.0809288,0.25,True,True
d126e33406951603,SP2,2021/22,2021-11-02 18:00:00+00:00,ou25,over,Max,cb_goals,4.97658e-05,0.467881,2.21,0.467881,False,4.97708e-05,0.25,True,True
634bb0ee77c34fe3,E1,2021/22,2021-11-03 19:45:00+00:00,ou25,under,Max,cb_goals,0.00582904,0.513492,2.02,0.556145,False,0.0856063,0.25,False,False
9d978d3bf43b18a7,SP2,2021/22,2021-11-04 18:00:00+00:00,ou25,under,Max,cb_goals,0.0165747,0.657892,1.58,0.68843,True,0.0618113,0.25,True,True
d1e1edfea96c0532,I2,2021/22,2021-11-06 13:00:00+00:00,ou25,under,Max,cb_goals,0.00519702,0.474463,2.19,0.478656,True,0.0139815,0.25,False,False
5e2e02f3b5542e49,D1,2021/22,2021-11-06 14:30:00+00:00,ou25,over,Max,cb_goals,0.000145028,0.785907,1.29,0.785907,True,0.000145018,0.25,False,False
7b7bf602cf660ff3,D1,2021/22,2021-11-06 14:30:00+00:00,ou25,under,Max,cb_goals,0.0179945,0.476277,2.21,0.461338,True,-0.0140342,0.25,False,False
2cc2029820e84749,B1,2021/22,2021-11-06 15:15:00+00:00,ou25,over,Max,cb_goals,0.000438678,0.671977,1.52,0.677202,False,0.00818427,0.25,False,False
0c9240a669a36957,SP2,2021/22,2021-11-07 13:00:00+00:00,ou25,under,Max,cb_goals,0.00207269,0.644586,1.59,0.673298,False,0.045651,0.25,True,True
fd6a48dabec87922,F1,2021/22,2021-11-07 14:00:00+00:00,ou25,under,Max,cb_goals,0.00801822,0.551674,1.88,0.592453,True,0.079301,0.25,False,False
4c9a695178ad98fe,F2,2021/22,2021-11-20 14:00:00+00:00,ou25,under,Max,cb_goals,0.0239999,0.566246,1.86,0.563526,False,0.0189001,0.25,False,False
919a20ec6ba7e26f,D1,2021/22,2021-11-20 14:30:00+00:00,ou25,under,Max,cb_goals,0.00801821,0.551674,1.88,0.544103,False,-0.00583143,0.25,False,False
496ac39301e2f6d2,E3,2021/22,2021-11-20 15:00:00+00:00,ou25,under,Max,cb_goals,0.00439227,0.592352,1.74,0.595755,True,0.010111,0.25,False,False
3dcb4cee73984abc,D1,2021/22,2021-11-20 17:30:00+00:00,ou25,under,Max,cb_goals,0.00216187,0.581368,1.77,0.608196,True,0.0472724,0.25,False,False
46f18c6a65264b61,F2,2021/22,2021-11-20 18:00:00+00:00,ou25,under,Max,cb_goals,0.0160007,0.599198,1.74,0.563526,True,-0.0455057,0.25,False,False
1e845983e0778fec,F1,2021/22,2021-11-21 14:00:00+00:00,ou25,under,Max,cb_goals,0.0305404,0.585069,1.81,0.522541,True,-0.0829432,0.25,False,False
43de29271700eea6,F1,2021/22,2021-11-21 16:00:00+00:00,ou25,under,Max,cb_goals,0.0232208,0.519876,2.03,0.472114,False,-0.0734158,0.25,False,False
be114eec85dc478c,N1,2021/22,2021-11-26 19:00:00+00:00,ou25,under,Max,cb_goals,0.0249381,0.473281,2.24,0.497304,False,0.0741439,0.25,False,False
7fede125d2ea7780,I2,2021/22,2021-11-27 13:00:00+00:00,ou25,under,Max,cb_goals,0.00391773,0.573012,1.8,0.517439,False,-0.0981051,0.25,False,False
824d3a94f968b4a8,D1,2021/22,2021-11-27 14:30:00+00:00,ou25,under,Max,cb_goals,0.00125357,0.523723,1.97,0.531709,False,0.0163854,0.25,False,False
96888007fbdf89ac,E3,2021/22,2021-11-27 15:00:00+00:00,ou25,under,Max,cb_goals,0.0019215,0.534586,1.93,0.589074,True,0.0989782,0.25,False,False
b57fec2c8311bc98,E3,2021/22,2021-11-27 15:00:00+00:00,ou25,under,Max,cb_goals,0.00340332,0.588506,1.75,0.616111,True,0.0492363,0.25,False,False
7982eda2691ee499,I2,2021/22,2021-11-27 15:15:00+00:00,ou25,under,Max,cb_goals,0.0119319,0.526719,1.98,0.509379,True,-0.0216127,0.25,False,False
4720ec3bf83d14c7,I1,2021/22,2021-11-27 17:00:00+00:00,ou25,under,Max,cb_goals,0.00223194,0.451049,2.3,0.427929,True,-0.0503906,0.25,False,False
85b1e81543fbbd2d,D2,2021/22,2021-11-28 12:30:00+00:00,ou25,over,Max,cb_goals,0.0100785,0.599027,1.73,0.57113,False,-0.0376601,0.25,False,False
92c2cc21dbfd98b3,E2,2021/22,2021-12-04 15:00:00+00:00,ou25,under,Max,cb_goals,0.00376455,0.473787,2.19,0.464715,True,-0.0155764,0.25,False,False
d42a94ef6eb33140,SP1,2021/22,2021-12-04 15:15:00+00:00,ou25,over,Max,cb_goals,0.0197229,0.651997,1.6,0.611634,False,-0.0443745,0.25,False,False
642bb541de83fb57,N1,2021/22,2021-12-05 13:30:00+00:00,ou25,under,Max,cb_goals,0.00874496,0.482561,2.16,0.482561,False,0.00870695,0.25,False,False
81099a7088a055a4,I1,2021/22,2021-12-06 19:45:00+00:00,ou25,under,Max,cb_goals,0.000946963,0.550636,1.87,0.561892,True,0.0211822,0.25,False,False
2d638ace531fd9d6,F1,2021/22,2021-12-10 20:00:00+00:00,ou25,under,Max,cb_goals,0.0113816,0.571144,1.82,0.585069,False,0.0354058,0.25,False,False
4a0d6230a66316ef,E1,2021/22,2021-12-11 12:30:00+00:00,ou25,under,Max,cb_goals,0.000287441,0.589931,1.74,0.591621,True,0.00314706,0.25,False,False
cbed021c132d7587,E0,2021/22,2021-12-11 15:00:00+00:00,ou25,over,Max,cb_goals,0.00071358,0.617572,1.66,0.669431,True,0.0813462,0.25,False,False
f835f19dc2392252,B1,2021/22,2021-12-11 17:30:00+00:00,ou25,under,Max,cb_goals,0.0243149,0.584655,1.8,0.603295,False,0.0554084,0.25,False,False
bef266808d2707b1,G1,2021/22,2021-12-12 17:30:00+00:00,ou25,over,Max,cb_goals,0.0178573,0.557058,1.88,0.459789,False,-0.174203,0.25,False,False
19f2413f4e78cf32,D1,2021/22,2021-12-19 16:30:00+00:00,ou25,over,Max,cb_goals,0.00578632,0.599825,1.72,0.600616,False,0.00708707,0.25,False,False
46549c53afc47fc6,G1,2021/22,2021-12-19 17:30:00+00:00,ou25,under,Max,cb_goals,0.00690434,0.580951,1.78,0.59534,True,0.0313474,0.25,False,False
81a333c9053800ef,N1,2021/22,2021-12-21 20:00:00+00:00,ou25,over,Max,cb_goals,0.0170024,0.580481,1.8,0.559922,False,-0.0192004,0.25,False,False
070c8dffe06d05ca,N1,2021/22,2021-12-22 17:45:00+00:00,ou25,over,Max,cb_goals,0.000928403,0.587055,1.75,0.634535,True,0.0787029,0.25,False,False
c616459fec250082,N1,2021/22,2021-12-22 20:00:00+00:00,ou25,over,Max,cb_goals,0.00736715,0.854715,1.19,0.84869,True,0.000265487,0.25,False,False
9bfa87db537ca3bd,E0,2021/22,2021-12-26 15:00:00+00:00,ou25,under,Max,cb_goals,0.00180325,0.518908,1.99,0.5,False,-0.0353163,0.25,False,False
3cd6f3ae3d3fa79e,SC0,2021/22,2021-12-26 15:00:00+00:00,ou25,over,Max,cb_goals,0.0047219,0.525537,1.97,0.532538,True,0.0179443,0.25,False,False
b1fea74d998242be,B1,2021/22,2021-12-27 20:00:00+00:00,ou25,over,Max,cb_goals,0.014033,0.59148,1.76,0.632964,True,0.0817216,0.25,False,False
ff53f8cfe0965de0,B1,2021/22,2021-12-27 20:00:00+00:00,ou25,over,Max,cb_goals,0.00167483,0.531787,1.94,0.513669,False,-0.0329909,0.25,False,False
961123b1ea1c71ae,E0,2021/22,2021-12-28 15:00:00+00:00,ou25,under,Max,cb_goals,0.0331771,0.568367,1.87,0.585929,False,0.0630695,0.25,False,False
f5fe7eb11cc485d5,P1,2021/22,2021-12-30 17:00:00+00:00,ou25,under,Max,cb_goals,0.000140993,0.61014,1.68,0.626418,False,0.0264711,0.25,False,False
9d9cdca25e27501d,SP2,2021/22,2021-12-31 15:15:00+00:00,ou25,over,Max,cb_goals,0.0218342,0.526719,2,0.512063,True,-0.00662014,0.25,True,True
672b0904ecd3a563,E0,2021/22,2022-01-02 14:00:00+00:00,ou25,under,Max,cb_goals,0.0148962,0.591983,1.76,0.600616,False,0.029263,0.25,False,False
ba4b83aa987d5c7b,SP1,2021/22,2022-01-03 20:15:00+00:00,ou25,under,Max,cb_goals,0.00693867,0.62504,1.65,0.623401,True,0.00428952,0.25,False,False
9dba7f13a6f2e35a,D1,2021/22,2022-01-08 14:30:00+00:00,ou25,over,Max,cb_goals,0.00227868,0.607957,1.69,0.605053,True,-0.00251332,0.25,False,False
cc272de78492d806,T1,2021/22,2022-01-14 17:00:00+00:00,ou25,over,Max,cb_goals,0.00926623,0.633882,1.63,0.617572,False,-0.016843,0.25,False,False
6d295dee56c695c0,E1,2021/22,2022-01-15 15:00:00+00:00,ou25,over,Max,cb_goals,0.00784188,0.512063,2.03,0.617572,True,0.19516,0.25,False,False
0c925996fc031ddf,E3,2021/22,2022-01-15 15:00:00+00:00,ou25,under,Max,cb_goals,0.0116499,0.56234,1.85,0.603295,True,0.0818814,0.25,False,False
adaee8c786ac98c2,I1,2021/22,2022-01-16 11:30:00+00:00,ou25,over,Max,cb_goals,0.00121556,0.636339,1.61,0.542464,True,-0.158394,0.25,False,False
3e874b40b9176ef8,G1,2021/22,2022-01-16 15:15:00+00:00,ou25,over,Max,cb_goals,0.0145151,0.541306,1.93,0.51941,True,-0.0268805,0.25,False,False
71a697ce5791c3ed,D1,2021/22,2022-01-16 16:30:00+00:00,ou25,under,Max,cb_goals,0.00859762,0.546369,1.9,0.554085,False,0.0225839,0.25,False,False
86fc9e9adbc73636,P1,2021/22,2022-01-16 20:30:00+00:00,ou25,under,Max,cb_goals,0.00209604,0.391383,2.66,0.454234,False,0.15102,0.25,False,False
819656ef574d53a7,SP1,2021/22,2022-01-18 19:00:00+00:00,ou25,over,Max,cb_goals,0.0136729,0.543583,1.92,0.521073,True,-0.0287111,0.25,False,False
868988c755c80388,F2,2021/22,2022-01-19 18:00:00+00:00,ou25,under,Max,cb_goals,0.0131718,0.600861,1.73,0.702183,True,0.168916,0.25,False,False
8099e9ab766d9576,SP1,2021/22,2022-01-19 20:30:00+00:00,ou25,under,Max,cb_goals,0.0148086,0.608617,1.71,0.604285,True,0.00755658,0.25,False,False
86123ae4b1d9858f,D2,2021/22,2022-01-21 17:30:00+00:00,ou25,over,Max,cb_goals,0.00244835,0.594501,1.73,0.594501,True,0.00244536,0.25,False,False
9c6ae542bd6348c7,E2,2021/22,2022-01-22 15:00:00+00:00,ou25,under,Max,cb_goals,0.0063639,0.56234,1.84,0.581543,True,0.039921,0.25,False,False
20f86ef9203b065b,E3,2021/22,2022-01-22 15:00:00+00:00,ou25,under,Max,cb_goals,0.00501893,0.579863,1.78,0.624341,True,0.0789108,0.25,False,False
bc6e320dc6f8fc44,E3,2021/22,2022-01-22 15:00:00+00:00,ou25,under,Max,cb_goals,0.00910411,0.575973,1.8,0.595755,True,0.0428323,0.25,False,False
5513829a62f5e130,I1,2021/22,2022-01-22 17:00:00+00:00,ou25,over,Max,cb_goals,0.00806813,0.732608,1.4,0.704663,True,-0.0308547,0.25,False,False
ad7346bcc5c9257d,F2,2021/22,2022-01-22 18:00:00+00:00,ou25,under,Max,cb_goals,0.00233193,0.584655,1.76,0.608617,True,0.0424977,0.25,False,False
f1166feac4e260c3,F2,2021/22,2022-01-22 18:00:00+00:00,ou25,under,Max,cb_goals,0.000496297,0.600034,1.71,0.56234,False,-0.0643829,0.25,False,False
89fa77954dd6a4f5,SP2,2021/22,2022-01-23 13:00:00+00:00,ou25,under,Max,cb_goals,0.00389451,0.605485,1.7,0.653152,False,0.0796671,0.25,True,True
2d643ab9316d5b2a,I1,2021/22,2022-01-23 14:00:00+00:00,ou25,over,Max,cb_goals,0.00596146,0.596585,1.73,0.588763,False,-0.00725347,0.25,False,False
4f20486c83867ca3,F1,2021/22,2022-01-23 16:05:00+00:00,ou25,under,Max,cb_goals,0.000178792,0.498643,2.07,0.497339,False,-0.00244124,0.25,False,False
4ceee59f761fd77d,F2,2021/22,2022-01-26 18:00:00+00:00,ou25,under,Max,cb_goals,0.0150553,0.59534,1.75,0.569208,True,-0.0299437,0.25,False,False
a84f1fa173dd8afb,E1,2021/22,2022-01-29 15:00:00+00:00,ou25,under,Max,cb_goals,0.000505337,0.556145,1.85,0.525537,True,-0.0561035,0.25,False,False
0643a430382ff97e,G1,2021/22,2022-01-30 15:15:00+00:00,ou25,over,Max,cb_goals,0.0022432,0.572057,1.8,0.57207,True,0.00226322,0.25,False,False
8fca3bf1baf240ed,P1,2021/22,2022-02-01 20:15:00+00:00,ou25,under,Max,cb_goals,0.0232808,0.635184,1.65,0.596947,False,-0.0390721,0.25,False,False
dc242502b3e6ad6f,P1,2021/22,2022-02-02 20:45:00+00:00,ou25,under,Max,cb_goals,0.0141579,0.446963,2.35,0.408017,False,-0.0771081,0.25,False,False
e2875cdad2d08d71,T1,2021/22,2022-02-04 17:00:00+00:00,ou25,under,Max,cb_goals,0.00462732,0.609382,1.69,0.599027,True,-0.0125229,0.25,False,False
64b4731bae3ea259,E3,2021/22,2022-02-05 15:00:00+00:00,ou25,under,Max,cb_goals,0.00689866,0.603873,1.71,0.645207,True,0.0730814,0.25,False,False
d750b42638f6a8f7,E3,2021/22,2022-02-05 15:00:00+00:00,ou25,under,Max,cb_goals,0.0124174,0.62844,1.65,0.663982,True,0.0673553,0.25,False,False
768566774f063ffd,N1,2021/22,2022-02-05 15:30:00+00:00,ou25,over,Max,cb_goals,0.00546489,0.606432,1.7,0.645207,True,0.0674279,0.25,False,False
2968d12b04128820,T1,2021/22,2022-02-05 16:00:00+00:00,ou25,under,Max,cb_goals,0.00715923,0.529415,1.96,0.579585,True,0.0976727,0.25,False,False
40db5f46532161e8,G1,2021/22,2022-02-05 17:30:00+00:00,ou25,under,Max,cb_goals,0.0151891,0.612297,1.7,0.592352,True,-0.018042,0.25,False,False
7acdf0ccd8e8a367,SP1,2021/22,2022-02-05 20:00:00+00:00,ou25,under,Max,cb_goals,0.00117719,0.640139,1.6,0.655781,True,0.0253185,0.25,False,False
08fa4b5d62083c9b,B1,2021/22,2022-02-06 15:00:00+00:00,ou25,over,Max,cb_goals,0.00386292,0.59534,1.73,0.636991,True,0.0714776,0.25,False,False
74ad216108cede03,D2,2021/22,2022-02-12 12:30:00+00:00,ou25,under,Max,cb_goals,0.00500813,0.470201,2.21,0.43074,False,-0.0826607,0.25,False,False
87b367cbb823bb5b,D2,2021/22,2022-02-12 12:30:00+00:00,ou25,under,Max,cb_goals,0.0140797,0.478656,2.19,0.443855,True,-0.0615025,0.25,False,False
c351ee961d988603,I2,2021/22,2022-02-12 13:00:00+00:00,ou25,under,Max,cb_goals,0.00724393,0.574911,1.8,0.517439,True,-0.0981051,0.25,False,False
ed4575902390e22e,E1,2021/22,2022-02-12 15:00:00+00:00,ou25,over,Max,cb_goals,0.0213504,0.463576,2.28,0.509379,True,0.115348,0.25,False,False
886882b4a38961b7,E2,2021/22,2022-02-12 15:00:00+00:00,ou25,over,Max,cb_goals,0.00940052,0.530593,1.96,0.556884,True,0.0577178,0.25,False,False
c5e42c4e1ae3afb3,E2,2021/22,2022-02-12 15:00:00+00:00,ou25,under,Max,cb_goals,0.0103068,0.53906,1.93,0.603295,True,0.122832,0.25,False,False
c74833d7073cca48,F1,2021/22,2022-02-12 16:00:00+00:00,ou25,under,Max,cb_goals,0.00152212,0.494677,2.09,0.544103,True,0.096756,0.25,False,False
1da79875e013ab41,SP1,2021/22,2022-02-12 20:00:00+00:00,ou25,under,Max,cb_goals,0.0114247,0.599825,1.73,0.596947,False,0.00655027,0.25,False,False
cf984ade462ff755,E2,2021/22,2022-02-13 12:00:00+00:00,ou25,under,Max,cb_goals,0.000922143,0.565237,1.82,0.580638,True,0.0278041,0.25,False,False
e97fbdac6c372a2c,I2,2021/22,2022-02-15 17:30:00+00:00,ou25,over,Max,cb_goals,0.00345215,0.514749,2.01,0.504018,False,-0.0176216,0.25,False,False
c7f64603f745987d,E3,2021/22,2022-02-19 14:00:00+00:00,ou25,under,Max,cb_goals,0.0195929,0.59148,1.77,0.628791,False,0.0805749,0.25,False,False
2e1d29a2bb15589f,E3,2021/22,2022-02-19 15:00:00+00:00,ou25,under,Max,cb_goals,0.00463195,0.555536,1.86,0.554085,True,0.00200523,0.25,False,False
145ca2ebc573bf7f,SP1,2021/22,2022-02-20 20:00:00+00:00,ou25,under,Max,cb_goals,0.00402015,0.616039,1.67,0.623401,False,0.0158917,0.25,False,False
faa6563153e1e54d,I2,2021/22,2022-02-26 13:00:00+00:00,ou25,under,Max,cb_goals,0.00728014,0.59078,1.75,0.609382,False,0.0382553,0.25,False,False
9a897be7b26cfcfa,E0,2021/22,2022-02-26 15:00:00+00:00,ou25,under,Max,cb_goals,0.0129295,0.594094,1.75,0.618293,True,0.0527718,0.25,False,False
45878f5751276784,SP2,2021/22,2022-02-26 17:15:00+00:00,ou25,under,Max,cb_goals,0.00324137,0.60168,1.71,0.617572,True,0.0293058,0.25,True,True
e6a27d367151b608,B1,2021/22,2022-02-26 17:30:00+00:00,ou25,under,Max,cb_goals,0.0167661,0.477804,2.2,0.470201,False,0.000588071,0.25,False,False
d27e82e9c433a040,T1,2021/22,2022-02-27 10:30:00+00:00,ou25,under,Max,cb_goals,0.000369388,0.539166,1.91,0.553384,False,0.0263977,0.25,False,False
083896ed0136ad94,E0,2021/22,2022-02-27 14:00:00+00:00,ou25,under,Max,cb_goals,0.00578631,0.599825,1.72,0.596947,True,0.000960005,0.25,False,False
cca8378314121228,I2,2021/22,2022-02-27 14:30:00+00:00,ou25,under,Max,cb_goals,0.00240956,0.543017,1.9,0.5513,True,0.0175442,0.25,False,False
a0c99718ad9fd2df,E3,2021/22,2022-03-05 12:30:00+00:00,ou25,under,Max,cb_goals,0.0106007,0.544681,1.91,0.569208,False,0.0545915,0.25,False,False
54a3f5ba488f39f0,E0,2021/22,2022-03-05 15:00:00+00:00,ou25,under,Max,cb_goals,0.00527661,0.589605,1.75,0.588763,False,0.00383416,0.25,False,False
fa01c4c8321c83a9,E1,2021/22,2022-03-05 15:00:00+00:00,ou25,under,Max,cb_goals,0.00269473,0.56926,1.81,0.55892,True,-0.0156397,0.25,False,False
2adefa03cf585c92,E2,2021/22,2022-03-05 15:00:00+00:00,ou25,under,Max,cb_goals,0.00979221,0.561308,1.85,0.599525,True,0.0756131,0.25,False,False
7a0c9a4b70aafe09,E3,2021/22,2022-03-05 15:00:00+00:00,ou25,under,Max,cb_goals,0.0194819,0.588208,1.78,0.637637,False,0.099984,0.25,False,False
c1da1dfa082e11d4,E3,2021/22,2022-03-05 15:00:00+00:00,ou25,under,Max,cb_goals,0.0319219,0.615411,1.72,0.637637,True,0.0669018,0.25,False,False
cf21de692f9029d5,E3,2021/22,2022-03-05 15:00:00+00:00,ou25,under,Max,cb_goals,0.00779214,0.548727,1.89,0.528618,True,-0.0295732,0.25,False,False
de069d33a2c283c4,E3,2021/22,2022-03-05 15:00:00+00:00,ou25,under,Max,cb_goals,0.0171773,0.596585,1.75,0.603295,True,0.0282155,0.25,False,False
b31f4c593f207da6,SP2,2021/22,2022-03-05 17:15:00+00:00,ou25,under,Max,cb_goals,0.00585647,0.593216,1.74,0.587913,False,-0.00313911,0.25,True,True
5bcc1b02b57791d1,F1,2021/22,2022-03-06 14:00:00+00:00,ou25,under,Max,cb_goals,0.00441468,0.544103,1.9,0.548951,True,0.0132742,0.25,False,False
af2948b75b6cbe7e,B1,2021/22,2022-03-06 20:00:00+00:00,ou25,over,Max,cb_goals,0.00733757,0.655904,1.57,0.630526,True,-0.0321495,0.25,False,False
a8156e214a4b908c,E0,2021/22,2022-03-10 19:30:00+00:00,ou25,under,Max,cb_goals,0.00277251,0.601399,1.71,0.573939,False,-0.0439672,0.25,False,False
3a8bd976cec658a5,E1,2021/22,2022-03-12 15:00:00+00:00,ou25,under,Max,cb_goals,0.0189993,0.647642,1.61,0.638914,True,0.00525364,0.25,False,False
7f6704700fd6c7fc,E3,2021/22,2022-03-12 15:00:00+00:00,ou25,under,Max,cb_goals,0.00249863,0.569149,1.81,0.608617,False,0.0695435,0.25,False,False
9467bad27e4a588f,E3,2021/22,2022-03-12 15:00:00+00:00,ou25,under,Max,cb_goals,0.0195929,0.59148,1.77,0.61537,True,0.0589993,0.25,False,False
363311d979e4a3cf,P1,2021/22,2022-03-12 15:30:00+00:00,ou25,under,Max,cb_goals,0.00498963,0.602729,1.71,0.595324,True,-0.00738314,0.25,False,False
5303c7e7d47a8c96,F2,2021/22,2022-03-12 18:00:00+00:00,ou25,under,Max,cb_goals,0.00740678,0.587615,1.76,0.559697,True,-0.041296,0.25,False,False
7204a9c3709a3c1b,P1,2021/22,2022-03-12 18:00:00+00:00,ou25,under,Max,cb_goals,0.00418272,0.605659,1.7,0.552348,True,-0.0879654,0.25,False,False
1bda8560018e841b,I1,2021/22,2022-03-12 19:45:00+00:00,ou25,over,Max,cb_goals,0.00429873,0.623401,1.65,0.648238,False,0.0433576,0.25,False,False
69cc0d1613222bac,E0,2021/22,2022-03-13 14:00:00+00:00,ou25,under,Max,cb_goals,0.00995648,0.446963,2.34,0.46245,True,0.043972,0.25,False,False
e5c31939a1df6463,E3,2021/22,2022-03-19 15:00:00+00:00,ou25,under,Max,cb_goals,0.0107736,0.576926,1.8,0.581543,True,0.0186869,0.25,False,False
15530dc0f6b0d362,SP1,2021/22,2022-03-20 13:00:00+00:00,ou25,under,Max,cb_goals,0.0006441,0.571144,1.8,0.553384,True,-0.0309446,0.25,False,False
e52af5d55108e627,E3,2021/22,2022-03-26 15:00:00+00:00,ou25,under,Max,cb_goals,0.0037819,0.612361,1.68,0.640778,True,0.0491363,0.25,False,False
e830236869534212,E3,2021/22,2022-03-26 15:00:00+00:00,ou25,under,Max,cb_goals,0.00596146,0.596585,1.73,0.636991,True,0.0714776,0.25,False,False
54482bab9661bc24,D1,2021/22,2022-04-01 18:30:00+00:00,ou25,under,Max,cb_goals,0.00259409,0.554409,1.86,0.564648,True,0.0208894,0.25,False,False
0fa39dc5bd37303b,D2,2021/22,2022-04-02 11:30:00+00:00,ou25,over,Max,cb_goals,0.000914983,0.6213,1.65,0.650822,True,0.0473366,0.25,False,False
6b90329bd2603092,F1,2021/22,2022-04-03 13:00:00+00:00,ou25,under,Max,cb_goals,0.012758,0.600616,1.73,0.581368,False,-0.0198941,0.25,False,False
29844444b3b22264,I1,2021/22,2022-04-03 18:45:00+00:00,ou25,under,Max,cb_goals,0.00903443,0.525211,1.98,0.524579,True,0.00779054,0.25,False,False
21c4c076d67e0cb0,P1,2021/22,2022-04-03 19:30:00+00:00,ou25,over,Max,cb_goals,0.000225456,0.55024,1.87,0.641412,False,0.153544,0.25,False,False
4f68c7ac83692a22,SP2,2021/22,2022-04-04 19:00:00+00:00,ou25,under,Max,cb_goals,0.00958607,0.605485,1.71,0.618293,False,0.0304722,0.25,True,True
6e0e73817f50324a,E3,2021/22,2022-04-09 14:00:00+00:00,ou25,under,Max,cb_goals,0.00458726,0.558414,1.85,0.539683,True,-0.0295432,0.25,False,False
85d2c2bd2feaa4d6,E3,2021/22,2022-04-09 14:00:00+00:00,ou25,over,Max,cb_goals,0.0128551,0.488924,2.14,0.432664,False,-0.109473,0.25,False,False
9ac7e5fa8525c462,E2,2021/22,2022-04-15 14:00:00+00:00,ou25,over,Max,cb_goals,0.013508,0.514942,2.03,0.520396,False,0.023955,0.25,False,False
1c8f30dbf7175dbd,E3,2021/22,2022-04-15 14:00:00+00:00,ou25,under,Max,cb_goals,0.00560575,0.573976,1.8,0.581543,False,0.0186869,0.25,False,False
b7d93ab31a9d9d1b,I1,2021/22,2022-04-30 13:00:00+00:00,ou25,over,Max,cb_goals,0.015622,0.69985,1.48,0.725836,True,0.0519595,0.25,False,False
04d83bd6f81bd35c,E3,2021/22,2022-05-02 14:00:00+00:00,ou25,under,Max,cb_goals,0.00501893,0.579863,1.78,0.514942,False,-0.113732,0.25,False,False
1375ab62dd2a3a2e,I2,2021/22,2022-05-06 18:30:00+00:00,ou25,over,Max,cb_goals,0.00546489,0.606432,1.7,0.654629,True,0.081926,0.25,False,False
cd0bca8f49b661d8,I2,2021/22,2022-05-06 18:30:00+00:00,ou25,over,Max,cb_goals,0.0254661,0.585312,1.8,0.653459,True,0.135282,0.25,False,False
f8ba1f0c71b32fcc,D2,2021/22,2022-05-08 11:30:00+00:00,ou25,under,Max,cb_goals,0.00094433,0.426988,2.43,0.340407,False,-0.22567,0.25,False,False
8b30c0314f9d4c05,SP2,2021/22,2022-05-14 16:15:00+00:00,ou25,over,Max,cb_goals,0.0102281,0.579725,1.79,0.609382,False,0.0600685,0.25,True,True
73cf87c0e80bd7d4,F2,2021/22,2022-05-14 17:00:00+00:00,ou25,over,Max,cb_goals,0.0185486,0.569149,1.84,0.596585,True,0.0654584,0.25,False,False
4b86996979cbc217,F1,2021/22,2022-05-14 19:00:00+00:00,ou25,over,Max,cb_goals,0.0109609,0.556145,1.87,0.59078,True,0.0713156,0.25,False,False
7398cd54fd8fdadb,F1,2021/22,2022-05-14 19:00:00+00:00,ou25,over,Max,cb_goals,0.0305408,0.614588,1.72,0.502696,False,-0.170883,0.25,False,False
e73416abbfd9191c,G1,2021/22,2022-05-15 16:30:00+00:00,ou25,under,Max,cb_goals,0.00921353,0.576035,1.8,0.565093,False,-0.0100062,0.25,False,False
b8168a95cf1998a7,I1,2021/22,2022-05-21 15:15:00+00:00,ou25,over,Max,cb_goals,0.00998425,0.579585,1.79,0.630809,False,0.0946265,0.25,False,False
a273c47c0e8613ce,SP2,2021/22,2022-05-21 18:00:00+00:00,ou25,under,Max,cb_goals,0.00336937,0.527423,1.96,0.481335,False,-0.0880761,0.25,True,True
aebaec0e1412c12b,F1,2021/22,2022-05-21 19:00:00+00:00,ou25,over,Max,cb_goals,0.01693,0.616845,1.69,0.600616,False,-0.0098737,0.25,False,False
c7f620c2ac722789,F1,2021/22,2022-05-21 19:00:00+00:00,ou25,over,Max,cb_goals,0.0125623,0.559922,1.86,0.557908,False,0.00888062,0.25,False,False
5dbedaeee3c6d41a,SP2,2021/22,2022-05-21 20:00:00+00:00,ou25,over,Max,cb_goals,0.00231524,0.591127,1.74,0.591621,False,0.00314706,0.25,True,True
4d28b526ac9a46f9,E0,2021/22,2022-05-22 15:00:00+00:00,ou25,over,Max,cb_goals,0.0173469,0.61014,1.71,0.632776,True,0.0536264,0.25,False,False
7de7fbc037efa76f,E0,2021/22,2022-05-22 15:00:00+00:00,ou25,over,Max,cb_goals,0.00915958,0.626418,1.65,0.632126,True,0.0181884,0.25,False,False
97140c41aecbf0dc,E0,2021/22,2022-05-22 15:00:00+00:00,ou25,over,Max,cb_goals,0.00695309,0.68065,1.51,0.731694,True,0.0792432,0.25,False,False
e66f6f9dac9bb353,SP2,2021/22,2022-05-29 18:00:00+00:00,ou25,under,Max,cb_goals,0.0159208,0.602491,1.73,0.506698,True,-0.157363,0.25,True,True
b47d07bcc94faf1e,B1,2022/23,2022-07-23 18:45:00+00:00,ou25,under,Max,lgb_goals,0.00308873,0.532538,1.94,0.589074,True,0.103981,0.25,False,False
35f5d495886667f0,E0,2022/23,2022-08-05 19:00:00+00:00,ou25,under,Max,lgb_goals,0.0165756,0.547901,1.91,0.547901,True,0.0164397,0.25,True,True
758348d05597f861,E2,2022/23,2022-08-06 14:00:00+00:00,ou25,over,Max,lgb_goals,0.0126006,0.527067,1.98,0.529799,False,0.0176919,0.25,False,False
ae35183d398ca242,F1,2022/23,2022-08-06 15:00:00+00:00,ou25,under,Max,lgb_goals,0.0163917,0.52904,1.98,0.544103,False,0.0443338,0.25,False,False
67650e06dc90bac4,T1,2022/23,2022-08-06 18:45:00+00:00,ou25,over,Max,lgb_goals,0.0133968,0.56926,1.83,0.606432,False,0.0765637,0.25,False,False
a95141e0a62078b5,T1,2022/23,2022-08-07 18:45:00+00:00,ou25,over,Max,lgb_goals,0.00549733,0.55892,1.85,0.502696,False,-0.100539,0.25,False,False
e7b62a78876b0563,T1,2022/23,2022-08-08 16:15:00+00:00,ou25,over,Max,lgb_goals,0.00609343,0.534133,1.94,0.512063,True,-0.0361233,0.25,False,False
a1f4a198abbfea3b,E2,2022/23,2022-08-13 14:00:00+00:00,ou25,over,Max,lgb_goals,0.0136729,0.543583,1.92,0.53906,False,0.00522596,0.25,False,False
e8bdcf1587091691,E2,2022/23,2022-08-13 14:00:00+00:00,ou25,over,Max,lgb_goals,0.00290905,0.529799,1.95,0.520396,False,-0.0150015,0.25,False,False
6060ea8d2358dc26,E3,2022/23,2022-08-13 14:00:00+00:00,ou25,over,Max,lgb_goals,0.00290904,0.529799,1.95,0.517667,False,-0.0202606,0.25,True,True
f6cd5ec58bf13e5f,E3,2022/23,2022-08-13 14:00:00+00:00,ou25,over,Max,lgb_goals,0.00503932,0.523131,1.98,0.562526,False,0.0776317,0.25,True,True
8c84f447eb594ea2,D2,2022/23,2022-08-19 16:30:00+00:00,ou25,over,Max,lgb_goals,0.0121393,0.659031,1.57,0.662883,True,0.0178949,0.25,False,False
87c6a13985d9b9ad,E0,2022/23,2022-08-20 14:00:00+00:00,ou25,over,Max,lgb_goals,0.00407771,0.505323,2.05,0.50926,True,0.0118288,0.25,True,True
74fd21ca07030104,E0,2022/23,2022-08-21 13:00:00+00:00,ou25,over,Max,lgb_goals,0.00367559,0.582246,1.77,0.591621,True,0.0196416,0.25,True,True
ee93dedec036e605,F1,2022/23,2022-08-21 13:00:00+00:00,ou25,over,Max,lgb_goals,0.0110861,0.518665,2.01,0.541378,True,0.0538834,0.25,False,False
dcb0daa6dc4d89d3,T1,2022/23,2022-08-22 16:15:00+00:00,ou25,over,Max,lgb_goals,0.0115064,0.490499,2.13,0.549588,True,0.125186,0.25,False,False
32ef26ea480b2bea,SP2,2022/23,2022-08-26 20:00:00+00:00,ou25,under,Max,lgb_goals,0.0168658,0.606432,1.72,0.605659,True,0.0154492,0.25,True,True
f36a7ccb06a37830,E2,2022/23,2022-08-27 14:00:00+00:00,ou25,under,Max,lgb_goals,0.00341327,0.540807,1.91,0.554085,True,0.0276631,0.25,False,False
d4a20d8397317e7a,B1,2022/23,2022-08-27 16:15:00+00:00,ou25,over,Max,lgb_goals,0.0053977,0.55024,1.88,0.555849,False,0.0155258,0.25,False,False
4593d984e3c70c92,B1,2022/23,2022-08-27 18:45:00+00:00,ou25,under,Max,lgb_goals,0.00872093,0.49593,2.1,0.529384,False,0.0739638,0.25,False,False
ac9fbe79d1f4ef42,B1,2022/23,2022-09-01 18:30:00+00:00,ou25,over,Max,lgb_goals,0.0026341,0.548727,1.88,0.433642,False,-0.232752,0.25,False,False
ebad43c5e6e5592f,E3,2022/23,2022-09-03 14:00:00+00:00,ou25,under,Max,lgb_goals,0.0107769,0.592831,1.75,0.658464,False,0.115719,0.25,True,True
7b17d666c0f46e48,B1,2022/23,2022-09-03 16:15:00+00:00,ou25,over,Max,lgb_goals,0.021156,0.534133,1.97,0.520396,False,-0.0051192,0.25,False,False
2464fe67e7e68ce1,G1,2022/23,2022-09-03 17:30:00+00:00,ou25,under,Max,lgb_goals,0.0100582,0.518138,2.01,0.508415,True,-0.00893477,0.25,False,False
f87583dfbb40865a,SP2,2022/23,2022-09-03 19:00:00+00:00,ou25,under,Max,lgb_goals,0.0447247,0.609382,1.76,0.622007,True,0.0642589,0.25,True,True
33a2bf1069ce0f25,F1,2022/23,2022-09-04 13:00:00+00:00,ou25,under,Max,lgb_goals,0.0091487,0.582246,1.78,0.602175,True,0.042762,0.25,False,False
e15f61fcaa1facf9,SP1,2022/23,2022-09-04 16:30:00+00:00,ou25,over,Max,lgb_goals,0.0143539,0.560912,1.86,0.581368,True,0.0500709,0.25,True,True
4753a6729da49287,G1,2022/23,2022-09-04 18:30:00+00:00,ou25,over,Max,lgb_goals,0.000181813,0.555965,1.85,0.560263,False,0.00788246,0.25,False,False
2d75a0a2b41707bb,I1,2022/23,2022-09-04 18:45:00+00:00,ou25,under,Max,lgb_goals,0.00705692,0.477459,2.18,0.52904,False,0.109618,0.25,False,False
05229e6bd845294d,I1,2022/23,2022-09-05 16:30:00+00:00,ou25,under,Max,lgb_goals,0.0267393,0.493387,2.15,0.505323,False,0.050292,0.25,False,False
d32aaaed03e5fdee,I1,2022/23,2022-09-05 18:45:00+00:00,ou25,under,Max,lgb_goals,0.0375768,0.485439,2.21,0.531709,True,0.12793,0.25,False,False
fc446a5372359513,P1,2022/23,2022-09-10 17:00:00+00:00,ou25,over,Max,lgb_goals,0.00496006,0.586188,1.76,0.579585,True,-0.00638034,0.25,True,True
912ea41c3eed9018,E2,2022/23,2022-09-13 18:45:00+00:00,ou25,under,Max,lgb_goals,0.00593346,0.603295,1.71,0.588208,False,-0.0194093,0.25,False,False
8400d12e99a3ff56,E3,2022/23,2022-09-13 18:45:00+00:00,ou25,over,Max,lgb_goals,0.013508,0.514942,2.03,0.49593,False,-0.0242018,0.25,True,True
ef903fb6db733deb,E3,2022/23,2022-09-13 18:45:00+00:00,ou25,under,Max,lgb_goals,0.000262494,0.603295,1.7,0.599525,True,-0.00600579,0.25,True,True
fef69d136cc005d4,E3,2022/23,2022-09-24 14:00:00+00:00,ou25,over,Max,lgb_goals,0.000812327,0.510931,2.02,0.49593,True,-0.0289891,0.25,True,True
4704c43a261f4379,E0,2022/23,2022-10-01 16:30:00+00:00,ou25,under,Max,lgb_goals,0.0233577,0.574855,1.83,0.567419,True,0.0100685,0.25,True,True
5657f83f7ee532f6,F1,2022/23,2022-10-02 13:00:00+00:00,ou25,over,Max,lgb_goals,0.0055406,0.573939,1.8,0.574855,True,0.00712133,0.25,False,False
31dc6c169be21e1b,I1,2022/23,2022-10-02 13:00:00+00:00,ou25,under,Max,lgb_goals,0.00138223,0.526378,1.96,0.525211,True,-0.000839886,0.25,False,False
96a08efa483076a6,I1,2022/23,2022-10-08 16:00:00+00:00,ou25,over,Max,lgb_goals,0.00341009,0.461338,2.25,0.426061,False,-0.0761434,0.25,False,False
444003d3441558a0,F2,2022/23,2022-10-08 17:00:00+00:00,ou25,over,Max,lgb_goals,0.000588236,0.470201,2.2,0.450832,False,-0.0414768,0.25,True,True
a2921b3f6e9ce2ed,G1,2022/23,2022-10-09 13:30:00+00:00,ou25,under,Max,lgb_goals,0.0109065,0.596194,1.74,0.56234,True,-0.0476117,0.25,False,False
668a806d3293df5e,D1,2022/23,2022-10-09 15:30:00+00:00,ou25,under,Max,lgb_goals,0.0115867,0.497339,2.1,0.505323,False,0.0274478,0.25,False,False
72bf55ff820657c4,SP2,2022/23,2022-10-13 17:00:00+00:00,ou25,over,Max,lgb_goals,0.00376454,0.473787,2.19,0.5,False,0.0576083,0.25,True,True
6e99207e7a9a7af1,F2,2022/23,2022-10-15 13:00:00+00:00,ou25,over,Max,lgb_goals,0.00132948,0.476869,2.17,0.486331,False,0.0209758,0.25,True,True
b986378c6c46d82b,I2,2022/23,2022-10-15 14:15:00+00:00,ou25,under,Max,lgb_goals,0.00391772,0.573012,1.8,0.549588,True,-0.0378291,0.25,False,False
a2f1d52d1f13da8e,B1,2022/23,2022-10-15 16:15:00+00:00,ou25,under,Max,lgb_goals,0.00142438,0.516198,2,0.547454,False,0.0602115,0.25,False,False
1727f263b3977cfa,E0,2022/23,2022-10-16 13:00:00+00:00,ou25,under,Max,lgb_goals,0.00390541,0.522541,1.98,0.521073,True,0.00108512,0.25,True,True
030f0012ff553540,E2,2022/23,2022-10-17 19:00:00+00:00,ou25,over,Max,lgb_goals,0.000646763,0.487455,2.12,0.493215,True,0.0123946,0.25,False,False
2c020570a5340753,B1,2022/23,2022-10-18 16:30:00+00:00,ou25,under,Max,lgb_goals,0.00677171,0.436474,2.39,0.422235,False,-0.0264177,0.25,False,False
9e6106c9923aa2dc,D2,2022/23,2022-10-22 11:00:00+00:00,ou25,over,Max,lgb_goals,0.00137139,0.61089,1.68,0.638279,False,0.0452277,0.25,False,False
aced677e6923a74e,B1,2022/23,2022-10-22 14:00:00+00:00,ou25,under,Max,lgb_goals,0.0164958,0.453631,2.32,0.466309,True,0.0439268,0.25,False,False
e4d4889fb8c5c05d,E0,2022/23,2022-10-22 14:00:00+00:00,ou25,under,Max,lgb_goals,0.0157014,0.592453,1.76,0.589605,False,0.0107608,0.25,True,True
5c846a35526bbc3b,B1,2022/23,2022-10-22 16:15:00+00:00,ou25,under,Max,lgb_goals,0.00758963,0.445915,2.34,0.415573,False,-0.0629088,0.25,False,False
326f7f7997b00e70,E0,2022/23,2022-10-23 13:00:00+00:00,ou25,over,Max,lgb_goals,0.0101193,0.567419,1.83,0.611634,True,0.0851045,0.25,True,True
493727e36f6a587a,E0,2022/23,2022-10-23 13:00:00+00:00,ou25,under,Max,lgb_goals,0.0159615,0.518665,2.02,0.5,False,-0.0208151,0.25,True,True
e4e35d97b2121e69,E0,2022/23,2022-10-23 13:00:00+00:00,ou25,under,Max,lgb_goals,0.036706,0.534385,2,0.505323,False,-0.0198686,0.25,True,True
59df57517ba6a435,T1,2022/23,2022-10-23 14:00:00+00:00,ou25,under,Max,lgb_goals,0.000767537,0.454234,2.28,0.479867,True,0.0556635,0.25,False,False
851f6de0b8a98bcc,E2,2022/23,2022-10-25 18:45:00+00:00,ou25,over,Max,lgb_goals,0.0076,0.5,2.08,0.450832,False,-0.095941,0.25,False,False
f59feceb54c921cc,F1,2022/23,2022-10-28 19:00:00+00:00,ou25,over,Max,lgb_goals,0.0255879,0.611634,1.72,0.571144,True,-0.0432269,0.25,False,False
e4cf58ab53497496,B1,2022/23,2022-10-29 18:45:00+00:00,ou25,over,Max,lgb_goals,0.00517772,0.67516,1.52,0.72796,True,0.0804616,0.25,False,False
3cd095d50af143f6,SP1,2022/23,2022-10-30 13:00:00+00:00,ou25,under,Max,lgb_goals,0.00478559,0.567419,1.82,0.515395,True,-0.09139,0.25,True,True
6d7b5ffe75650a0b,N1,2022/23,2022-11-06 15:45:00+00:00,ou25,under,Max,lgb_goals,0.00545319,0.40922,2.55,0.434507,False,0.0653974,0.25,True,True
b2d02b28ac1de4a2,I1,2022/23,2022-11-08 17:30:00+00:00,ou25,over,Max,lgb_goals,3.41367e-05,0.698153,1.46,0.693291,False,-0.00695461,0.25,False,False
cb0707bb919a0657,D1,2022/23,2022-11-08 19:30:00+00:00,ou25,under,Max,lgb_goals,0.0251818,0.439088,2.42,0.429793,False,0.00347479,0.25,False,False
26c72e083ba6aeb9,T1,2022/23,2022-11-11 17:00:00+00:00,ou25,under,Max,lgb_goals,0.00650752,0.521344,1.99,0.556145,True,0.0711051,0.25,False,False
8c8fa39f748a7e30,F1,2022/23,2022-11-12 20:00:00+00:00,ou25,over,Max,lgb_goals,0.00227869,0.607957,1.69,0.593277,True,-0.022167,0.25,False,False
6084bd4e8419baaf,P1,2022/23,2022-11-13 15:30:00+00:00,ou25,over,Max,lgb_goals,0.00269386,0.473281,2.19,0.424164,False,-0.10688,0.25,True,True
4919c62c02eee889,SP2,2022/23,2022-11-26 15:15:00+00:00,ou25,under,Max,lgb_goals,0.00651577,0.607066,1.7,0.557908,True,-0.0779498,0.25,True,True
e9bf38c2144fb752,I2,2022/23,2022-12-18 13:00:00+00:00,ou25,under,Max,lgb_goals,0.00171784,0.5627,1.83,0.555121,True,-0.0118438,0.25,False,False
eb023c3f2fb064a8,E2,2022/23,2022-12-29 19:45:00+00:00,ou25,over,Max,lgb_goals,0.018327,0.535285,1.96,0.509501,False,-0.0312066,0.25,False,False
fdf1c83e2cc427c1,F1,2022/23,2023-01-01 14:00:00+00:00,ou25,over,Max,lgb_goals,0.0406213,0.50926,2.11,0.494677,True,0.0107639,0.25,False,False
1f501e8fe1728656,F1,2022/23,2023-01-02 16:00:00+00:00,ou25,over,Max,lgb_goals,0.00952925,0.544103,1.91,0.532119,False,-0.0127886,0.25,False,False
0760df1006da3fe2,T1,2022/23,2023-01-04 14:00:00+00:00,ou25,over,Max,lgb_goals,0.0192133,0.594501,1.76,0.62504,True,0.0691228,0.25,False,False
7dc11651ec75f7fe,E0,2022/23,2023-01-04 19:30:00+00:00,ou25,over,Max,lgb_goals,0.000220319,0.472114,2.19,0.441839,False,-0.0660538,0.25,True,True
ce4742fd690460a2,G1,2022/23,2023-01-14 18:00:00+00:00,ou25,under,Max,lgb_goals,0.00867494,0.519936,2,0.5,True,-0.0304592,0.25,False,False
55f45dfb0db99a97,G1,2022/23,2023-01-15 14:00:00+00:00,ou25,over,Max,lgb_goals,0.0149963,0.601943,1.73,0.626297,True,0.0545476,0.25,False,False
f44ba29d3b74f70a,E0,2022/23,2023-01-21 15:00:00+00:00,ou25,under,Max,lgb_goals,0.00711224,0.600616,1.72,0.577658,True,-0.0318854,0.25,True,True
8de5f67375b5a297,SP1,2022/23,2023-01-21 20:00:00+00:00,ou25,under,Max,lgb_goals,0.0055628,0.561892,1.84,0.58678,True,0.0488863,0.25,True,True
eff76f6c4370eced,SP1,2022/23,2023-01-22 13:00:00+00:00,ou25,over,Max,lgb_goals,0.00780555,0.554409,1.87,0.577658,False,0.0488544,0.25,True,True
1d0d248d87a9aed9,I2,2022/23,2023-01-28 13:00:00+00:00,ou25,under,Max,lgb_goals,0.00227782,0.572076,1.8,0.559922,True,-0.0192004,0.25,False,False
439322b6f93cb12f,B1,2022/23,2023-01-29 12:30:00+00:00,ou25,over,Max,lgb_goals,0.00486604,0.498643,2.08,0.490499,False,-0.0116142,0.25,False,False
8be6c77ed6f8d48b,G1,2022/23,2023-02-06 14:00:00+00:00,ou25,under,Max,lgb_goals,0.00588236,0.628048,1.64,0.674115,False,0.0766487,0.25,False,False
bdcba6862f4ca010,F2,2022/23,2023-02-11 14:00:00+00:00,ou25,over,Max,lgb_goals,0.00119039,0.460317,2.25,0.472933,False,0.0282276,0.25,True,True
afff07da30082702,B1,2022/23,2023-02-12 17:30:00+00:00,ou25,over,Max,lgb_goals,0.0188192,0.584655,1.79,0.589074,False,0.0261746,0.25,False,False
504d788b0d78eeaa,P1,2022/23,2023-02-13 21:15:00+00:00,ou25,under,Max,lgb_goals,7.10857e-05,0.628106,1.63,0.643895,True,0.0248967,0.25,True,True
a1c2203584186a17,E2,2022/23,2023-02-18 15:00:00+00:00,ou25,over,Max,lgb_goals,0.00333642,0.51222,2.02,0.5,False,-0.0208151,0.25,False,False
a14d33e7a9933620,B1,2022/23,2023-02-18 17:15:00+00:00,ou25,over,Max,lgb_goals,0.00138157,0.577765,1.78,0.567336,False,-0.0168341,0.25,False,False
5f80823b16ad9aac,B1,2022/23,2023-02-18 19:45:00+00:00,ou25,over,Max,lgb_goals,0.0012173,0.536903,1.92,0.532967,True,-0.00614127,0.25,False,False
9544cdf9d93678f7,E1,2022/23,2023-02-21 19:45:00+00:00,ou25,over,Max,lgb_goals,0.00967055,0.394341,2.66,0.360456,False,-0.080223,0.25,True,True
b10e356cd223aa31,E2,2022/23,2023-03-04 12:30:00+00:00,ou25,over,Max,lgb_goals,0.00269178,0.527067,1.96,0.483802,False,-0.0829636,0.25,False,False
ad1b68bcbff2bb04,B1,2022/23,2023-03-04 17:15:00+00:00,ou25,over,Max,lgb_goals,0.00138157,0.577765,1.78,0.589931,True,0.0222202,0.25,False,False
914666dfaa897be5,T1,2022/23,2023-03-05 16:00:00+00:00,ou25,over,Max,lgb_goals,0.0198178,0.625732,1.67,0.595324,True,-0.0301914,0.25,False,False
b9702947998514c0,T1,2022/23,2023-03-12 10:30:00+00:00,ou25,under,Max,lgb_goals,0.015796,0.467033,2.25,0.444879,True,-0.0329239,0.25,False,False
9a83d2968242cce7,E2,2022/23,2023-03-18 15:00:00+00:00,ou25,under,Max,lgb_goals,0.00140842,0.562526,1.83,0.578679,False,0.0297189,0.25,False,False
7807a1e1f181d750,P1,2022/23,2023-04-02 17:00:00+00:00,ou25,over,Max,lgb_goals,0.0138462,0.578679,1.8,0.522833,False,-0.087736,0.25,True,True
f9f54663c43811e9,B1,2022/23,2023-04-16 11:30:00+00:00,ou25,over,Max,lgb_goals,0.00710854,0.640084,1.61,0.596585,True,-0.0632948,0.25,False,False
b455ab1f798975f0,SC0,2022/23,2023-04-22 11:30:00+00:00,ou25,under,Max,lgb_goals,0.00269386,0.473281,2.19,0.456983,False,-0.0323538,0.25,False,False
788ecc6741809a06,E1,2022/23,2023-04-22 14:00:00+00:00,ou25,under,Max,lgb_goals,0.0251364,0.513492,2.06,0.533258,False,0.0625959,0.25,True,True
777ac0e3786b8829,T1,2022/23,2023-04-23 13:00:00+00:00,ou25,over,Max,lgb_goals,0.00215588,0.668907,1.53,0.715459,True,0.0694335,0.25,False,False
c2d40cc9d68a809b,N1,2022/23,2023-04-23 18:00:00+00:00,ou25,over,Max,lgb_goals,0.00434261,0.634535,1.62,0.659593,True,0.0430634,0.25,True,True
4e6d7ba190260634,T1,2022/23,2023-04-24 17:00:00+00:00,ou25,over,Max,lgb_goals,0.0138864,0.694157,1.49,0.72647,True,0.0592896,0.25,False,False
c017ce2f8803e920,SP1,2022/23,2023-04-28 19:00:00+00:00,ou25,under,Max,lgb_goals,0.0223487,0.695475,1.5,0.673489,True,-0.0100219,0.25,True,True
4d0d39f999681332,T1,2022/23,2023-04-29 16:00:00+00:00,ou25,over,Max,lgb_goals,0.00028744,0.589931,1.74,0.599027,False,0.0155873,0.25,False,False
266ef3b4fc0704df,F1,2022/23,2023-04-30 13:00:00+00:00,ou25,under,Max,lgb_goals,0.00472191,0.525537,1.97,0.476277,True,-0.0937104,0.25,False,False
c709c6dbe32f255f,E2,2022/23,2023-05-07 11:00:00+00:00,ou25,over,Max,lgb_goals,0.00415323,0.570088,1.81,0.579863,True,0.0211459,0.25,False,False
2d385b64f32c8ac7,E3,2022/23,2023-05-08 11:30:00+00:00,ou25,under,Max,lgb_goals,0.00287596,0.529781,1.95,0.497233,True,-0.0605342,0.25,True,True
8451220dadfbef11,SP1,2022/23,2023-05-13 14:15:00+00:00,ou25,over,Max,lgb_goals,0.00905896,0.520133,2,0.554409,True,0.0728362,0.25,True,True
858b034094ec8c69,SP2,2022/23,2023-05-13 16:30:00+00:00,ou25,over,Max,lgb_goals,0.0132849,0.527423,1.98,0.591983,False,0.128673,0.25,True,True
d968a3ab165c7674,F2,2022/23,2023-05-13 17:00:00+00:00,ou25,over,Max,lgb_goals,0.00140842,0.562526,1.83,0.536903,True,-0.0452115,0.25,True,True
8348588263e998ed,N1,2022/23,2023-05-14 18:00:00+00:00,ou25,over,Max,lgb_goals,0.0185291,0.777384,1.33,0.804906,True,0.0531505,0.25,True,True
efdf95f3d6e0828c,T1,2022/23,2023-05-16 14:00:00+00:00,ou25,under,Max,lgb_goals,0.00730715,0.447652,2.33,0.415799,False,-0.0665333,0.25,False,False
a4ba68c7ac1132cc,D2,2022/23,2023-05-19 16:30:00+00:00,ou25,over,Max,lgb_goals,0.000859519,0.694174,1.47,0.688888,False,-0.00678462,0.25,False,False
84bcb3288ca27c9e,F2,2022/23,2023-05-20 12:45:00+00:00,ou25,over,Max,lgb_goals,0.00158777,0.50407,2.05,0.506785,True,0.00695754,0.25,True,True
d06a4f7dd1cc37e0,SP1,2022/23,2023-05-23 17:30:00+00:00,ou25,under,Max,lgb_goals,0.00621063,0.518665,2,0.527886,True,0.0238134,0.25,True,True
09524663bc1f9a02,SP1,2022/23,2023-05-28 17:00:00+00:00,ou25,under,Max,lgb_goals,0.00171784,0.5627,1.83,0.641404,True,0.13263,0.25,True,True
3077266f5650d9d2,SP1,2022/23,2023-05-28 17:00:00+00:00,ou25,under,Max,lgb_goals,0.00800218,0.644503,1.6,0.706262,False,0.0994777,0.25,True,True
27dfe7a060a24466,T1,2022/23,2023-05-30 17:00:00+00:00,ou25,over,Max,lgb_goals,0.0278858,0.708301,1.48,0.663982,True,-0.037109,0.25,False,False
3c2db1466e41889b,T1,2022/23,2023-05-30 17:00:00+00:00,ou25,over,Max,lgb_goals,0.00924977,0.552348,1.88,0.545766,False,-0.00277955,0.25,False,False
ef8da2c317f5e438,T1,2022/23,2023-05-30 17:00:00+00:00,ou25,over,Max,lgb_goals,0.0102596,0.674316,1.53,0.6782,False,0.0159511,0.25,False,False
38c40624e891568a,F2,2022/23,2023-06-02 18:45:00+00:00,ou25,over,Max,lgb_goals,0.0313645,0.643959,1.64,0.670685,True,0.0715478,0.25,True,True
bf57afbe09fd131d,F2,2022/23,2023-06-02 18:45:00+00:00,ou25,over,Max,lgb_goals,0.0129386,0.60409,1.72,0.628106,False,0.0518416,0.25,True,True
f40ead3b31424189,F2,2022/23,2023-06-02 18:45:00+00:00,ou25,over,Max,lgb_goals,0.0148197,0.681636,1.52,0.672783,False,0.00163857,0.25,True,True
88406f487104a8cc,SP2,2023/24,2023-08-26 17:00:00+00:00,ou25,under,Max,lgb_goals,0.0231981,0.678693,1.54,0.708699,True,0.066195,0.25,True,True
0fe1ea1eb66072dd,G1,2023/24,2023-08-27 18:30:00+00:00,ou25,over,Max,lgb_goals,0.00236922,0.5879,1.75,0.548727,True,-0.066589,0.25,False,False
dda916d18c7d51ed,SP2,2023/24,2023-09-17 16:30:00+00:00,ou25,over,Max,lgb_goals,0.000767544,0.454234,2.28,0.456983,True,0.00680155,0.25,True,True
c174bf547d4f9e93,P1,2023/24,2023-09-18 19:15:00+00:00,ou25,over,Max,lgb_goals,0.00560575,0.573976,1.8,0.497304,True,-0.137796,0.25,True,True
154884edbccad7da,E1,2023/24,2023-09-20 19:00:00+00:00,ou25,over,Max,lgb_goals,0.0305165,0.575836,1.84,0.549588,False,-0.016595,0.25,True,True
2a77ead1dda62dbd,D1,2023/24,2023-09-22 18:30:00+00:00,ou25,under,Max,lgb_goals,0.00516307,0.386899,2.7,0.371559,False,-0.0353062,0.25,False,False
392f24a176d84f4d,B1,2023/24,2023-09-24 14:00:00+00:00,ou25,over,Max,lgb_goals,0.00500017,0.536229,1.93,0.553037,False,0.0358524,0.25,False,False
4be4708bbea17cc9,N1,2023/24,2023-09-24 14:45:00+00:00,ou25,under,Max,lgb_goals,0.010948,0.440078,2.38,0.44108,False,0.0131617,0.25,True,True
c70f497d491ffce2,G1,2023/24,2023-09-28 17:30:00+00:00,ou25,under,Max,lgb_goals,0.00662091,0.583955,1.77,0.661448,False,0.131207,0.25,False,False
3fc0ec0a91240cae,D2,2023/24,2023-09-29 16:30:00+00:00,ou25,under,Max,lgb_goals,0.00552769,0.38986,2.68,0.35796,False,-0.0798561,0.25,False,False
58ea67ae19acefa0,B1,2023/24,2023-10-06 18:45:00+00:00,ou25,over,Max,lgb_goals,0.00345836,0.585312,1.76,0.580638,True,-0.00456415,0.25,False,False
6dbdaf86fc714009,E0,2023/24,2023-10-27 19:00:00+00:00,ou25,under,Max,lgb_goals,0.0076,0.5,2.08,0.493387,False,-0.00574201,0.25,True,True
a2a0932f07f5e398,F2,2023/24,2023-11-04 18:00:00+00:00,ou25,over,Max,lgb_goals,0.000287505,0.485058,2.13,0.466309,True,-0.0391327,0.25,True,True
38392ef23602e35f,N1,2023/24,2023-11-11 19:00:00+00:00,ou25,under,Max,lgb_goals,0.000526889,0.395122,2.63,0.412087,False,0.0425669,0.25,True,True
1b62148f129cb5e1,SP2,2023/24,2023-11-19 17:30:00+00:00,ou25,under,Max,lgb_goals,0.00148383,0.504018,2.05,0.482561,True,-0.0420225,0.25,True,True
5a7183eb5c92b457,SP2,2023/24,2023-11-20 20:00:00+00:00,ou25,over,Max,lgb_goals,0.00771651,0.507155,2.05,0.512063,True,0.0173178,0.25,True,True
f3b58cde3572b875,I2,2023/24,2023-11-24 19:30:00+00:00,ou25,over,Max,lgb_goals,0.00299992,0.46517,2.23,0.454234,True,-0.0207962,0.25,True,True
98924c4f6835cdcc,B1,2023/24,2023-11-24 19:45:00+00:00,ou25,under,Max,lgb_goals,0.00503932,0.523131,1.98,0.506785,True,-0.0267184,0.25,False,False
0e9962396c167054,F1,2023/24,2023-11-24 20:00:00+00:00,ou25,over,Max,lgb_goals,0.00989311,0.719195,1.43,0.732991,True,0.0288456,0.25,False,False
0a4180ae3368641d,F2,2023/24,2023-11-25 18:00:00+00:00,ou25,over,Max,lgb_goals,0.014847,0.544212,1.92,0.524989,False,-0.0212246,0.25,True,True
accd9533897259e6,F2,2023/24,2023-11-25 18:00:00+00:00,ou25,over,Max,lgb_goals,0.00759999,0.5,2.08,0.459789,True,-0.0762689,0.25,True,True
1c7294404946ceee,E1,2023/24,2023-11-28 19:45:00+00:00,ou25,under,Max,lgb_goals,0.0110164,0.583324,1.78,0.601939,False,0.0423705,0.25,True,True
eb58734ca5f98478,E1,2023/24,2023-11-28 20:00:00+00:00,ou25,under,Max,lgb_goals,0.00622421,0.487937,2.13,0.5,False,0.0306262,0.25,True,True
daf71257a2db242d,T1,2023/24,2023-12-02 13:00:00+00:00,ou25,under,Max,lgb_goals,0.000381378,0.541918,1.9,0.526719,False,-0.0280676,0.25,True,True
7dfc2dedb318ebb9,E0,2023/24,2023-12-02 15:00:00+00:00,ou25,over,Max,lgb_goals,0.00391772,0.573012,1.8,0.53755,True,-0.0599764,0.25,True,True
84daa73fb43a8125,T1,2023/24,2023-12-03 16:00:00+00:00,ou25,under,Max,lgb_goals,0.0152312,0.481335,2.18,0.470201,True,-0.00828577,0.25,True,True
5c179ef48fe713a6,SP1,2023/24,2023-12-08 20:00:00+00:00,ou25,under,Max,lgb_goals,0.00296779,0.69113,1.48,0.680152,True,-0.0130477,0.25,True,True
99fa5c3ca4181367,E1,2023/24,2023-12-09 15:00:00+00:00,ou25,under,Max,lgb_goals,0.00244835,0.594501,1.73,0.598221,True,0.00868165,0.25,True,True
466211f204b47c0a,E2,2023/24,2023-12-09 15:00:00+00:00,ou25,under,Max,lgb_goals,0.00752633,0.507059,2.05,0.442092,False,-0.12961,0.25,True,True
3c3a9fa259e79436,SP2,2023/24,2023-12-16 13:00:00+00:00,ou25,over,Max,lgb_goals,0.0067107,0.473078,2.2,0.431697,True,-0.0848492,0.25,True,True
1387434874a41837,F2,2023/24,2023-12-19 19:45:00+00:00,ou25,under,Max,lgb_goals,0.00869808,0.713567,1.44,0.723727,False,0.0227985,0.25,True,True
3366e813e8d68f70,E2,2023/24,2023-12-22 19:45:00+00:00,ou25,under,Max,lgb_goals,0.0115694,0.596585,1.74,0.563526,True,-0.0455057,0.25,True,True
500a6e36d744ec2e,E3,2023/24,2023-12-22 19:45:00+00:00,ou25,under,Max,lgb_goals,0.00496574,0.437474,2.38,0.426969,False,-0.0193528,0.25,True,True
c946426da7791cd7,B1,2023/24,2023-12-27 19:45:00+00:00,ou25,under,Max,lgb_goals,0.00192151,0.534586,1.93,0.578679,False,0.0811751,0.25,False,False
29d6fcbf37f67c85,I1,2023/24,2023-12-29 17:30:00+00:00,ou25,over,Max,lgb_goals,0.0246532,0.557908,1.89,0.566461,False,0.0395694,0.25,True,True
97ce615e639c3d13,I1,2023/24,2023-12-29 19:45:00+00:00,ou25,under,Max,lgb_goals,0.00728013,0.59078,1.75,0.599027,True,0.0211157,0.25,True,True
7da2b61132fbb838,E2,2023/24,2024-01-06 15:00:00+00:00,ou25,over,Max,lgb_goals,0.00269177,0.527067,1.96,0.493215,True,-0.0636939,0.25,True,True
b7c9f34d2c6e3c9b,E3,2023/24,2024-01-13 15:00:00+00:00,ou25,over,Max,lgb_goals,0.00138157,0.577765,1.78,0.501357,True,-0.140468,0.25,True,True
83ed057e3d29f1c4,T1,2023/24,2024-01-15 17:00:00+00:00,ou25,over,Max,lgb_goals,0.00214828,0.695067,1.47,0.746435,True,0.0734461,0.25,True,True
6b9bd604ee840016,E2,2023/24,2024-01-20 15:00:00+00:00,ou25,over,Max,lgb_goals,0.00583279,0.589931,1.75,0.514942,False,-0.130137,0.25,True,True
1b27da466077c8b7,F1,2023/24,2024-02-04 16:05:00+00:00,ou25,under,Max,lgb_goals,0.000713581,0.617572,1.66,0.696328,True,0.120739,0.25,False,False
f8bd82c2b9f0e5fd,B1,2023/24,2024-02-04 17:30:00+00:00,ou25,over,Max,lgb_goals,0.00500016,0.536229,1.93,0.534133,False,0.001072,0.25,False,False
2d0a23bc9472ac9f,T1,2023/24,2024-02-09 17:00:00+00:00,ou25,under,Max,lgb_goals,0.000737736,0.382428,2.72,0.400175,False,0.0460992,0.25,True,True
53c3737a16f6cb89,I1,2023/24,2024-02-11 14:00:00+00:00,ou25,under,Max,lgb_goals,0.0125365,0.584201,1.78,0.589605,True,0.021667,0.25,True,True
11cafa182c43889c,T1,2023/24,2024-02-12 14:00:00+00:00,ou25,under,Max,lgb_goals,0.0024358,0.524341,1.97,0.509379,True,-0.0265175,0.25,True,True
62aa24bdc002a591,SP2,2023/24,2024-02-16 19:30:00+00:00,ou25,under,Max,lgb_goals,0.00259326,0.677703,1.51,0.703848,False,0.0404431,0.25,True,True
4787472b46148c09,E1,2023/24,2024-02-16 20:00:00+00:00,ou25,over,Max,lgb_goals,0.016883,0.526719,1.99,0.541918,False,0.045191,0.25,True,True
a528149899571990,SP1,2023/24,2024-02-17 13:00:00+00:00,ou25,under,Max,lgb_goals,0.0019562,0.477167,2.17,0.519876,False,0.087678,0.25,True,True
b004a2ac3005979d,E0,2023/24,2024-02-18 16:30:00+00:00,ou25,over,Max,lgb_goals,0.00217216,0.625732,1.64,0.632776,True,0.013364,0.25,True,True
b1aaf888f2755d80,N1,2023/24,2024-03-03 19:00:00+00:00,ou25,under,Max,lgb_goals,0.00218272,0.529415,1.95,0.539166,False,0.0204319,0.25,True,True
a15d2ffd9240ed1b,F2,2023/24,2024-03-04 19:45:00+00:00,ou25,under,Max,lgb_goals,0.00190672,0.708763,1.44,0.718826,False,0.0160035,0.25,True,True
6214a26f6b27d230,N1,2023/24,2024-03-16 20:00:00+00:00,ou25,under,Max,lgb_goals,0.00405769,0.552348,1.87,0.543017,True,-0.0129875,0.25,True,True
6290ceabe7814e97,N1,2023/24,2024-03-17 19:00:00+00:00,ou25,under,Max,lgb_goals,0.00399099,0.393568,2.65,0.317892,True,-0.209558,0.25,True,True
b10aa4b57f0a63da,E3,2023/24,2024-03-23 15:00:00+00:00,ou25,under,Max,lgb_goals,0.000225454,0.55024,1.87,0.562526,True,0.0223087,0.25,True,True
ecc820b0bc4dfb38,N1,2023/24,2024-04-03 19:00:00+00:00,ou25,under,Max,lgb_goals,0.000816329,0.450412,2.3,0.4487,False,-0.00299207,0.25,True,True
e8536843ff80e281,N1,2023/24,2024-04-04 18:00:00+00:00,ou25,under,Max,lgb_goals,0.00142438,0.516198,2,0.504018,True,-0.0224553,0.25,True,True
de46f057f9083723,G1,2023/24,2024-04-06 14:00:00+00:00,ou25,under,Max,lgb_goals,0.0150553,0.59534,1.75,0.57207,True,-0.0249297,0.25,False,False
5928cad50d4c09db,N1,2023/24,2024-04-13 14:30:00+00:00,ou25,over,Max,lgb_goals,0.000805701,0.816584,1.24,0.863601,True,0.0567861,0.25,True,True
b47ee0fcc21b43f3,P1,2023/24,2024-04-16 19:15:00+00:00,ou25,over,Max,lgb_goals,0.019744,0.663982,1.57,0.667845,False,0.0253526,0.25,True,True
887d85a4a11aeea4,SP2,2023/24,2024-04-20 14:15:00+00:00,ou25,over,Max,lgb_goals,0.00168215,0.511375,2.02,0.526719,False,0.0312433,0.25,True,True
2601c76cc6c69d38,E0,2023/24,2024-04-24 19:00:00+00:00,ou25,over,Max,lgb_goals,0.00418272,0.605659,1.7,0.573939,False,-0.0496206,0.25,True,True
b53bca4f47f8ef10,I2,2023/24,2024-04-26 18:30:00+00:00,ou25,over,Max,lgb_goals,0.00669096,0.565493,1.83,0.583324,True,0.0377125,0.25,True,True
ef91a2de9affad0d,B1,2023/24,2024-04-26 18:45:00+00:00,ou25,under,Max,lgb_goals,0.0194819,0.588208,1.78,0.566358,False,-0.0185586,0.25,False,False
e3c13196fd5acf83,E3,2023/24,2024-04-27 14:00:00+00:00,ou25,over,Max,lgb_goals,0.0166645,0.627416,1.66,0.681636,True,0.0994135,0.25,True,True
65f0ae686f5e599f,G1,2023/24,2024-04-28 17:30:00+00:00,ou25,over,Max,lgb_goals,0.000448508,0.596642,1.72,0.584655,False,-0.0198467,0.25,False,False
9ad824931a413e86,I2,2023/24,2024-05-05 13:00:00+00:00,ou25,over,Max,lgb_goals,0.00223911,0.581413,1.77,0.602729,False,0.0382429,0.25,True,True
c8a0329b2066bcb8,G1,2023/24,2024-05-11 17:00:00+00:00,ou25,under,Max,lgb_goals,0.000568692,0.515757,2,0.448818,True,-0.13845,0.25,False,False
eeb3d17012839c74,T1,2023/24,2024-05-18 16:00:00+00:00,ou25,over,Max,lgb_goals,0.00331008,0.469407,2.21,0.437858,True,-0.0662703,0.25,True,True
a4c67a3fe53bacbc,G1,2023/24,2024-05-19 17:00:00+00:00,ou25,under,Max,lgb_goals,0.00313121,0.517078,2,0.450614,False,-0.134457,0.25,False,False
3295942dd80b8892,N1,2024/25,2024-08-18 14:45:00+00:00,1x2,H,Max,lgbd_xg,0.0610527,0.106853,10.5,0.153099,True,0.418887,0.25,False,False
6194fd8df7d12dde,E3,2024/25,2024-11-09 15:00:00+00:00,1x2,H,Max,lgbd_xg,0.0788338,0.665782,1.66,0.651201,False,0.0537368,0.25,False,False
f0eb0b820e16c34f,G1,2024/25,2024-11-09 16:45:00+00:00,1x2,D,Max,lgbd_xg,0.0696339,0.334302,3.34,0.326078,False,0.0424075,0.25,False,False
61265f8113e9a886,SP2,2024/25,2024-11-10 17:30:00+00:00,1x2,D,Max,lgbd_xg,0.0932873,0.335776,3.4,0.322612,True,0.0491958,0.25,False,False
8427db354d31ae55,D1,2024/25,2024-11-23 14:30:00+00:00,1x2,A,Max,lgbd_xg,0.0703467,0.117221,9.65,0.109408,False,-0.00099731,0.25,True,True
5433d8c09330e448,N1,2024/25,2024-11-23 17:45:00+00:00,1x2,A,Max,lgbd_xg,0.0642179,0.0938464,12,0.0972285,False,0.0976445,0.25,False,False
858d34e2da286495,T1,2024/25,2024-12-08 13:00:00+00:00,1x2,H,Max,lgbd_xg,0.0976025,0.177893,6.5,0.0921888,False,-0.564218,0.25,False,False
f695723fb6f02665,T1,2024/25,2024-12-14 13:00:00+00:00,1x2,D,Max,lgbd_xg,0.0612407,0.311543,3.56,0.282518,True,-0.0383577,0.25,False,False
3b338c760fa02be3,N1,2024/25,2025-01-11 20:00:00+00:00,1x2,A,Max,lgbd_xg,0.0907824,0.143903,8,0.12235,False,-0.0753585,0.25,False,False
35e6ad852c3da94d,E0,2024/25,2025-01-19 16:30:00+00:00,1x2,H,Max,lgbd_xg,0.0603684,0.124456,9,0.108422,False,-0.0793114,0.25,False,False
e9f809cc2206e936,D2,2024/25,2025-02-08 12:00:00+00:00,1x2,D,Max,lgbd_xg,0.068394,0.292647,3.82,0.275889,False,0.00718911,0.25,False,False
7c39cecf98b5c0b6,I2,2024/25,2025-02-16 14:00:00+00:00,1x2,D,Max,lgbd_xg,0.105037,0.302684,3.82,0.27025,True,-0.0134597,0.25,False,False
2ff6a116cd9101b8,G1,2024/25,2025-03-09 17:00:00+00:00,1x2,H,Max,lgbd_xg,0.102118,0.185698,6.25,0.172041,True,0.0208475,0.25,False,False
8374b4b73ceaeef5,T1,2024/25,2025-03-15 10:30:00+00:00,1x2,D,Max,lgbd_xg,0.0778634,0.304653,3.7,0.288193,False,0.0194373,0.25,False,False
c12b6228441d5b67,T1,2024/25,2025-03-28 17:30:00+00:00,1x2,D,Max,lgbd_xg,0.0872191,0.311435,3.65,0.287142,False,0.00240823,0.25,False,False
be0bd5842b98a6c7,I1,2024/25,2025-03-31 16:30:00+00:00,1x2,D,Max,lgbd_xg,0.0807744,0.331933,3.4,0.324057,True,0.0536626,0.25,False,False
8c9f81dc2f965021,SP1,2024/25,2025-04-12 19:00:00+00:00,1x2,H,Max,lgbd_xg,0.104383,0.122846,9.5,0.0817568,False,-0.307893,0.25,True,True
71a1fa513b708bf1,I1,2024/25,2025-04-19 16:00:00+00:00,1x2,H,Max,lgbd_xg,0.0672721,0.0685467,16.5,0.0834878,False,0.262292,0.25,False,False
9c1f433c2d0e716d,B1,2024/25,2025-04-27 11:30:00+00:00,1x2,D,Max,lgbd_xg,0.0943331,0.32394,3.53,0.284082,False,-0.0411508,0.25,False,False
9e6976d2e445a374,I2,2024/25,2025-05-01 13:00:00+00:00,1x2,D,Max,lgbd_xg,0.0849535,0.323867,3.5,0.276694,False,-0.0758814,0.25,False,False
a5f023d185e521fe,I2,2024/25,2025-05-04 13:00:00+00:00,1x2,D,Max,lgbd_xg,0.0948111,0.36467,3.13,0.280574,True,-0.171574,0.25,False,False
a90ca73f6874bb92,N1,2024/25,2024-08-10 19:00:00+00:00,ou25,over,Max,lgb_goals,0.00213958,0.77601,1.31,0.879736,True,0.127593,0.25,True,True
bbb734cccac19f1e,SP1,2024/25,2024-09-17 17:00:00+00:00,ou25,under,Max,lgb_goals,0.0107112,0.710268,1.45,0.757172,True,0.0746022,0.25,True,True
571a3050e918c1e9,B1,2024/25,2024-09-22 11:30:00+00:00,ou25,under,Max,lgb_goals,0.0268625,0.405522,2.63,0.34365,False,-0.139044,0.25,True,True
660e30910b94c01f,I1,2024/25,2024-10-04 16:30:00+00:00,ou25,under,Max,lgb_goals,0.0257081,0.463576,2.29,0.469034,False,0.0370893,0.25,True,True
c11d12872f522a4a,SP1,2024/25,2024-10-05 16:30:00+00:00,ou25,under,Max,lgb_goals,0.00194386,0.644503,1.59,0.65429,False,0.017013,0.25,True,True
da5a701f18915c7c,E1,2024/25,2024-10-19 11:30:00+00:00,ou25,over,Max,lgb_goals,0.0116724,0.531787,1.96,0.586188,True,0.109001,0.25,True,True
9fdb8fd1ce7d0757,N1,2024/25,2024-10-20 14:45:00+00:00,ou25,over,Max,lgb_goals,0.00049546,0.544754,1.89,0.5,True,-0.0852311,0.25,True,True
d0b0723ecc7bdf4c,F2,2024/25,2024-10-25 18:00:00+00:00,ou25,under,Max,lgb_goals,0.0172716,0.562526,1.86,0.554085,True,0.00200523,0.25,True,True
c9ad94e2b07ccda0,E0,2024/25,2024-10-26 14:00:00+00:00,ou25,under,Max,lgb_goals,0.00407184,0.26612,3.95,0.26612,True,0.00406357,0.25,True,True
6ea11fd685640ba9,D1,2024/25,2024-10-27 14:30:00+00:00,ou25,under,Max,lgb_goals,0.110091,0.267556,4.35,0.267556,False,0.104442,0.25,False,False
dcf8eaf06383b866,E1,2024/25,2024-11-26 19:45:00+00:00,ou25,over,Max,lgb_goals,0.0116116,0.61014,1.7,0.599027,True,-0.00683732,0.25,True,True
0ea7e98d27b4fe0f,E2,2024/25,2024-11-26 19:45:00+00:00,ou25,under,Max,lgb_goals,0.00346175,0.546369,1.89,0.490499,True,-0.104417,0.25,False,False
55c37d337e68809b,B1,2024/25,2024-11-29 19:45:00+00:00,ou25,over,Max,lgb_goals,0.00503933,0.523131,1.98,0.538041,True,0.0331304,0.25,True,True
9fd9d174750859e5,N1,2024/25,2024-12-21 15:30:00+00:00,ou25,under,Max,lgb_goals,0.00643287,0.504124,2.06,0.415799,False,-0.186207,0.25,True,True
e7b647efc370d5d5,B1,2024/25,2024-12-21 19:45:00+00:00,ou25,over,Max,lgb_goals,0.0193757,0.530593,1.98,0.460317,True,-0.122889,0.25,True,True
a5e4548997712e31,E0,2024/25,2025-01-04 17:30:00+00:00,ou25,under,Max,lgb_goals,0.000633422,0.458082,2.26,0.518665,True,0.124845,0.25,True,True
3cce2d84da691488,G1,2024/25,2025-01-13 16:00:00+00:00,ou25,under,Max,lgb_goals,0.00605694,0.596642,1.73,0.573976,True,-0.0326904,0.25,False,False
108b8f1b0002c989,D1,2024/25,2025-01-17 19:30:00+00:00,ou25,under,Max,lgb_goals,0.000291453,0.393568,2.64,0.432506,True,0.0946352,0.25,False,False
8c45f2ef00f6e3fa,T1,2024/25,2025-01-24 17:00:00+00:00,ou25,over,Max,lgb_goals,0.0339537,0.522833,2.04,0.543017,True,0.0712695,0.25,False,False
8b5c6db0c5742190,G1,2024/25,2025-01-24 18:00:00+00:00,ou25,under,Max,lgb_goals,0.0140882,0.681145,1.52,0.710811,True,0.0566224,0.25,False,False
9c9a4f684a2f119c,E3,2024/25,2025-01-28 19:45:00+00:00,ou25,under,Max,lgb_goals,0.0119717,0.534586,1.95,0.559459,False,0.0573785,0.25,True,True
cfd8c2d70109592c,P1,2024/25,2025-02-01 20:30:00+00:00,ou25,over,Max,lgb_goals,0.00365152,0.512381,2.02,0.473281,False,-0.0757332,0.25,True,True
d08ec0060bad48a9,F2,2024/25,2025-02-07 19:00:00+00:00,ou25,over,Max,lgb_goals,0.0415924,0.536903,2,0.573031,True,0.105872,0.25,True,True
25e81396120ca79f,G1,2024/25,2025-02-08 15:00:00+00:00,ou25,under,Max,lgb_goals,0.001244,0.672517,1.52,0.672783,True,0.00163857,0.25,False,False
728990cc9a882e8e,T1,2024/25,2025-02-09 16:00:00+00:00,ou25,over,Max,lgb_goals,0.00516675,0.866672,1.17,0.86887,True,0.00768619,0.25,False,False
14cfaff3188afd7f,E2,2024/25,2025-02-11 19:45:00+00:00,ou25,over,Max,lgb_goals,0.0377857,0.469034,2.29,0.470201,True,0.0395738,0.25,False,False
f1c1cc6a7d7e3109,E2,2024/25,2025-02-11 19:45:00+00:00,ou25,over,Max,lgb_goals,0.0300864,0.475659,2.24,0.456417,True,-0.0116502,0.25,False,False
34b4204753d09a6b,E2,2024/25,2025-02-11 20:00:00+00:00,ou25,under,Max,lgb_goals,0.0188789,0.566358,1.85,0.544681,True,-0.0203245,0.25,False,False
e603fe0c75496e9b,E0,2024/25,2025-02-22 15:00:00+00:00,ou25,over,Max,lgb_goals,0.00395024,0.573031,1.8,0.52904,False,-0.0759332,0.25,True,True
cd9545530a8fd82d,I1,2024/25,2025-02-28 19:45:00+00:00,ou25,under,Max,lgb_goals,0.0425821,0.588763,1.82,0.627098,True,0.10478,0.25,True,True
b93b30e3a401b517,E2,2024/25,2025-03-01 15:00:00+00:00,ou25,under,Max,lgb_goals,0.00654222,0.504179,2.06,0.524341,False,0.0457332,0.25,False,False
4a2e3ddb36349591,P1,2024/25,2025-03-07 20:15:00+00:00,ou25,under,Max,lgb_goals,0.00117719,0.640139,1.6,0.660151,True,0.0319604,0.25,True,True
e8a00d82e8a7a792,P1,2024/25,2025-03-10 20:15:00+00:00,ou25,under,Max,lgb_goals,0.00397338,0.573044,1.8,0.525537,True,-0.0825764,0.25,True,True
e7a9c77840fafc31,P1,2024/25,2025-03-15 15:30:00+00:00,ou25,under,Max,lgb_goals,0.00479414,0.696903,1.47,0.687504,True,-0.00879563,0.25,True,True
3a5b312e7bbaf1bd,E2,2024/25,2025-03-22 15:00:00+00:00,ou25,under,Max,lgb_goals,0.0112208,0.556288,1.87,0.509501,True,-0.0766959,0.25,False,False
068d5ee4138f9b75,E1,2024/25,2025-04-08 18:45:00+00:00,ou25,over,Max,lgb_goals,0.00456647,0.4373,2.38,0.374268,True,-0.151092,0.25,True,True
37d3760dc4a8f4c5,E1,2024/25,2025-04-08 19:00:00+00:00,ou25,over,Max,lgb_goals,0.000323641,0.536424,1.92,0.576752,False,0.0728109,0.25,True,True
da915f6d5ed81f22,I1,2024/25,2025-04-23 16:30:00+00:00,ou25,under,Max,lgb_goals,0.00966194,0.525537,1.98,0.506613,True,-0.0270588,0.25,True,True
393cbbe3a0e37b93,I1,2024/25,2025-04-27 10:30:00+00:00,ou25,under,Max,lgb_goals,0.0410441,0.578679,1.85,0.527886,True,-0.0516436,0.25,True,True
2b3b665ae9fec52b,F2,2024/25,2025-05-02 18:00:00+00:00,ou25,under,Max,lgb_goals,0.0376146,0.475011,2.26,0.516628,True,0.120909,0.25,True,True
e614fe23dd7c9513,I1,2024/25,2025-05-03 16:00:00+00:00,ou25,under,Max,lgb_goals,0.0286277,0.538041,1.97,0.548527,True,0.0475263,0.25,True,True
8c2274ba90fe1269,SP1,2024/25,2025-05-03 19:00:00+00:00,ou25,under,Max,lgb_goals,0.0474201,0.252451,4.35,0.313643,False,0.263368,0.25,True,True
e8e77d493a4aaaed,T1,2024/25,2025-05-04 13:00:00+00:00,ou25,under,Max,lgb_goals,0.00716995,0.57797,1.79,0.497304,False,-0.143175,0.25,False,False
86bc31dd94378522,G1,2024/25,2025-05-05 15:00:00+00:00,ou25,under,Max,lgb_goals,0.00414065,0.598843,1.72,0.484243,False,-0.208281,0.25,False,False
44e4fb5b1bf3c72a,SP2,2024/25,2025-05-11 16:30:00+00:00,ou25,over,Max,lgb_goals,0.00064676,0.487455,2.12,0.539166,True,0.101474,0.25,True,True
24ef9535273a495d,N1,2024/25,2025-05-14 18:00:00+00:00,ou25,over,Max,lgb_goals,0.0328541,0.766326,1.37,0.815649,False,0.0947028,0.25,True,True
262202cdc5445be1,D1,2024/25,2025-05-17 13:30:00+00:00,ou25,over,Max,lgb_goals,9.97557e-05,0.876512,1.15,0.895495,True,0.0215261,0.25,False,False
fcc6a0db5861a7a1,F1,2024/25,2025-05-17 19:00:00+00:00,ou25,over,Max,lgb_goals,0.0249386,0.765794,1.36,0.798577,True,0.0665513,0.25,False,False
48635310834ab04f,N1,2024/25,2025-05-18 12:30:00+00:00,ou25,over,Max,lgb_goals,0.00280613,0.604829,1.7,0.55764,False,-0.0784295,0.25,True,True
18cbc5aac5d4f767,T1,2024/25,2025-05-31 16:00:00+00:00,ou25,over,Max,lgb_goals,0.000754231,0.786386,1.29,0.782702,True,-0.00394059,0.25,False,False
8251f4128a480658,E2,2025/26,2025-09-06 14:00:00+00:00,ou25,under,Max,lgb_goals,0.0132009,0.420415,2.5,0.452463,False,0.0865767,0.25,False,False
0ecd1ae63a6f6b47,E3,2025/26,2025-09-06 14:00:00+00:00,ou25,under,Max,lgb_goals,0.0018832,0.587615,1.75,0.589445,True,0.00499081,0.25,True,True
5b6e7ebc32bfe823,E0,2025/26,2025-09-13 14:00:00+00:00,ou25,under,Max,lgb_goals,0.00354419,0.566718,1.82,0.570266,True,0.00977917,0.25,True,True
27f296fa06ff8364,N1,2025/26,2025-09-13 16:45:00+00:00,ou25,over,Max,lgb_goals,0.00746161,0.727199,1.41,0.748709,True,0.0365841,0.25,True,True
0e31f458411b38c3,I1,2025/26,2025-09-13 18:45:00+00:00,ou25,under,Max,lgb_goals,0.0404878,0.610257,1.75,0.575525,False,-0.0189083,0.25,True,True
3f64ee680cf5937c,D2,2025/26,2025-09-14 11:30:00+00:00,ou25,over,Max,lgb_goals,0.00700195,0.651697,1.58,0.594854,True,-0.0842867,0.25,False,False
c799549b47d3c4f9,I1,2025/26,2025-09-15 16:30:00+00:00,ou25,under,Max,lgb_goals,0.0283066,0.593299,1.78,0.611643,True,0.0583629,0.25,True,True
fad7efa19be67553,N1,2025/26,2025-10-05 14:45:00+00:00,ou25,over,Max,lgb_goals,0.00581463,0.73097,1.4,0.641904,True,-0.124135,0.25,True,True
74f4f8fc09a9c6fc,E2,2025/26,2025-10-11 14:00:00+00:00,ou25,over,Max,lgb_goals,1.03124e-05,0.567736,1.81,0.554028,True,-0.0244305,0.25,False,False
15848465ae934935,E3,2025/26,2025-10-11 14:00:00+00:00,ou25,under,Max,lgb_goals,0.0235754,0.551674,1.91,0.543488,False,0.00835255,0.25,True,True
b1d0dfe9f191b58d,SP2,2025/26,2025-10-12 14:15:00+00:00,ou25,under,Max,lgb_goals,0.00486604,0.498643,2.08,0.530916,True,0.0675662,0.25,True,True
ff5a7bb54728f8fe,E3,2025/26,2025-10-18 14:00:00+00:00,ou25,over,Max,lgb_goals,0.0109128,0.56193,1.85,0.516787,False,-0.0728943,0.25,True,True
a82837f7bbd1271d,SP2,2025/26,2025-10-19 16:30:00+00:00,ou25,over,Max,lgb_goals,0.00940964,0.576147,1.8,0.543968,False,-0.0481073,0.25,True,True
7b873ada58afc72d,E3,2025/26,2025-10-25 14:00:00+00:00,ou25,over,Max,lgb_goals,0.00277251,0.601399,1.71,0.585973,False,-0.0232153,0.25,True,True
4a992ffc76eef577,G1,2025/26,2025-10-26 15:30:00+00:00,ou25,over,Max,lgb_goals,0.0193022,0.621829,1.68,0.589771,False,-0.0338127,0.25,False,False
48e2cb028d6748cc,E2,2025/26,2025-11-15 15:00:00+00:00,ou25,over,Max,lgb_goals,0.00106814,0.526213,1.96,0.515395,False,-0.0197051,0.25,False,False
8fe9a46cafdff740,E3,2025/26,2025-11-29 15:00:00+00:00,ou25,over,Max,lgb_goals,0.0219829,0.583324,1.8,0.573851,True,0.00537335,0.25,True,True
8d842a40f965b62d,F2,2025/26,2025-12-12 19:00:00+00:00,ou25,under,Max,lgb_goals,0.0204524,0.672678,1.55,0.625159,False,-0.0530139,0.25,True,True
9abdc387681a83ed,E3,2025/26,2025-12-20 12:30:00+00:00,ou25,over,Max,lgb_goals,0.000537073,0.539257,1.91,0.545078,False,0.0112742,0.25,True,True
e1e16fdd118c8b7a,G1,2025/26,2025-12-20 14:00:00+00:00,ou25,under,Max,lgb_goals,0.00643071,0.663435,1.55,0.657162,True,-0.00309075,0.25,False,False
61c6bd19c3d1319e,SC0,2025/26,2025-12-21 15:00:00+00:00,ou25,over,Max,lgb_goals,0.00911154,0.677802,1.52,0.659227,True,-0.0187172,0.25,False,False
3bc1f385b167cb2c,P1,2025/26,2026-01-04 15:30:00+00:00,ou25,under,Max,lgb_goals,0.00822927,0.636991,1.62,0.603312,False,-0.0461246,0.25,False,False
2c884c349793dbc3,E1,2025/26,2026-01-24 12:30:00+00:00,ou25,over,Max,lgb_goals,0.0038585,0.433445,2.4,0.450875,True,0.0432757,0.25,True,True
2110955e6379beea,E2,2025/26,2026-01-24 12:30:00+00:00,ou25,over,Max,lgb_goals,0.0142288,0.522798,2,0.491083,False,-0.0484541,0.25,False,False
a4c56bd5c559a0c8,E3,2025/26,2026-01-24 15:00:00+00:00,ou25,over,Max,lgb_goals,0.00856326,0.543583,1.91,0.526518,False,-0.02337,0.25,True,True
25f5e399c7f4ad16,N1,2025/26,2026-01-25 11:15:00+00:00,ou25,over,Max,lgb_goals,0.00341598,0.661448,1.55,0.579015,False,-0.129692,0.25,True,True
3812f0c711c342c9,E1,2025/26,2026-01-26 20:00:00+00:00,ou25,over,Max,lgb_goals,0.00681256,0.577765,1.79,0.592913,True,0.0326703,0.25,True,True
07b17871beb200df,F2,2025/26,2026-01-30 19:00:00+00:00,ou25,under,Max,lgb_goals,0.0165727,0.511612,2.05,0.543488,True,0.0768782,0.25,True,True
462ddd10232e28dc,P1,2025/26,2026-02-01 18:00:00+00:00,ou25,over,Max,lgb_goals,0.0111027,0.734813,1.4,0.715719,True,-0.0152867,0.25,False,False
8cc3eb1d1c962080,P1,2025/26,2026-03-07 18:00:00+00:00,ou25,under,Max,lgb_goals,0.00945767,0.533258,1.95,0.492405,False,-0.0702911,0.25,False,False
a4c0d63c1fb54b27,SC0,2025/26,2026-03-14 15:00:00+00:00,ou25,over,Max,lgb_goals,0.00314541,0.62634,1.64,0.559579,False,-0.109568,0.25,False,False
aa15f8c0a73bcf95,P1,2025/26,2026-04-03 14:30:00+00:00,ou25,under,Max,lgb_goals,0.00140474,0.470585,2.2,0.477154,False,0.015267,0.25,False,False
d17b20b0fd256768,SP2,2025/26,2026-04-05 14:15:00+00:00,ou25,over,Max,lgb_goals,0.00383308,0.605448,1.7,0.606783,True,0.00602722,0.25,True,True
23efb2698cc74326,E1,2025/26,2026-04-06 14:00:00+00:00,ou25,under,Max,lgb_goals,0.0026341,0.548727,1.88,0.507595,True,-0.0752864,0.25,True,True
df1566dc0ad73b15,E2,2025/26,2026-04-18 14:00:00+00:00,ou25,over,Max,lgb_goals,0.0150553,0.59534,1.75,0.55237,True,-0.0599716,0.25,False,False
960c67bce583d32a,F2,2025/26,2026-05-09 18:00:00+00:00,ou25,over,Max,lgb_goals,0.0160062,0.536717,1.95,0.540374,False,0.0226693,0.25,True,True
a3d88e67a34ca977,F2,2025/26,2026-05-09 18:00:00+00:00,ou25,over,Max,lgb_goals,0.00264712,0.560263,1.84,0.568472,False,0.0171884,0.25,True,True
13fefda98021cd13,D2,2025/26,2026-05-17 13:30:00+00:00,ou25,over,Max,lgb_goals,0.00283256,0.633581,1.62,0.628017,False,-0.00599244,0.25,False,False
ca90bbb3a0ce6d5e,N1,2026/27,2026-08-08 16:45:00+00:00,1x2,D,Max,lgbd_xg,0.0830154,0.262219,4.33,0.213746,False,-0.124642,0.25,False,False
e22ba28a1936bc96,P1,2026/27,2026-08-08 19:30:00+00:00,1x2,H,Max,lgbd_xg,0.0936718,0.0890612,13,0.0886014,False,0.0843645,0.25,False,False
a06b152db56e98a9,P1,2026/27,2026-08-09 19:30:00+00:00,1x2,A,Max,lgbd_xg,0.209573,0.0493703,26,0.0269314,False,-0.415788,0.25,False,False
5622b3cb4e653d57,E0,2026/27,2026-08-22 14:00:00+00:00,1x2,A,Max,lgbd_xg,0.0812386,0.332076,3.4,0.31576,True,0.0277258,0.25,False,False
a227154689fb3815,I2,2026/27,2026-08-22 19:00:00+00:00,1x2,D,Max,lgbd_xg,0.0726325,0.334258,3.35,0.299354,False,-0.0401704,0.25,False,False
01aab8f73a60ee80,N1,2026/27,2026-08-23 14:45:00+00:00,1x2,H,Max,lgbd_xg,0.102273,0.105988,11,0.0694972,False,-0.324663,0.25,False,False
d7f3fbfc9a458e22,SP1,2026/27,2026-08-23 19:30:00+00:00,1x2,H,Max,lgbd_xg,0.123402,0.115874,10.25,0.107818,False,0.0443008,0.25,False,False
a41620bd8bc4bb15,N1,2026/27,2026-08-30 18:00:00+00:00,1x2,D,Max,lgbd_xg,0.0747701,0.196664,5.75,0.158301,False,-0.144894,0.25,False,False
fb6f42a70aedfe48,D1,2026/27,2026-09-05 16:30:00+00:00,1x2,H,Max,lgbd_xg,0.243123,0.082326,16,0.0652854,False,-0.0142914,0.25,True,True
8a897864119773d8,P1,2026/27,2026-09-05 17:00:00+00:00,1x2,H,Max,lgbd_xg,0.161522,0.0983507,12.5,0.0567649,False,-0.39989,0.25,False,False
50c2526d2e00fd17,N1,2026/27,2026-09-06 12:30:00+00:00,1x2,D,Max,lgbd_xg,0.0756696,0.250739,4.5,0.225978,True,-0.0310303,0.25,False,False
aa15952386628971,SP1,2026/27,2026-09-06 14:15:00+00:00,1x2,H,Max,lgbd_xg,0.095222,0.10531,11,0.079333,False,-0.192295,0.25,False,False
77be40efd3348279,P1,2026/27,2026-09-09 19:45:00+00:00,1x2,H,Max,lgbd_xg,0.27503,0.0844391,16,0.0345622,False,-0.650299,0.25,False,False
5acc70ea4b42a6ce,D1,2026/27,2026-09-12 13:30:00+00:00,1x2,D,Max,lgbd_xg,0.0724307,0.259656,4.33,0.225567,False,-0.070811,0.25,True,True
4cc2afca2ebe1400,D1,2026/27,2026-09-12 16:30:00+00:00,1x2,D,Max,lgbd_xg,0.0900126,0.285344,4,0.253321,True,-0.0328464,0.25,True,True
56f5b8547f8df05c,P1,2026/27,2026-09-12 17:00:00+00:00,1x2,H,Max,lgbd_xg,0.134207,0.0923621,13,0.0514769,False,-0.458651,0.25,False,False
7a6c716c904d4b56,SP1,2026/27,2026-09-13 14:15:00+00:00,1x2,H,Max,lgbd_xg,0.301963,0.0811697,17,0.0603986,False,-0.0317035,0.25,False,False
44efa042867c944b,D1,2026/27,2026-09-13 15:30:00+00:00,1x2,H,Max,lgbd_xg,0.269685,0.089667,15,0.0624962,False,-0.122228,0.25,True,True
10eac5a497d31403,P1,2026/27,2026-09-13 17:00:00+00:00,1x2,A,Max,lgbd_xg,0.172838,0.0540977,23,0.0318071,False,-0.371676,0.25,False,False
bd66cbb001f4d7ed,F1,2026/27,2026-09-13 18:45:00+00:00,1x2,H,Max,lgbd_xg,0.22061,0.103354,12.5,0.0705362,False,-0.182683,0.25,False,False
d6381b0a3b41d9bd,N1,2026/27,2026-09-15 18:00:00+00:00,1x2,D,Max,lgbd_xg,0.149126,0.110493,11,0.0786739,False,-0.200639,0.25,False,False
23db6557c5d287d7,SP1,2026/27,2026-09-15 19:30:00+00:00,1x2,H,Max,lgbd_xg,0.116669,0.0909339,13,0.0637799,False,-0.244345,0.25,False,False
75ceac88ebea7c97,SP1,2026/27,2026-09-16 19:30:00+00:00,1x2,A,Max,lgbd_xg,0.359128,0.04373,33,0.0227591,False,-0.346224,0.25,False,False
7bd44cdcdccf2d2c,D1,2026/27,2026-09-18 18:30:00+00:00,1x2,A,Max,lgbd_xg,0.570342,0.0333689,50,0.014574,False,-0.377096,0.25,True,True
4694105f5a415153,SP1,2026/27,2026-09-19 19:00:00+00:00,1x2,H,Max,lgbd_xg,0.167572,0.0915743,13.5,0.0961044,False,0.203211,0.25,False,False
7ab628ddd27d4910,I1,2026/27,2026-09-20 18:45:00+00:00,1x2,A,Max,lgbd_xg,0.109724,0.0810609,14.5,0.0616315,False,-0.169917,0.25,True,True
b3d55e94f20f6684,SP2,2026/27,2026-08-22 17:00:00+00:00,ou25,under,Max,lgb_goals,0.00182039,0.516402,2,0.484605,False,-0.0617335,0.25,True,True
eda5521cdd5042bb,F1,2026/27,2026-08-23 18:45:00+00:00,ou25,under,Max,lgb_goals,0.0128523,0.351685,3,0.330751,False,-0.0485992,0.25,False,False
74a208897a011cf9,D1,2026/27,2026-08-29 13:30:00+00:00,ou25,over,Max,lgb_goals,0.00581522,0.61714,1.67,0.608196,True,-0.0088014,0.25,True,True
a67cdc57a68382a3,E0,2026/27,2026-08-30 13:00:00+00:00,ou25,over,Max,lgb_goals,0.00621718,0.462629,2.25,0.473482,False,0.0293879,0.25,True,True
b39b79b17411acb9,E0,2026/27,2026-08-30 13:00:00+00:00,ou25,over,Max,lgb_goals,0.0140106,0.49853,2.1,0.530157,False,0.0754221,0.25,True,True
2160291b57c34229,SP2,2026/27,2026-08-30 19:30:00+00:00,ou25,under,Max,lgb_goals,0.00488584,0.530843,1.95,0.489744,False,-0.0757091,0.25,True,True
400a29984b0844d7,SC0,2026/27,2026-09-02 18:45:00+00:00,ou25,under,Max,lgb_goals,0.0210041,0.32777,3.25,0.303562,False,-0.0559416,0.25,False,False
d727e993552b17ea,D2,2026/27,2026-09-04 16:30:00+00:00,ou25,under,Max,lgb_goals,0.0210179,0.322903,3.3,0.260773,False,-0.192899,0.25,False,False
9ba1efc1ffbf839e,N1,2026/27,2026-09-04 18:00:00+00:00,ou25,under,Max,lgb_goals,0.0100763,0.38879,2.7,0.389743,False,0.0124747,0.25,True,True
1cd34442dec1530a,E0,2026/27,2026-09-05 14:00:00+00:00,ou25,over,Max,lgb_goals,0.0484465,0.51546,2.1,0.533107,False,0.0809714,0.25,True,True
33265e8cc229cfd6,E0,2026/27,2026-09-05 14:00:00+00:00,ou25,over,Max,lgb_goals,0.0540067,0.518194,2.1,0.530157,False,0.0754221,0.25,True,True
23db6557c5d287d7,SP1,2026/27,2026-09-15 19:30:00+00:00,ou25,under,Max,lgb_goals,0.00837401,0.281276,3.75,0.262136,False,-0.0621341,0.25,True,True
7bd44cdcdccf2d2c,D1,2026/27,2026-09-18 18:30:00+00:00,ou25,under,Max,lgb_goals,0.0388417,0.12193,9,0.100562,False,-0.154565,0.25,True,True
9bf53609a52eb305,D2,2026/27,2026-09-19 11:00:00+00:00,ou25,under,Max,lgb_goals,0.0152699,0.311815,3.4,0.273108,True,-0.117388,0.25,False,False
4d86a7c30617ed32,D2,2026/27,2026-09-20 11:30:00+00:00,ou25,under,Max,lgb_goals,0.0065013,0.38053,2.75,0.353463,False,-0.0673045,0.25,False,False
