model,market,div,season,n,rps,log_loss,brier,cal_slope
dc,1x2,B1,2016/17,231,0.2050947477494794,1.008190240462193,0.5937784126823692,0.8969645313714852
dc,1x2,B1,2017/18,238,0.21361570948799832,1.052221790718171,0.6285335608738791,0.7466487119952339
dc,1x2,B1,2018/19,239,0.21569210454488225,1.030903953506433,0.6172148388791627,0.8399488061533547
dc,1x2,B1,2019/20,232,0.1981997399871001,0.955157711181375,0.5647255669670768,1.311776669207809
dc,1x2,B1,2020/21,305,0.2300085796279915,1.056042010907875,0.6377041786673582,0.6968208650079982
dc,1x2,B1,2021/22,305,0.210949950691544,1.0077272792866514,0.5950808884384376,0.8951821945083508
dc,1x2,B1,2022/23,304,0.20590965414421078,0.9840568244145078,0.582453085007383,1.0067737386281308
dc,1x2,B1,2023/24,312,0.20413063153086905,1.0169211522658088,0.599622175250906,0.9191619289820051
dc,1x2,B1,2024/25,311,0.19857945632028118,1.0175025976856427,0.6046602618689404,0.9569103099853983
dc,1x2,D1,2016/17,306,0.20879646998559462,1.0044341629478524,0.604064142103741,0.8521490824333405
dc,1x2,D1,2017/18,306,0.2074777413661541,1.0223665827761823,0.611322944483061,0.8065781413260278
dc,1x2,D1,2018/19,305,0.20071669497992037,0.9850174857323004,0.5857122852322305,0.8930271447692756
dc,1x2,D1,2019/20,306,0.2103837358564571,1.0019403284443391,0.5959513053133652,0.843383567219876
dc,1x2,D1,2020/21,306,0.2117500131401311,1.030019016268127,0.617656266076289,0.7940690839157298
dc,1x2,D1,2021/22,306,0.21027302272919693,1.0051142808200533,0.5984788331288338,0.7901449984983367
dc,1x2,D1,2022/23,306,0.20782659263831268,1.0038984245248737,0.6013083502985862,0.912217746595008
dc,1x2,D1,2023/24,306,0.19958769317128613,0.9917777374191499,0.593242747783372,0.879890430315081
dc,1x2,D1,2024/25,306,0.2123810276884349,1.0271296674295738,0.6128543818554626,0.7612322428718687
dc,1x2,D2,2016/17,305,0.2233494146308209,1.0821439390088452,0.6522275805126427,0.5973174112547536
dc,1x2,D2,2017/18,306,0.23096415838192597,1.1031946967827266,0.6688108730672906,0.44686128379654466
dc,1x2,D2,2018/19,306,0.22500790479045835,1.0925020000684647,0.6556621753057026,0.5568174234349526
dc,1x2,D2,2019/20,305,0.22432742714174,1.104610848500265,0.6670306398304523,0.4297927893784182
dc,1x2,D2,2020/21,302,0.2289897145483132,1.0624927927659098,0.6404425417523585,0.9662491764262324
dc,1x2,D2,2021/22,305,0.2280829094595676,1.0953548952940089,0.6602465436584508,0.4983601543979815
dc,1x2,D2,2022/23,306,0.2230862650385706,1.0460742363234128,0.6287437493597041,1.037921808615876
dc,1x2,D2,2023/24,306,0.22590752972777722,1.0558877764465722,0.6305393483440841,0.8238173771520791
dc,1x2,D2,2024/25,306,0.22580245011963065,1.0785413288316301,0.6539469885530257,0.6299022605027996
dc,1x2,E0,2016/17,380,0.19028816412702126,0.937303604939456,0.5538728186218609,1.4298215428163794
dc,1x2,E0,2017/18,380,0.19595086884671112,0.9822949131295532,0.5817486806100666,1.0060075939314854
dc,1x2,E0,2018/19,380,0.1880639785064208,0.8998210870041591,0.5265132935760938,1.221077426539886
dc,1x2,E0,2019/20,380,0.20031470702320633,0.9749613257329176,0.579779217795953,1.0148083149244487
dc,1x2,E0,2020/21,380,0.22170095310029184,1.031740857674439,0.6151230109727349,0.7327253517357991
dc,1x2,E0,2021/22,380,0.1942108824045686,0.9496313627960343,0.5617059137766988,1.082216005856251
dc,1x2,E0,2022/23,380,0.21829494299684588,1.0309293409637255,0.6123319094049599,0.7390440780532685
dc,1x2,E0,2023/24,380,0.19275213322391432,0.9353813603788464,0.5518102601223505,1.226552179522946
dc,1x2,E0,2024/25,380,0.21603567496789383,1.0242096356204355,0.6159359307011936,0.8126972622445383
dc,1x2,E1,2016/17,552,0.225717360973832,1.0554224182291614,0.6329443061529579,0.864882887708613
dc,1x2,E1,2017/18,552,0.22607477218894173,1.0780006726491171,0.6523990100999574,0.6789484729590166
dc,1x2,E1,2018/19,551,0.21322835607854987,1.0533795520461933,0.6347189549331749,0.8543046796608851
dc,1x2,E1,2019/20,551,0.2264857169872751,1.0733056081429841,0.6494465267253052,0.7313445104292942
dc,1x2,E1,2020/21,549,0.22786526071430138,1.069492573818206,0.6451856404396143,0.6747771065040497
dc,1x2,E1,2021/22,552,0.22486267715701652,1.0638300555283047,0.6381442992916748,0.7628644192217627
dc,1x2,E1,2022/23,552,0.22357743154060633,1.0659815769831404,0.6445515989432782,0.7737241074769979
dc,1x2,E1,2023/24,552,0.22731099292520754,1.0535113695501015,0.6325933426961079,0.815977693166874
dc,1x2,E1,2024/25,552,0.208641438720093,1.0320800666781522,0.6210820967086864,0.945793584733787
dc,1x2,E2,2016/17,552,0.22521721495941094,1.0798882973815649,0.652807030338098,0.6789508986416367
dc,1x2,E2,2017/18,552,0.22366603438787083,1.0676858439053332,0.6452046147989655,0.7312399083407993
dc,1x2,E2,2018/19,552,0.22329061275272016,1.0707258536023418,0.6452270087948448,0.7299745335917397
dc,1x2,E2,2019/20,390,0.22340171012400736,1.0739945954035517,0.6464092551421668,0.6797509489023253
dc,1x2,E2,2020/21,546,0.23384490913118747,1.0796718568111383,0.651466730915704,0.6312037716043768
dc,1x2,E2,2021/22,552,0.21999325785926588,1.0561757570868948,0.63325820843674,0.915014079222917
dc,1x2,E2,2022/23,552,0.2152912342068393,1.033941278666858,0.6199888786246366,0.9259225256925855
dc,1x2,E2,2023/24,552,0.21786655675600397,1.0462774665886445,0.6228573524207167,0.8834430934936918
dc,1x2,E2,2024/25,552,0.22005600071406076,1.0409227998900263,0.6246027801494143,0.7811560398168231
dc,1x2,E3,2016/17,551,0.2295037232035848,1.0778396375966368,0.650301773483214,0.7249470707504541
dc,1x2,E3,2017/18,551,0.231770594609933,1.0902651966625945,0.6548789628387482,0.5752491670200002
dc,1x2,E3,2018/19,549,0.22333073477399717,1.0627631008974976,0.6424462037751164,0.7948406429030973
dc,1x2,E3,2019/20,426,0.2275874616812888,1.0990225804493463,0.6652358928196348,0.4889083294045993
dc,1x2,E3,2020/21,552,0.23347909319625962,1.1021962678820874,0.6658628319325354,0.4377794722411155
dc,1x2,E3,2021/22,552,0.2184265075349081,1.0564524093161183,0.6369429156452395,1.0446062760600088
dc,1x2,E3,2022/23,551,0.22331133878664222,1.0838156253722728,0.6540387577278836,0.6392111168321949
dc,1x2,E3,2023/24,552,0.23611488577547377,1.085564551560233,0.6558728233744766,0.6276711477724172
dc,1x2,E3,2024/25,550,0.23023283375539672,1.097163053206248,0.6651509745827606,0.4991007586232904
dc,1x2,F1,2016/17,378,0.2012946754691969,0.9940067486311099,0.5887574307095732,1.0776013316028423
dc,1x2,F1,2017/18,377,0.19757186530465148,0.9890479028816529,0.5810612708837494,1.0037978641355423
dc,1x2,F1,2018/19,379,0.2129648893090428,1.0458660734500393,0.628967041638357,0.7441391067205985
dc,1x2,F1,2019/20,279,0.20912052860533126,1.0117844824366335,0.6071348888262436,0.9063824822565062
dc,1x2,F1,2020/21,378,0.21853616208392357,1.0383789537896075,0.6225779681394713,0.7594915189786463
dc,1x2,F1,2021/22,380,0.20698131413747092,1.017090488021644,0.6105701197865573,0.8870083223476611
dc,1x2,F1,2022/23,380,0.20611630026806818,0.9964741538816372,0.5912885077175389,0.946116308042678
dc,1x2,F1,2023/24,306,0.21365199326906684,1.0398980822828154,0.624615030203334,0.819807807694327
dc,1x2,F1,2024/25,306,0.20905481972071574,0.9786650549562531,0.5804026723470153,1.1867251139618702
dc,1x2,F2,2016/17,376,0.22035017347569566,1.08371686654526,0.6541629421519886,0.6655175204808049
dc,1x2,F2,2017/18,379,0.22893800457465613,1.060309105839162,0.6378733812188003,0.867680583979344
dc,1x2,F2,2018/19,377,0.21868828573776916,1.0700828244142633,0.6417093620741606,0.8068984584930171
dc,1x2,F2,2019/20,277,0.22096497065918494,1.0863266438816468,0.651931001401936,0.6099249366985176
dc,1x2,F2,2020/21,379,0.21084294619943594,1.072053929137396,0.6493646563514088,0.7162858396591388
dc,1x2,F2,2021/22,380,0.2189831343655343,1.0580350498997388,0.6374484579360004,0.9389832658757901
dc,1x2,F2,2022/23,375,0.2265301295223212,1.087422076045051,0.6518780035488013,0.5903902842804798
dc,1x2,F2,2023/24,379,0.23041362702236773,1.0991875695530762,0.667175650826095,0.47019475247305886
dc,1x2,F2,2024/25,306,0.23207342153923385,1.102988929968182,0.6477961154335881,0.4725493427983209
dc,1x2,G1,2016/17,191,0.1948821446230546,0.9870825675681025,0.5830176207123295,1.0328593162451432
dc,1x2,G1,2017/18,180,0.19071623892121584,1.017914608398946,0.6060141397958008,0.8564197908503275
dc,1x2,G1,2018/19,208,0.1833553112620462,0.9228974865468472,0.5412551272868524,1.191982280649003
dc,1x2,G1,2019/20,220,0.1750267984434657,0.917262134499579,0.542853124090593,1.3377178234609848
dc,1x2,G1,2020/21,223,0.1948536031763989,0.990559555479749,0.5940244829024224,0.832291406381779
dc,1x2,G1,2021/22,240,0.2046510611588864,1.0121620098511237,0.5919433129763265,0.7941505609344613
dc,1x2,G1,2022/23,239,0.18177770217507452,0.9452349622347144,0.5671767288565224,1.0811154146314161
dc,1x2,G1,2023/24,240,0.18093170537929945,0.9271104709036725,0.5489784143976422,1.0957089144995165
dc,1x2,G1,2024/25,233,0.203429103965616,0.9753589038359867,0.5786443730695016,0.9433618580863885
dc,1x2,I1,2016/17,377,0.1878510202843442,0.919673643899334,0.5425992526443429,1.270380257112841
dc,1x2,I1,2017/18,379,0.18787029034791666,0.9266539788756966,0.5450974052432767,1.150552605361689
dc,1x2,I1,2018/19,380,0.1891848408505795,0.9741743767016993,0.5791733579861369,1.0106880914652219
dc,1x2,I1,2019/20,380,0.2119579716192419,1.0131620850856489,0.5974496922400145,0.8277574512270683
dc,1x2,I1,2020/21,378,0.194296051347916,0.9729840837308291,0.5765594191869712,0.9572060568791992
dc,1x2,I1,2021/22,379,0.20097692518094407,0.9984874501438878,0.5907723047885343,0.834357663973086
dc,1x2,I1,2022/23,380,0.20271756697941012,1.0029388962870234,0.5980886912200096,0.8626249797528146
dc,1x2,I1,2023/24,380,0.19376388285340934,0.9928053147097387,0.5941358846160829,0.9981119196392532
dc,1x2,I1,2024/25,380,0.1917324637055583,0.978420673854126,0.5858973957962403,1.0257983165195317
dc,1x2,I2,2016/17,443,0.20470615126792205,1.051045518476957,0.6351432585164455,0.8551207555555504
dc,1x2,I2,2017/18,455,0.20889645268432755,1.0755307197732036,0.6464981568263267,0.6605376797309308
dc,1x2,I2,2018/19,323,0.2083616590647211,1.057972813563493,0.6405719600462363,0.804474517667787
dc,1x2,I2,2019/20,371,0.22056963948988548,1.06344178978323,0.6398799100429884,0.785539593980313
dc,1x2,I2,2020/21,372,0.2143407656892009,1.0810103736608176,0.6557781586723448,0.6186394399515756
dc,1x2,I2,2021/22,380,0.21917128750811118,1.0785179499857143,0.6518483878475351,0.6888610415969635
dc,1x2,I2,2022/23,377,0.22376624592994535,1.1031239367514476,0.6675728068857022,0.44158235928901113
dc,1x2,I2,2023/24,379,0.22424274855565055,1.10959991818663,0.6709581527245043,0.39579590480714216
dc,1x2,I2,2024/25,380,0.21335006466687462,1.0783074651504436,0.6527377004268075,0.733560115498407
dc,1x2,N1,2016/17,303,0.19219240711092747,0.9549878569059973,0.5672256940412428,1.101242706411141
dc,1x2,N1,2017/18,290,0.200372470990781,0.9788091471912014,0.5826456667120571,1.0054400440353441
dc,1x2,N1,2018/19,302,0.19250100870275283,0.9201561536074938,0.5403486926909092,1.1202050893863307
dc,1x2,N1,2019/20,232,0.19746906677936568,0.9471022729641485,0.5587490071285834,0.8986058486722899
dc,1x2,N1,2020/21,306,0.18889221402682985,0.948662650730775,0.5659893476629893,0.9233838368725952
dc,1x2,N1,2021/22,306,0.2061684055617166,0.970002556533554,0.5749208227236587,0.8580025095396845
dc,1x2,N1,2022/23,306,0.19491310217660074,0.9594920891353641,0.5713518059588452,0.85521382900111
dc,1x2,N1,2023/24,306,0.19020322297050016,0.9565699637053972,0.5684253748628415,0.876140943355412
dc,1x2,N1,2024/25,306,0.19240227254745723,0.9654985898245724,0.5707187040050442,0.8949321490654724
dc,1x2,P1,2016/17,305,0.19871241616016527,0.9839224701596635,0.5889419612695601,0.8669275370696402
dc,1x2,P1,2017/18,299,0.18129750018618143,0.888586284391379,0.5188854997889673,1.3703662702105268
dc,1x2,P1,2018/19,298,0.18748490774818627,0.9060075872477449,0.5311594925868237,1.1834118412633339
dc,1x2,P1,2019/20,305,0.2021177185689492,0.9950765403105976,0.5937448331230673,0.7891405659204049
dc,1x2,P1,2020/21,305,0.189417263903286,0.9519431245325449,0.5644196946931674,1.0095683788294507
dc,1x2,P1,2021/22,306,0.1811379901681139,0.9503082004238067,0.5600985867976053,1.032122909321248
dc,1x2,P1,2022/23,306,0.1880184210808664,0.9049637464679582,0.5251069211982481,1.3626892289722965
dc,1x2,P1,2023/24,305,0.18394661195351864,0.9383305489549395,0.5478665585421153,1.1822181280230728
dc,1x2,P1,2024/25,306,0.18666987827232243,0.9455708954538304,0.5599253206706275,1.0454779638848573
dc,1x2,SC0,2016/17,226,0.19173528726658232,0.962912188373154,0.5728391802370383,1.3452418232107113
dc,1x2,SC0,2017/18,224,0.2134772576660595,1.0284170911922728,0.6182743200958701,0.7774193441453335
dc,1x2,SC0,2018/19,227,0.208358589110442,0.9767553518184419,0.580889871886759,0.9764678482110529
dc,1x2,SC0,2019/20,179,0.18868699148254625,0.9441338213785936,0.5585980394543505,1.0791716721070588
dc,1x2,SC0,2020/21,218,0.19842172533104377,0.9769307818856124,0.5820982439899159,0.9193403642060457
dc,1x2,SC0,2021/22,228,0.1905065296701868,0.9650894857509215,0.5783116747187386,0.93132414621875
dc,1x2,SC0,2022/23,228,0.18415004655834832,0.8844758054157433,0.5157348675865794,1.402970816313363
dc,1x2,SC0,2023/24,228,0.18934043591523358,0.9595481700854861,0.5677819052385035,0.9233644116181792
dc,1x2,SC0,2024/25,228,0.20260174258556463,0.9625375810516263,0.5704097841441957,0.9304735084682548
dc,1x2,SP1,2016/17,380,0.18305148865266102,0.9186129685003416,0.5440572422454462,1.1105101720754118
dc,1x2,SP1,2017/18,379,0.20465087776022992,0.9854815762198805,0.587029533552746,0.8460227533925947
dc,1x2,SP1,2018/19,380,0.20657806693777617,1.0283136409838418,0.6156238389317356,0.7103684224860756
dc,1x2,SP1,2019/20,378,0.20446781476120646,1.013054663498324,0.6072807202375102,0.7706834405230142
dc,1x2,SP1,2020/21,380,0.20361273165397986,1.0414754257772485,0.6098368482382108,0.6997168885702281
dc,1x2,SP1,2021/22,379,0.20011888185342322,1.0167155839199384,0.607220224495376,0.8535628048778308
dc,1x2,SP1,2022/23,380,0.20696492747811768,0.9944462510853105,0.5922841002177696,1.0459096874681875
dc,1x2,SP1,2023/24,380,0.19181995685892192,0.9812363217616806,0.5845478395084952,1.1389106346483637
dc,1x2,SP1,2024/25,380,0.1981181793144956,0.9787204342563143,0.5818262172399908,1.1270057991617026
dc,1x2,SP2,2016/17,455,0.2131241086946012,1.0662191875897862,0.6464076393238442,0.7542979015648831
dc,1x2,SP2,2017/18,452,0.21102532070348545,1.0434670952231544,0.623502798382957,0.9819437482278857
dc,1x2,SP2,2018/19,441,0.2114089393839576,1.066612314841375,0.6439220688001934,0.7678564989983737
dc,1x2,SP2,2019/20,460,0.21710264691357375,1.0889505015296772,0.6605403224045165,0.5832221190598257
dc,1x2,SP2,2020/21,459,0.2211390211036872,1.078416810610872,0.6488851115786672,0.6339690052294568
dc,1x2,SP2,2021/22,461,0.2201509788455731,1.0863661514439145,0.651868622951652,0.6017165181034799
dc,1x2,SP2,2022/23,462,0.20709498261167672,1.0563882862286034,0.6367097556254676,0.9395832403470286
dc,1x2,SP2,2023/24,460,0.2126642545679073,1.0526755180365008,0.6365508026069654,0.9277544570489044
dc,1x2,SP2,2024/25,462,0.21448817399668732,1.046308493502712,0.6306809908796629,1.070670315616829
dc,1x2,T1,2016/17,301,0.21564077289464964,1.0132328843880674,0.6066524594072739,1.0207804093789843
dc,1x2,T1,2017/18,295,0.19973768983195989,0.9689562842988704,0.5758572863567869,1.4403902768278176
dc,1x2,T1,2018/19,306,0.2110042030101255,1.0412118995402537,0.6269876303185422,0.8310320383010781
dc,1x2,T1,2019/20,302,0.21976680970070078,1.0703622205782364,0.6363070772981605,0.6327997944109937
dc,1x2,T1,2020/21,420,0.21328967578258864,1.0452167247415518,0.629083332279257,0.7762512268140975
dc,1x2,T1,2021/22,379,0.22208411151340374,1.0451211695806377,0.6271970548696587,0.8259303745390489
dc,1x2,T1,2022/23,313,0.2056714326004454,0.9942128548894386,0.588102138666041,1.1284394209940183
dc,1x2,T1,2023/24,379,0.2018778370600917,1.0127621248438918,0.5963583310761089,0.9193536253043475
dc,1x2,T1,2024/25,340,0.20771385628494882,1.0030973620772365,0.594706154281813,1.0862182815884303
elo,1x2,B1,2016/17,231,0.20012685934749924,0.9817980958058646,0.5828498828717007,1.1328517452199063
elo,1x2,B1,2017/18,238,0.2151217848208182,1.0449115832604168,0.6308281467524193,0.7116907628032187
elo,1x2,B1,2018/19,239,0.2142041264651466,1.029321490546754,0.6149921625122072,0.6963711123376697
elo,1x2,B1,2019/20,232,0.19658222341186637,0.9494534274395848,0.5596437264350529,1.165134934374912
elo,1x2,B1,2020/21,305,0.23604811117808555,1.0765978530081615,0.6516996127419048,0.5684899913685469
elo,1x2,B1,2021/22,305,0.21515257945634342,1.013780638530336,0.6070248249134996,0.8947713233790588
elo,1x2,B1,2022/23,304,0.20577345546487094,0.978064570632338,0.5791037852256631,1.076528205019111
elo,1x2,B1,2023/24,312,0.20088414192599105,0.9954530645486411,0.5923809271934619,1.1976828618129403
elo,1x2,B1,2024/25,311,0.19992480985591138,1.016600810305865,0.6067271014935062,0.917929386356091
elo,1x2,D1,2016/17,306,0.21940891293316248,1.0418958742530444,0.6273420192715381,0.6020796928571645
elo,1x2,D1,2017/18,306,0.2098666678188787,1.0254353460228738,0.6151452283413176,0.803178886155622
elo,1x2,D1,2018/19,305,0.19959302407702353,0.978910955378712,0.5815228434207668,0.9433266975946427
elo,1x2,D1,2019/20,306,0.20993517184346983,0.9936336316369015,0.5929016233247485,0.8962925568391331
elo,1x2,D1,2020/21,306,0.20575567596320674,1.0119867270117027,0.6051512566516924,0.8153474641805666
elo,1x2,D1,2021/22,306,0.20590311818372706,0.9913046660143036,0.5902881546407871,0.9807063599145411
elo,1x2,D1,2022/23,306,0.2049535151167823,0.9966399888221222,0.5959996312101322,0.9388805171997082
elo,1x2,D1,2023/24,306,0.19728265258454222,0.9827319356093722,0.586047380543397,1.0198184684337173
elo,1x2,D1,2024/25,306,0.21265094636201085,1.0238134205736704,0.6143841511143333,0.8293725260186847
elo,1x2,D2,2016/17,305,0.21694863384649563,1.0588737908074939,0.6388277039761793,1.1302342275041997
elo,1x2,D2,2017/18,306,0.23014063810230442,1.099219231658078,0.6670203286607687,0.48277610961843676
elo,1x2,D2,2018/19,306,0.22219252163395536,1.073788597570604,0.6482005166917199,0.8652658740463331
elo,1x2,D2,2019/20,305,0.21631782560083151,1.0743685502416174,0.6503345326193629,0.9289512962686104
elo,1x2,D2,2020/21,302,0.2255746426768742,1.0520646610502482,0.6332492301224173,1.3406278420069901
elo,1x2,D2,2021/22,305,0.22411004915179883,1.0758612976097748,0.6512477645410883,0.8965015466315238
elo,1x2,D2,2022/23,306,0.22144308511619795,1.0413376076262202,0.6257323023165006,1.3582859664720253
elo,1x2,D2,2023/24,306,0.2196625531505484,1.0315414809282357,0.6188595640702932,1.5266538390555449
elo,1x2,D2,2024/25,306,0.2234371044382774,1.0727265391977658,0.6484090422268097,0.7382965427656927
elo,1x2,E0,2016/17,380,0.19109753332657062,0.9383040478897746,0.5527839151436843,1.1422042495801785
elo,1x2,E0,2017/18,380,0.19065567492350272,0.9630385377885309,0.570707314246715,0.8738120176791355
elo,1x2,E0,2018/19,380,0.18787586622970878,0.8957608085674553,0.5239335223108312,1.007423596313346
elo,1x2,E0,2019/20,380,0.1995757257412556,0.9721602796585145,0.5781031589305438,0.8500613487719545
elo,1x2,E0,2020/21,380,0.22282840687572647,1.0382289742575075,0.6168760206611335,0.676674723972031
elo,1x2,E0,2021/22,380,0.1965585564364496,0.9583452301957224,0.5690572041522921,0.9778605656486484
elo,1x2,E0,2022/23,380,0.20911080124257608,0.997468599704082,0.594308443991725,0.8279526233552378
elo,1x2,E0,2023/24,380,0.19105655047916487,0.9316402762100905,0.549357710710866,1.1693568905813074
elo,1x2,E0,2024/25,380,0.20256721136214328,0.9876988187899286,0.5901282742808596,0.9094848565293238
elo,1x2,E1,2016/17,552,0.22141068190783686,1.0388854194130224,0.6239646892729371,1.1028591919352166
elo,1x2,E1,2017/18,552,0.216523816991096,1.0448568757787577,0.629965710463787,0.9897128951332311
elo,1x2,E1,2018/19,551,0.20981197782285876,1.040690814503076,0.6270843013114805,1.058152249301823
elo,1x2,E1,2019/20,551,0.22388294620387822,1.0670423424287938,0.6440190960206071,0.7980720657793839
elo,1x2,E1,2020/21,549,0.22269818724766885,1.0538956505718449,0.6343994579246743,0.842561685156841
elo,1x2,E1,2021/22,552,0.22200392767881802,1.0518012032623043,0.6330723927863809,0.9038911542545893
elo,1x2,E1,2022/23,552,0.22234218627067592,1.0634827734758658,0.6426889225644102,0.809005412604361
elo,1x2,E1,2023/24,552,0.22338202667607432,1.0411518607305696,0.6252175870706355,1.1045549470675065
elo,1x2,E1,2024/25,552,0.21050704452104874,1.0377925177133325,0.6248419331483972,1.1258181346549108
elo,1x2,E2,2016/17,552,0.21563584265807195,1.0501461510806949,0.6326449607129312,1.098461478399463
elo,1x2,E2,2017/18,552,0.2212823883089791,1.0599622754934899,0.6398192274883596,0.9272579328863724
elo,1x2,E2,2018/19,552,0.22016818783921938,1.0543157837031638,0.6367365969783222,0.9772195474992915
elo,1x2,E2,2019/20,390,0.20944762601240707,1.0305672100841814,0.6181089009965687,1.2823525013304475
elo,1x2,E2,2020/21,546,0.22935255079032077,1.064327321913932,0.6427813180332484,0.8246093117107974
elo,1x2,E2,2021/22,552,0.20975842916210627,1.0222264954687992,0.6113834980847487,1.290311221690109
elo,1x2,E2,2022/23,552,0.21105619528109865,1.0191399462255455,0.6108752033002737,1.1499737330158548
elo,1x2,E2,2023/24,552,0.21623524071870168,1.0283960112732402,0.6168238831574134,1.0674119868789427
elo,1x2,E2,2024/25,552,0.2208176594331415,1.039020866616582,0.6253133104367331,0.9301497790897756
elo,1x2,E3,2016/17,551,0.2252898980704344,1.0644207513101174,0.64235257638265,1.082084684944468
elo,1x2,E3,2017/18,551,0.22556187793487015,1.0642930038644942,0.6425851375158504,0.9682565313805469
elo,1x2,E3,2018/19,549,0.22484309705702063,1.0677041450872975,0.6455445758735775,0.9172434051645213
elo,1x2,E3,2019/20,426,0.22226598942585432,1.0796229225768736,0.6531986501069362,0.7761731424870721
elo,1x2,E3,2020/21,552,0.230579479941294,1.0887547577553887,0.6602195303534225,0.6434486195493189
elo,1x2,E3,2021/22,552,0.21660161637931405,1.0496935177960292,0.6317743576510959,1.2123557311675617
elo,1x2,E3,2022/23,551,0.22053887207538914,1.0709965336592415,0.6475152038665432,0.949854579944657
elo,1x2,E3,2023/24,552,0.22684750025576272,1.0550684991020998,0.6363061471959284,1.118021028915962
elo,1x2,E3,2024/25,550,0.22234069635061673,1.0737381677497932,0.6491791156425206,0.9113688623995018
elo,1x2,F1,2016/17,378,0.19568157842245437,0.9693214276700521,0.5748297804573859,1.0333865404624603
elo,1x2,F1,2017/18,377,0.1947292772671715,0.9666980623230591,0.5749894542162465,0.8800404392522001
elo,1x2,F1,2018/19,379,0.21651564809328266,1.0583672469736836,0.6360000957420515,0.5934630373624036
elo,1x2,F1,2019/20,279,0.20816051972006228,1.0113057791050617,0.6076907139229718,0.8871160105120762
elo,1x2,F1,2020/21,378,0.21820054816550685,1.0401771874467107,0.620650919166823,0.75503949340823
elo,1x2,F1,2021/22,380,0.20874911234661764,1.0217650045884688,0.6134885752696625,0.8154916365448119
elo,1x2,F1,2022/23,380,0.2009885497565852,0.9789409727685043,0.5809702120370356,1.0028700584631085
elo,1x2,F1,2023/24,306,0.21479932202356358,1.0390987023014928,0.625757209952237,0.8950693458631427
elo,1x2,F1,2024/25,306,0.20617797749108172,0.9729011066732676,0.5767005792663019,1.1494188790468238
elo,1x2,F2,2016/17,376,0.22161618479949738,1.0846865942864976,0.6549818039619273,0.6370873365084478
elo,1x2,F2,2017/18,379,0.22688291183920906,1.0634868833701308,0.6373766552077184,0.7817711070470563
elo,1x2,F2,2018/19,377,0.21746568357037824,1.0623288492873202,0.6419213671181916,0.8249311258320288
elo,1x2,F2,2019/20,277,0.22319993354490034,1.08381201006584,0.654890626273339,0.6384819248391517
elo,1x2,F2,2020/21,379,0.20672584047206258,1.0526938424690937,0.6364193375221356,1.0024686715295785
elo,1x2,F2,2021/22,380,0.21757092727479277,1.054484583920638,0.6355008963229958,1.0601523211796473
elo,1x2,F2,2022/23,375,0.22017009539789548,1.0569702569776276,0.636982286206274,1.0488323630870817
elo,1x2,F2,2023/24,379,0.22546760514169167,1.083945856618527,0.6556095327763827,0.6644498283746398
elo,1x2,F2,2024/25,306,0.22076695790288914,1.0407098770599885,0.6248817018246531,1.198728158929704
elo,1x2,G1,2016/17,191,0.18982879250519588,0.9667595149662553,0.5746849108815262,0.81629428333015
elo,1x2,G1,2017/18,180,0.19001660230429407,1.0119595456721846,0.6101403080838008,0.6826622678510534
elo,1x2,G1,2018/19,208,0.1747286555782345,0.8862214841311533,0.5202910862944145,0.969021391403758
elo,1x2,G1,2019/20,220,0.17380783242209258,0.9097755441582135,0.5396977213314197,0.9934713265873096
elo,1x2,G1,2020/21,223,0.20252574807583668,1.0178620664502671,0.6108143106876842,0.6102960511164505
elo,1x2,G1,2021/22,240,0.20865181489507886,1.0205606817467483,0.600666430219307,0.6201652027734382
elo,1x2,G1,2022/23,239,0.18146454951522956,0.9480466936956924,0.5713250105610234,0.8617889263071167
elo,1x2,G1,2023/24,240,0.17737635693671586,0.9080071835438184,0.5374177711024991,0.9942739131865271
elo,1x2,G1,2024/25,233,0.21198694333843876,1.0131099377499047,0.5989622956003996,0.6983904104647444
elo,1x2,I1,2016/17,377,0.1871080374465618,0.9132485631717595,0.5378067353162861,1.018707238315867
elo,1x2,I1,2017/18,379,0.1890837857042138,0.9251701877693511,0.5463141044705095,1.0000004290556066
elo,1x2,I1,2018/19,380,0.1907731474418088,0.9828026924629066,0.5819707337853142,0.7055453095062983
elo,1x2,I1,2019/20,380,0.20751896180775506,0.9891470734207501,0.5879918134397696,0.8869661445798254
elo,1x2,I1,2020/21,378,0.18891596057848656,0.9513192665146156,0.5647465081054222,1.0512052499379525
elo,1x2,I1,2021/22,379,0.20049023726053494,0.9915342391150767,0.5899915821521386,0.8306734536563222
elo,1x2,I1,2022/23,380,0.19885348916024434,0.9884972874709532,0.5895481279448316,0.8630091883696459
elo,1x2,I1,2023/24,380,0.19153396856925578,0.9891019908180615,0.5920894078708117,0.8837892284649385
elo,1x2,I1,2024/25,380,0.19024260319887384,0.9765809857144351,0.5842039689963099,0.9692068521909151
elo,1x2,I2,2016/17,443,0.2055025178938649,1.0532477866321146,0.6386258337101468,0.9981311281839823
elo,1x2,I2,2017/18,455,0.20752883124413118,1.058270096396715,0.6397961399533645,0.9369594011461907
elo,1x2,I2,2018/19,323,0.20572284661678725,1.045765452150381,0.6327097260112394,1.0280218183079146
elo,1x2,I2,2019/20,371,0.2215062619077412,1.0675184837800773,0.6446379936883703,0.7896569322356486
elo,1x2,I2,2020/21,372,0.2133511546583327,1.0767066859770837,0.6534700414841146,0.6727082493689416
elo,1x2,I2,2021/22,380,0.2139677668918078,1.0604632020530755,0.641392676883858,0.8270254662183467
elo,1x2,I2,2022/23,377,0.21686480945479292,1.076753338268497,0.6502729054619293,0.7888086949031651
elo,1x2,I2,2023/24,379,0.21788736450560728,1.0801372073440572,0.6543014089069437,0.7159183067688583
elo,1x2,I2,2024/25,380,0.2139340172283735,1.0766969432840867,0.6517934992358263,0.8085818500875557
elo,1x2,N1,2016/17,303,0.19205582758985584,0.9579409527595167,0.5711098544775316,0.8804526634192414
elo,1x2,N1,2017/18,290,0.19775191040631077,0.9748230055646625,0.5789346685922806,0.777555605420823
elo,1x2,N1,2018/19,302,0.19389182323764861,0.9237117825687619,0.5436142091514877,1.0498086658224113
elo,1x2,N1,2019/20,232,0.19967032965606982,0.9548759101724604,0.5617857939647146,0.8443035634779198
elo,1x2,N1,2020/21,306,0.19017893534320432,0.9542667193964975,0.5685152282583188,0.9267531063574309
elo,1x2,N1,2021/22,306,0.20558695912580638,0.9674310502088135,0.5736293949570831,0.7903319166078007
elo,1x2,N1,2022/23,306,0.18780502259004314,0.9414172295565542,0.5582102164348116,0.880121462120958
elo,1x2,N1,2023/24,306,0.17896867934889743,0.9174181122271962,0.5417749529154712,1.0529237664539217
elo,1x2,N1,2024/25,306,0.1947855742443236,0.9695991387195717,0.5771729070275523,0.841139028906397
elo,1x2,P1,2016/17,305,0.19650018545949047,0.9856051808059613,0.5859377538990794,0.7057038341214575
elo,1x2,P1,2017/18,299,0.18363061764030325,0.8959602885145433,0.5231961822490191,1.1447437812949337
elo,1x2,P1,2018/19,298,0.18889120773634915,0.914110872925247,0.5351240648869521,0.8317418612859566
elo,1x2,P1,2019/20,305,0.2101220999086193,1.0306127074019216,0.6088260961610791,0.5668654109804958
elo,1x2,P1,2020/21,305,0.19325030607728746,0.9627236492238695,0.5716572526294292,0.8348031918806256
elo,1x2,P1,2021/22,306,0.17861521135224603,0.9318945799513052,0.5530762846093482,0.9095449931561326
elo,1x2,P1,2022/23,306,0.18058007927436587,0.8671533088251928,0.5034012944901621,1.2068095728731694
elo,1x2,P1,2023/24,305,0.1804107367291867,0.9178455813844187,0.5385700500894418,0.9805470844176143
elo,1x2,P1,2024/25,306,0.18822684356434527,0.946896987406366,0.5617300516946406,0.8600808070003899
elo,1x2,SC0,2016/17,226,0.1927960117550571,0.962402512662011,0.571638031295338,1.1676221726905438
elo,1x2,SC0,2017/18,224,0.2139556805487167,1.0479237593004076,0.6224740970351582,0.561673866069383
elo,1x2,SC0,2018/19,227,0.19217872661118723,0.927433652312843,0.5468845068271354,1.1864436011922679
elo,1x2,SC0,2019/20,179,0.18902300237943398,0.9513716415321085,0.5618974291550151,0.9686641889675491
elo,1x2,SC0,2020/21,218,0.19619456967964125,0.9733619047247017,0.5805472350627625,0.8336405662480283
elo,1x2,SC0,2021/22,228,0.18967069727112518,0.9706291773351814,0.5794365087787413,0.8989718277814007
elo,1x2,SC0,2022/23,228,0.1907089609860313,0.8976993037595874,0.5260531055165415,1.2826502039696037
elo,1x2,SC0,2023/24,228,0.1874136770993474,0.9526019162673018,0.5626547830397429,0.9301712595884833
elo,1x2,SC0,2024/25,228,0.20739582165661224,0.9746606728984175,0.5783869379495943,0.910785072179657
elo,1x2,SP1,2016/17,380,0.18170188042987354,0.9158014582493147,0.5395768308283619,0.926026056212996
elo,1x2,SP1,2017/18,379,0.2052585851712831,0.9923707592253013,0.5895740309763118,0.672468231610062
elo,1x2,SP1,2018/19,380,0.20712322143392947,1.0309619586176384,0.6180061053892034,0.7297432298367594
elo,1x2,SP1,2019/20,378,0.2050854271609167,1.0171965111807864,0.6109398752969668,0.7772216025809952
elo,1x2,SP1,2020/21,380,0.19608069037502882,0.9958604354060165,0.5944251212838136,0.8444616326977827
elo,1x2,SP1,2021/22,379,0.19683324021508783,1.0050229975487837,0.6007123494773958,0.8267386430567656
elo,1x2,SP1,2022/23,380,0.20501276867258877,0.9912431854785551,0.5886393091839999,0.918782156423207
elo,1x2,SP1,2023/24,380,0.18663551974459622,0.9592861097670059,0.5710895916705381,1.1865344387148642
elo,1x2,SP1,2024/25,380,0.19594988958448484,0.9733017042173451,0.5779114692824655,1.1483804703977682
elo,1x2,SP2,2016/17,455,0.2089817941912073,1.0537585986121638,0.6361064484774378,1.031581370298178
elo,1x2,SP2,2017/18,452,0.20735620336908345,1.0286903021536244,0.6185805353374045,1.233599608526542
elo,1x2,SP2,2018/19,441,0.20667991681398076,1.048277681977835,0.6336248434878284,1.0592679191969445
elo,1x2,SP2,2019/20,460,0.21773261247454948,1.09016287224816,0.6615777182150634,0.583541113241967
elo,1x2,SP2,2020/21,459,0.21890514957923257,1.0639571504211898,0.6412022776831877,0.8101890082583666
elo,1x2,SP2,2021/22,461,0.21344551001353632,1.052267345244683,0.6348556757729243,0.9655307625878803
elo,1x2,SP2,2022/23,462,0.20363864702144946,1.0428868715717579,0.6291903196306304,1.0777512187849685
elo,1x2,SP2,2023/24,460,0.21184286714480355,1.0513603715611877,0.634807617555627,0.989222126304041
elo,1x2,SP2,2024/25,462,0.21082785669685608,1.036626778026695,0.6235662477417404,1.1445863290715637
elo,1x2,T1,2016/17,301,0.2119204031008539,1.0041927744380912,0.5988482158623809,0.8499513151555622
elo,1x2,T1,2017/18,295,0.1966223946846169,0.9586057388745242,0.5696807565329792,1.3022477233092316
elo,1x2,T1,2018/19,306,0.21011628471230873,1.0436939171405253,0.6270491656977626,0.6789597782912717
elo,1x2,T1,2019/20,302,0.21169919268816645,1.029648757939286,0.616346931477061,0.8040357420212035
elo,1x2,T1,2020/21,420,0.21133122643955116,1.0371842544930976,0.62274263186096,0.8110843766637179
elo,1x2,T1,2021/22,379,0.21147716547343673,1.012117757224762,0.6071101073119952,0.9782479149220026
elo,1x2,T1,2022/23,313,0.20909890177900498,0.9996233258053823,0.5958590961026997,1.1347716697745442
elo,1x2,T1,2023/24,379,0.19432105688108353,0.972156092839007,0.5771902795629685,1.0193901383243023
elo,1x2,T1,2024/25,340,0.19291884406278256,0.9513062511471998,0.563468119305417,1.0732456060015674
pi,1x2,B1,2016/17,231,0.19980447489700742,0.9806151208100015,0.5838490808398605,0.9894164901021159
pi,1x2,B1,2017/18,238,0.21497394599023187,1.0442043517857147,0.629793155943879,0.7275685439437146
pi,1x2,B1,2018/19,239,0.21458579982029846,1.026436849489533,0.6138702669760682,0.857435353118829
pi,1x2,B1,2019/20,232,0.19965197660435974,0.9585884229571789,0.567219282604624,1.0733570192022126
pi,1x2,B1,2020/21,305,0.2362615629029036,1.0776317112724052,0.6524878661282352,0.5874313309277648
pi,1x2,B1,2021/22,305,0.21035646884087586,0.9980765959171854,0.5961450315342588,1.1792640575353879
pi,1x2,B1,2022/23,304,0.20643899089008833,0.9814038048476588,0.5813202130555399,1.0994066262362792
pi,1x2,B1,2023/24,312,0.20213665444739215,0.9993572454800403,0.5948993437087176,1.135205737302945
pi,1x2,B1,2024/25,311,0.20159060537001114,1.0219377709065782,0.6111090392248986,0.8654482791829959
pi,1x2,D1,2016/17,306,0.21366095333570065,1.0249527000749974,0.6152562170552259,0.6662129576139909
pi,1x2,D1,2017/18,306,0.2103211795131191,1.029223653826777,0.6183188283943087,0.7260295787934349
pi,1x2,D1,2018/19,305,0.20359463948399878,0.9911705449915722,0.590194321837882,0.8330378620063384
pi,1x2,D1,2019/20,306,0.20938722720583575,0.9919161031967811,0.5907655950808993,0.9166442791682505
pi,1x2,D1,2020/21,306,0.20415720187225045,1.0072160465078945,0.6012201514432871,0.8654293956604212
pi,1x2,D1,2021/22,306,0.20958212348596028,1.002938927250748,0.5988128076566426,0.8976451720293814
pi,1x2,D1,2022/23,306,0.20507223466304816,0.9974184649618996,0.5971829665046817,0.9427011673237891
pi,1x2,D1,2023/24,306,0.1937645872964012,0.9727371735884893,0.5789236553044623,1.1240245538694587
pi,1x2,D1,2024/25,306,0.2112092336985299,1.0184188680750144,0.6105975598720907,0.9171631823526734
pi,1x2,D2,2016/17,305,0.21822606764105218,1.062637073625071,0.6410497761903041,1.0236145639630205
pi,1x2,D2,2017/18,306,0.22865403355828284,1.0947183960730267,0.664205727856515,0.5597602865670588
pi,1x2,D2,2018/19,306,0.22076206769048176,1.0696794008524075,0.6458868166273649,0.8932546838064587
pi,1x2,D2,2019/20,305,0.21460946005410866,1.0694093059076792,0.6465946591548377,0.9622576710901651
pi,1x2,D2,2020/21,302,0.22389343474203077,1.0469308711850347,0.6292369083972724,1.235607029269381
pi,1x2,D2,2021/22,305,0.22394996581424148,1.0753933920053373,0.650294388425767,0.881751853903163
pi,1x2,D2,2022/23,306,0.22083287516535927,1.039504379531698,0.6249164824143068,1.1755803919808159
pi,1x2,D2,2023/24,306,0.2198530288471887,1.0321117026103868,0.6192944573080672,1.3525045174484926
pi,1x2,D2,2024/25,306,0.22263025771949574,1.0706619952639516,0.647352834823024,0.7383500576209486
pi,1x2,E0,2016/17,380,0.1954001565887361,0.9518806034151693,0.5628700200024777,1.0480631432671965
pi,1x2,E0,2017/18,380,0.1895928332054145,0.9597250999258087,0.569166160341602,0.8777560900902571
pi,1x2,E0,2018/19,380,0.1881032312847843,0.8965161075784334,0.5263268743759909,1.0406537519989474
pi,1x2,E0,2019/20,380,0.19703609558140883,0.9653937006298648,0.5731673663300851,0.8853077954529549
pi,1x2,E0,2020/21,380,0.22343312954266134,1.0382550931993126,0.618338138126859,0.6956514811893455
pi,1x2,E0,2021/22,380,0.19779613540258,0.961894212004396,0.5711695728320246,0.9963548900520462
pi,1x2,E0,2022/23,380,0.2078393817564811,0.9926134058699874,0.5921094218521625,0.8756035673161665
pi,1x2,E0,2023/24,380,0.19258608728480206,0.9369659767327838,0.5527691662741606,1.136007506518158
pi,1x2,E0,2024/25,380,0.20370367324877536,0.9910083991945344,0.5915638432227952,0.9179929681339806
pi,1x2,E1,2016/17,552,0.21865816694066673,1.0308439772508948,0.6185477338169257,1.2708786270991106
pi,1x2,E1,2017/18,552,0.2196030544885242,1.0540698013408174,0.6364830170395006,0.8561060943770075
pi,1x2,E1,2018/19,551,0.2124776362559324,1.048664166668027,0.6328991184542746,0.9463332681557953
pi,1x2,E1,2019/20,551,0.22346793187698558,1.0657252012604053,0.6432962693876701,0.8390550148472755
pi,1x2,E1,2020/21,549,0.22419715708610313,1.0583564969461825,0.6378748914429685,0.9496997086931138
pi,1x2,E1,2021/22,552,0.22292066309962635,1.0541147632755439,0.6349764975942622,0.9310550241576707
pi,1x2,E1,2022/23,552,0.22237654671949517,1.0633849775357114,0.6423747137629412,0.8727631010384888
pi,1x2,E1,2023/24,552,0.22632172227613495,1.0494057970183635,0.6315155127800144,1.0557387622234813
pi,1x2,E1,2024/25,552,0.2113525752852698,1.0403700855936995,0.6265251834821723,1.092517962836449
pi,1x2,E2,2016/17,552,0.21532897503214063,1.049542497911585,0.6324430568745025,1.037662557593065
pi,1x2,E2,2017/18,552,0.2224233207424153,1.0633450016521917,0.6424898236256205,0.8681703217972081
pi,1x2,E2,2018/19,552,0.22219012346084802,1.060158217331065,0.6406291608793429,0.9660315356855416
pi,1x2,E2,2019/20,390,0.21085748984226307,1.0347099019882833,0.6212710665822713,1.2296659372680137
pi,1x2,E2,2020/21,546,0.22970533379247182,1.0652910976810421,0.643579856989212,0.8116480993283303
pi,1x2,E2,2021/22,552,0.21174835108553855,1.0287764861778992,0.6164943888984034,1.2989853918676713
pi,1x2,E2,2022/23,552,0.21194240934935069,1.0217195515523643,0.612761593755739,1.1088556430496759
pi,1x2,E2,2023/24,552,0.2193428011671395,1.0373646396822882,0.6235942655859549,1.077894595889092
pi,1x2,E2,2024/25,552,0.2197843341941173,1.0356644827057782,0.6229910957262262,1.0756666006952944
pi,1x2,E3,2016/17,551,0.22611129635546853,1.0669004674641966,0.6443448212987617,1.0961645651136391
pi,1x2,E3,2017/18,551,0.22436223399245303,1.0607256107852392,0.6398680580877836,1.0439396098169802
pi,1x2,E3,2018/19,549,0.22436060181157644,1.0661742631972313,0.6440166541422918,0.9375623546824658
pi,1x2,E3,2019/20,426,0.22029547476473124,1.0740679488642886,0.6495502376854773,0.8156425355023091
pi,1x2,E3,2020/21,552,0.2308860795247204,1.0896104153176311,0.660817074729899,0.6318062033631738
pi,1x2,E3,2021/22,552,0.21755568967724692,1.0524726552191637,0.6337556070188505,1.1012223381929966
pi,1x2,E3,2022/23,551,0.22122290292220625,1.0728972644644796,0.6487847806509853,0.8801014065691242
pi,1x2,E3,2023/24,552,0.2274393157441137,1.0567992422587174,0.6372506608628564,1.0989837039872066
pi,1x2,E3,2024/25,550,0.22267470261497602,1.0746751033132402,0.6496792390067555,0.8573433984101795
pi,1x2,F1,2016/17,378,0.19677849636663852,0.975312281755507,0.5771489570334746,0.8906630641296253
pi,1x2,F1,2017/18,377,0.19711180132679462,0.973639013631116,0.5798191564683145,0.8971830759714102
pi,1x2,F1,2018/19,379,0.21339143891024198,1.044317007720672,0.629556579978199,0.6837066393835307
pi,1x2,F1,2019/20,279,0.20710356746636585,1.007188987791572,0.6049505925624038,0.8940056466959326
pi,1x2,F1,2020/21,378,0.2180132478178215,1.0394377760665892,0.620773663190065,0.7760035856623971
pi,1x2,F1,2021/22,380,0.21008568573064074,1.024996000625446,0.6149077697018066,1.0310237225454288
pi,1x2,F1,2022/23,380,0.20222368797523774,0.9833890424159984,0.5833200529075504,1.0872415550860355
pi,1x2,F1,2023/24,306,0.2172784207405278,1.046137063537341,0.63141946020352,0.9042943300433417
pi,1x2,F1,2024/25,306,0.2059691221676447,0.9720382635538021,0.5773265416183851,1.2796386054650664
pi,1x2,F2,2016/17,376,0.22429246318840784,1.092818589275524,0.6608047735178801,0.562617126414624
pi,1x2,F2,2017/18,379,0.22435311856901347,1.0547493130260401,0.6319338510196361,0.8898150824507379
pi,1x2,F2,2018/19,377,0.22097281209569655,1.073072992921894,0.6486586355797418,0.7228760821339596
pi,1x2,F2,2019/20,277,0.22391792979130576,1.0856762424873068,0.6570430959763784,0.6754158223324322
pi,1x2,F2,2020/21,379,0.20948559446783568,1.0614655559386519,0.6421424645086267,1.1491284502626566
pi,1x2,F2,2021/22,380,0.218891505843745,1.0585500712307876,0.6388302542968103,1.093359081265154
pi,1x2,F2,2022/23,375,0.22221300138833536,1.0628391220436497,0.6412355999272971,1.173401396685874
pi,1x2,F2,2023/24,379,0.22360935860668962,1.077865711376229,0.6514664770560256,0.7950527282297485
pi,1x2,F2,2024/25,306,0.22078678882863934,1.0394625725703854,0.6242994613401676,1.3427850904300964
pi,1x2,G1,2016/17,191,0.1926880103639964,0.9775051238191234,0.5811873768867494,0.7904939941269833
pi,1x2,G1,2017/18,180,0.1883970756075946,1.006832536365106,0.6061994412069138,0.7322268590082291
pi,1x2,G1,2018/19,208,0.18035745538120318,0.9070088528536012,0.5336386852682231,1.0293332445871142
pi,1x2,G1,2019/20,220,0.18001080063296482,0.9299279347933048,0.5530643011102735,0.9438967673910594
pi,1x2,G1,2020/21,223,0.1985992522240468,0.99917306849316,0.6015359611126906,0.7275774645657964
pi,1x2,G1,2021/22,240,0.20316224360287524,0.9963682805968913,0.5897326098694595,0.7974239084206992
pi,1x2,G1,2022/23,239,0.17361608346233154,0.9223864849161657,0.5506034359994195,1.1022822069199079
pi,1x2,G1,2023/24,240,0.1816146869009776,0.9235354495032572,0.5455262421572873,0.9250209182978235
pi,1x2,G1,2024/25,233,0.21004067319224676,1.0091728180924318,0.5958943948034611,0.7135582925583288
pi,1x2,I1,2016/17,377,0.18844079764569333,0.9175383442830127,0.5421513198207757,1.05324593878951
pi,1x2,I1,2017/18,379,0.19135458236124792,0.9316288912589153,0.5508390724745054,0.9698198264025972
pi,1x2,I1,2018/19,380,0.18853203050533454,0.9730924004456043,0.5763981929725832,0.8199236799959206
pi,1x2,I1,2019/20,380,0.20780977654695662,0.9899174975806339,0.588402282848701,0.9135088521102779
pi,1x2,I1,2020/21,378,0.18652663675314232,0.9443313285963534,0.5598871832998653,1.0932374378842706
pi,1x2,I1,2021/22,379,0.19933132642622153,0.9875037212986136,0.5882319237354071,0.8649969250423912
pi,1x2,I1,2022/23,380,0.20076317377944974,0.9939744031622061,0.5928338015039254,0.8727681248541057
pi,1x2,I1,2023/24,380,0.19179540298399855,0.9906506496416944,0.5916029556295611,0.8785049691545773
pi,1x2,I1,2024/25,380,0.19062763028564053,0.9772834828508257,0.5844663989038914,1.0364350084922573
pi,1x2,I2,2016/17,443,0.20333660383168606,1.046722948452001,0.6350709389314126,0.8663563311666541
pi,1x2,I2,2017/18,455,0.20898733838082992,1.063034014183654,0.644268744002921,0.783899557345248
pi,1x2,I2,2018/19,323,0.20650488126161817,1.047906291601047,0.6328181106856812,0.9836024383800936
pi,1x2,I2,2019/20,371,0.220107356638668,1.0627797061886304,0.640346025066139,0.8426521992940167
pi,1x2,I2,2020/21,372,0.21339887350395464,1.0768635522031926,0.6532310012232675,0.7366458092194454
pi,1x2,I2,2021/22,380,0.2143094520481954,1.0615848775866197,0.6424912910899425,0.9485569793072088
pi,1x2,I2,2022/23,377,0.21714328136955874,1.0776889081364789,0.6512980686609169,0.8359789218490122
pi,1x2,I2,2023/24,379,0.21873917038138063,1.0827231075186137,0.6568273538262582,0.7290560384627573
pi,1x2,I2,2024/25,380,0.21449135067583874,1.078599231919087,0.6535734409462762,0.7730789524041132
pi,1x2,N1,2016/17,303,0.19305497050119258,0.9592950687007717,0.5714152056434905,0.9805224096417109
pi,1x2,N1,2017/18,290,0.19579415586496982,0.9667176743704078,0.5744610897760959,0.8755959906814815
pi,1x2,N1,2018/19,302,0.19171509142661294,0.9171226529749102,0.5378607342394636,1.0277557791603316
pi,1x2,N1,2019/20,232,0.1993324272096147,0.9503956213983572,0.56047763635907,0.832572580940042
pi,1x2,N1,2020/21,306,0.19409000973879015,0.9697733302439633,0.5785065621759159,0.8755269656525543
pi,1x2,N1,2021/22,306,0.20725956398323186,0.9734743272006019,0.5773800711042095,0.8032341274496412
pi,1x2,N1,2022/23,306,0.18372445399688528,0.9291645157486798,0.548957228595194,1.0541202348250498
pi,1x2,N1,2023/24,306,0.17999097439457246,0.9218306357820236,0.5441735705999701,1.098763612558681
pi,1x2,N1,2024/25,306,0.19634300225751022,0.9734786179447329,0.5797934405650247,0.8931103462019608
pi,1x2,P1,2016/17,305,0.19766400164994216,0.9901130023707476,0.5881480824187942,0.6679152886989639
pi,1x2,P1,2017/18,299,0.18192483414814606,0.8878045363696757,0.520109833172072,1.1571460227979422
pi,1x2,P1,2018/19,298,0.18865138774174767,0.9131824697391995,0.5354005676845669,0.9183138756585687
pi,1x2,P1,2019/20,305,0.20487707148036388,1.0057888167304605,0.5971529189325285,0.6666944649505208
pi,1x2,P1,2020/21,305,0.1979025609451886,0.9789655997351528,0.582840187718847,0.9282104185984109
pi,1x2,P1,2021/22,306,0.18408557697516112,0.9486954028918839,0.5638025524239748,1.058459011979662
pi,1x2,P1,2022/23,306,0.18481389795148828,0.8819562231499386,0.5121350027090998,1.2719077461398793
pi,1x2,P1,2023/24,305,0.18208885689936014,0.920937609243008,0.541692706493884,1.090367442572345
pi,1x2,P1,2024/25,306,0.18853852161687923,0.9506796872670489,0.5627595085099689,0.8673611633445956
pi,1x2,SC0,2016/17,226,0.19627552003777243,0.9734610735315128,0.5797173796459244,1.2298215427595465
pi,1x2,SC0,2017/18,224,0.20922216682536846,1.0173838765531307,0.6100451746646748,0.7872462331954379
pi,1x2,SC0,2018/19,227,0.19476808623738623,0.9354410472241839,0.5528472377023748,1.1203027716623657
pi,1x2,SC0,2019/20,179,0.18973380112446117,0.9513936885985473,0.5644136646190466,0.9425216395766238
pi,1x2,SC0,2020/21,218,0.19478200075247315,0.9669330615740044,0.575672518784377,0.909112151031672
pi,1x2,SC0,2021/22,228,0.1931729515641034,0.9824297004555788,0.587354247497146,0.8901813228829514
pi,1x2,SC0,2022/23,228,0.18815728715665062,0.8917636143723895,0.5214819906898727,1.3759485966015848
pi,1x2,SC0,2023/24,228,0.18670634653417223,0.950548506377658,0.5609682261601848,0.9860006748358716
pi,1x2,SC0,2024/25,228,0.20519275267149778,0.9699082156873156,0.5731830526166405,0.8890206858127315
pi,1x2,SP1,2016/17,380,0.18332550127612451,0.9222615219350225,0.5441304535373161,0.8792255527630065
pi,1x2,SP1,2017/18,379,0.20264296279888772,0.9807367832362456,0.5842137539492631,0.7623390234114563
pi,1x2,SP1,2018/19,380,0.20573795361449282,1.0266422200169087,0.6155173586335898,0.8131679915689674
pi,1x2,SP1,2019/20,378,0.20859624621084277,1.027044025470688,0.6188825141240455,0.762096038681381
pi,1x2,SP1,2020/21,380,0.19783157636900237,1.001020680399928,0.5984340325163731,1.018431870222595
pi,1x2,SP1,2021/22,379,0.19806670322422143,1.0061411630292056,0.6023012286348117,1.0184032891922066
pi,1x2,SP1,2022/23,380,0.20808273768376062,0.999197056110874,0.5957714422686781,1.067278366936202
pi,1x2,SP1,2023/24,380,0.1880403232140544,0.9649579678318179,0.5749844478706349,1.3827651935536205
pi,1x2,SP1,2024/25,380,0.19624661831679538,0.9742148397718582,0.5791098574733128,1.2255301200993192
pi,1x2,SP2,2016/17,455,0.20945027018033346,1.055353872186539,0.63702365251976,1.0263016019211968
pi,1x2,SP2,2017/18,452,0.20758798861145714,1.0293249435358274,0.6188239809741379,1.2460662765327009
pi,1x2,SP2,2018/19,441,0.2065588322150164,1.0481797062197082,0.6339343716606605,1.0185180019815592
pi,1x2,SP2,2019/20,460,0.2159837932668191,1.0848377260443232,0.657530718962094,0.6520097123046197
pi,1x2,SP2,2020/21,459,0.2214167037517276,1.0718876434271527,0.6469850252945388,0.7376032920334609
pi,1x2,SP2,2021/22,461,0.21354107215034868,1.0526765094457746,0.634471520018092,0.9914727283704345
pi,1x2,SP2,2022/23,462,0.2053435455795821,1.047976650713739,0.6327485651554824,1.0907267597929107
pi,1x2,SP2,2023/24,460,0.2116624990268505,1.0507077585307372,0.6343576939586957,1.0173280881142996
pi,1x2,SP2,2024/25,462,0.20981952208513485,1.0334988123575644,0.6213144910340046,1.1896354111274035
pi,1x2,T1,2016/17,301,0.2141925869445206,1.0109181312614701,0.6033131284280822,0.8423120482472276
pi,1x2,T1,2017/18,295,0.19617827281351205,0.9571178207817975,0.5691142635351483,1.1974072951404975
pi,1x2,T1,2018/19,306,0.2101765959261922,1.043223511702598,0.6265007737795768,0.694071938390362
pi,1x2,T1,2019/20,302,0.21249963567822996,1.0338918547174816,0.6182729280341875,0.7269687729177232
pi,1x2,T1,2020/21,420,0.2138792136182394,1.0460166308610475,0.628752040942518,0.7841487386376025
pi,1x2,T1,2021/22,379,0.21168065107072445,1.0131185365432058,0.6079470111149851,1.0319946992013436
pi,1x2,T1,2022/23,313,0.21080965591486994,1.0050607682583188,0.5994239781560542,1.174630008142291
pi,1x2,T1,2023/24,379,0.19572623413597398,0.9791038849522025,0.5817692194738254,0.9882580054732584
pi,1x2,T1,2024/25,340,0.19208554217592058,0.9492872630460797,0.5608139085231915,1.1457571567807536
market_pre,1x2,B1,2016/17,231,0.19650562784809203,0.9690887251238732,0.5767939687459607,1.1336545373432605
market_pre,1x2,B1,2017/18,238,0.21125811605878586,1.0314423203740495,0.6195280741148591,0.8296076549075784
market_pre,1x2,B1,2018/19,239,0.20131041373988579,0.9890355682102191,0.5870902826405442,0.9052762839437679
market_pre,1x2,B1,2019/20,232,0.18938541311312568,0.926945093679033,0.5456889180699214,1.1850944031035768
market_pre,1x2,B1,2020/21,305,0.22654718647395305,1.0477662665250478,0.6312073767259891,0.7214352326432413
market_pre,1x2,B1,2021/22,305,0.20122845428389344,0.9680494907904516,0.5749958081801224,1.0656547040833508
market_pre,1x2,B1,2022/23,304,0.19985783893532608,0.9598819362554561,0.5683015769453849,1.1682196974306531
market_pre,1x2,B1,2023/24,312,0.19654281213367944,0.9819147384147575,0.5838941275945129,1.013303387807821
market_pre,1x2,B1,2024/25,311,0.1946263446074939,0.9957651947258143,0.5931623230859243,1.013841206548758
market_pre,1x2,D1,2016/17,306,0.20594494380236378,0.9971675387690376,0.5985439742226205,0.8694115135171375
market_pre,1x2,D1,2017/18,306,0.19990339501961688,0.9950723319964648,0.5948661890448204,0.9388933950217908
market_pre,1x2,D1,2018/19,305,0.19545567693867635,0.967309649547836,0.5731994555911654,0.9592059580037208
market_pre,1x2,D1,2019/20,306,0.20284332375387853,0.9718338724207873,0.5781231789432117,0.8927161132077532
market_pre,1x2,D1,2020/21,306,0.19798167204431324,0.988309668366596,0.5873748974496684,0.889597146698603
market_pre,1x2,D1,2021/22,306,0.20529086879568872,0.9903141485422928,0.5881453399400877,0.8747144068670788
market_pre,1x2,D1,2022/23,306,0.20435307459116153,0.9966212637231654,0.5947777453061639,0.9079894354430614
market_pre,1x2,D1,2023/24,306,0.18427612542287472,0.9454222365514994,0.5590617447030702,1.0263201461340945
market_pre,1x2,D1,2024/25,306,0.20235025327665787,0.9910420523862816,0.5921393943740896,0.8524970469065486
market_pre,1x2,D2,2016/17,305,0.210143474018789,1.0373319166379602,0.6233216639566199,1.2762768816747836
market_pre,1x2,D2,2017/18,306,0.2247321722821436,1.0840441338801368,0.6577598225638361,0.652056242623339
market_pre,1x2,D2,2018/19,306,0.22380060751810713,1.078981925181001,0.6516243198189549,0.6568271696820113
market_pre,1x2,D2,2019/20,305,0.21853741230236293,1.0837366095533991,0.65619635967244,0.6144467789509076
market_pre,1x2,D2,2020/21,302,0.22136442312202556,1.0375434854111025,0.6240166439253235,1.099098662835149
market_pre,1x2,D2,2021/22,305,0.2139483356655556,1.0464640375351515,0.6323578655682994,0.8690705172723694
market_pre,1x2,D2,2022/23,306,0.215297925310665,1.0219946557469297,0.6120786069787048,1.2424153038088053
market_pre,1x2,D2,2023/24,306,0.21798131546632668,1.0224959525969282,0.6131685326813782,1.1007845986804854
market_pre,1x2,D2,2024/25,306,0.21807665125485773,1.0590210862260545,0.6391496400416904,0.776618919379883
market_pre,1x2,E0,2016/17,380,0.18052270114681304,0.9052550156707692,0.5313073071008249,1.1866791590069625
market_pre,1x2,E0,2017/18,380,0.18596645730763237,0.9450087055746499,0.5596349621744594,0.939449245283306
market_pre,1x2,E0,2018/19,380,0.1852295401686318,0.890619052059412,0.5208007641218856,1.1675339049645805
market_pre,1x2,E0,2019/20,380,0.19875948881985406,0.973277395841545,0.574902024307361,0.9006803351130537
market_pre,1x2,E0,2020/21,380,0.2139318448740151,1.0074774434530278,0.5983281182739321,0.8282534478858099
market_pre,1x2,E0,2021/22,380,0.18874417614960334,0.9355511689693522,0.553494902957396,1.052076854666962
market_pre,1x2,E0,2022/23,380,0.19924190993310498,0.966168530152992,0.573983788994233,0.9759816249896033
market_pre,1x2,E0,2023/24,380,0.18315421877262697,0.906776636864799,0.5317129474220914,1.125884306109038
market_pre,1x2,E0,2024/25,380,0.1974676501574451,0.9708897289475419,0.5794141036289854,0.9159671711460246
market_pre,1x2,E1,2016/17,552,0.21162310134121493,1.010021910774791,0.6031458704021755,1.2932739930086619
market_pre,1x2,E1,2017/18,552,0.2112563460624394,1.030063686698724,0.6202632456604743,1.022561923890127
market_pre,1x2,E1,2018/19,551,0.2047416081687481,1.0243795932171338,0.615880358792419,1.0795546733358636
market_pre,1x2,E1,2019/20,551,0.21955348213834558,1.05448793630463,0.6345194651954082,0.8415821113985025
market_pre,1x2,E1,2020/21,549,0.21828448418953048,1.0406488262304092,0.6255916344975981,1.1135392891731333
market_pre,1x2,E1,2021/22,552,0.21653936942152352,1.0342615168185518,0.6205699079055812,1.0027677565590054
market_pre,1x2,E1,2022/23,552,0.22027811565833308,1.0574415607575354,0.6386459011726116,0.867513545334393
market_pre,1x2,E1,2023/24,552,0.21457831398221083,1.0148338514602975,0.6069690431182544,0.9962304231270155
market_pre,1x2,E1,2024/25,552,0.2079786527395696,1.0282752275574791,0.6187574862436698,0.9837079003214652
market_pre,1x2,E2,2016/17,552,0.2100435647892465,1.031848201223981,0.6204243558501409,1.1102066270343283
market_pre,1x2,E2,2017/18,552,0.2191321681193814,1.0537273073178879,0.6364224828944094,0.8966615766320785
market_pre,1x2,E2,2018/19,552,0.21507376800215822,1.0396236092334252,0.6263297533660742,1.0708679366272833
market_pre,1x2,E2,2019/20,390,0.20229077664847295,1.0070497922983372,0.6030812055338606,1.2081037929012985
market_pre,1x2,E2,2020/21,546,0.22169137078609533,1.043691508710184,0.6278999812131666,0.9867659532458782
market_pre,1x2,E2,2021/22,552,0.20107663568356096,0.9962896555444447,0.5929652515839215,1.2925966550001986
market_pre,1x2,E2,2022/23,552,0.20613423575283182,1.004253893543087,0.6018396681016963,1.097905883754422
market_pre,1x2,E2,2023/24,552,0.21540735185181392,1.0263362357046775,0.6155973541205221,1.0253227946443664
market_pre,1x2,E2,2024/25,552,0.21167515627785277,1.011149308138931,0.6062318344848893,1.0677943184528464
market_pre,1x2,E3,2016/17,551,0.22112314422906504,1.0515906350719517,0.6332614590429664,0.9386864928064714
market_pre,1x2,E3,2017/18,551,0.21634736337696328,1.0374895052335382,0.6238643535435805,1.1696813148657759
market_pre,1x2,E3,2018/19,549,0.21783926910000637,1.045839860280353,0.6299381420178334,1.0299312649480565
market_pre,1x2,E3,2019/20,426,0.21508061705529458,1.0583372241384328,0.6377342481141376,1.0231897130637169
market_pre,1x2,E3,2020/21,552,0.22399910973069137,1.0694307112007746,0.6464292651358002,0.8780858438905035
market_pre,1x2,E3,2021/22,552,0.21497010359765537,1.0448093693565823,0.6288679195409068,1.1404841373092025
market_pre,1x2,E3,2022/23,551,0.21512596790006006,1.0543331795931732,0.636579400056598,0.9325906888607762
market_pre,1x2,E3,2023/24,552,0.22537971158731757,1.0494901183537704,0.6326288674952538,0.861025553434666
market_pre,1x2,E3,2024/25,550,0.21766100297026097,1.0598534737073086,0.6399457305971431,0.8067238214850394
market_pre,1x2,F1,2016/17,378,0.1946255209719719,0.9635937629134276,0.5710599947207796,1.2252040327305271
market_pre,1x2,F1,2017/18,377,0.19032349500600504,0.9507476166459146,0.5648512237042977,1.0640603953158065
market_pre,1x2,F1,2018/19,379,0.2004278814485703,1.0023222332031576,0.6008764266658989,0.9473228461572047
market_pre,1x2,F1,2019/20,279,0.20245495531884142,0.9912367672660728,0.5916845051707273,1.0329886068884708
market_pre,1x2,F1,2020/21,378,0.20535849976640186,0.9989712721822628,0.5942117594307516,0.9467095645581708
market_pre,1x2,F1,2021/22,380,0.202198386044417,1.0000624654700916,0.5982193869489459,0.9574325218498407
market_pre,1x2,F1,2022/23,380,0.1980482433221791,0.9696389149629325,0.5755586833668097,1.0205695318599115
market_pre,1x2,F1,2023/24,306,0.2064829563124752,1.0151424161321456,0.6104579641766894,0.9071122442481104
market_pre,1x2,F1,2024/25,306,0.20243045680835592,0.9572731066952271,0.5660358837251912,1.087342765567827
market_pre,1x2,F2,2016/17,376,0.21323976541419043,1.0557247013887165,0.6363121653156344,0.9622748290352424
market_pre,1x2,F2,2017/18,379,0.2160105355832337,1.0216413341805644,0.6100073754448407,1.12843286968977
market_pre,1x2,F2,2018/19,377,0.21817218226284318,1.0620994408149902,0.6404547537526638,0.8298616936200836
market_pre,1x2,F2,2019/20,277,0.2169243141100893,1.0656925946140794,0.6409092543715301,0.8729304415250884
market_pre,1x2,F2,2020/21,379,0.20015050189874076,1.0312702923813217,0.6205973754850558,1.2532554797640865
market_pre,1x2,F2,2021/22,380,0.2090566549426936,1.028702391090304,0.6185387926430478,1.2606638613533396
market_pre,1x2,F2,2022/23,375,0.21373700651719305,1.0365257905147636,0.6218310125133976,1.2127079273434114
market_pre,1x2,F2,2023/24,379,0.22103417075517848,1.0718802651504982,0.6468103783457754,0.760057777654316
market_pre,1x2,F2,2024/25,306,0.21373493900296459,1.0188115886097597,0.6080240782501772,1.1297517171150735
market_pre,1x2,G1,2016/17,191,0.18029447463834275,0.9369372652306556,0.5558722248813572,1.0010269406771026
market_pre,1x2,G1,2017/18,180,0.18215886194615788,0.9753120561597244,0.5864678162707424,0.8790769863391247
market_pre,1x2,G1,2018/19,208,0.16858712803560497,0.8663559624156197,0.5086388304760892,1.345664462971027
market_pre,1x2,G1,2019/20,220,0.16816988085445653,0.8922066348268968,0.5282366989034922,1.1591640468128077
market_pre,1x2,G1,2020/21,223,0.18807289457471776,0.9666747829323201,0.5784587468817454,0.9709130192444109
market_pre,1x2,G1,2021/22,240,0.20274094785811017,0.9912018978591758,0.587730428886947,0.9140415627064259
market_pre,1x2,G1,2022/23,239,0.16824202267430693,0.9072581918382691,0.5400109007032119,1.1132692448396355
market_pre,1x2,G1,2023/24,240,0.17246334971858365,0.8981945168053296,0.529904218576305,1.0370567545338087
market_pre,1x2,G1,2024/25,233,0.20496737890469935,0.982364939032163,0.5826700805424024,0.8213631897495398
market_pre,1x2,I1,2016/17,377,0.18159473686973934,0.8982015832072399,0.5258349188036345,1.2276617208714056
market_pre,1x2,I1,2017/18,379,0.17798668576594626,0.891073180743488,0.5221445480334123,1.1454215886756374
market_pre,1x2,I1,2018/19,380,0.1800147246109486,0.9442937739215844,0.5581291863418942,1.0408163041011074
market_pre,1x2,I1,2019/20,380,0.1979800012417082,0.9626630878356852,0.5686271106098484,1.0067666188981947
market_pre,1x2,I1,2020/21,378,0.18183765952551978,0.9311069612048241,0.549075874930732,1.1417851427207226
market_pre,1x2,I1,2021/22,379,0.1960534158822332,0.9775574394799712,0.5807140750966738,0.92192659703563
market_pre,1x2,I1,2022/23,380,0.1965181951201471,0.9791022211658112,0.5844197208000355,1.0352939542838104
market_pre,1x2,I1,2023/24,380,0.1846155789104662,0.9668825232780243,0.5761951879786358,1.100428644781519
market_pre,1x2,I1,2024/25,380,0.18314005438604217,0.9489268015118038,0.5653517580063592,1.1410885391038326
market_pre,1x2,I2,2016/17,443,0.20156973126284186,1.0403065102089546,0.6311923599733118,0.9629508724416963
market_pre,1x2,I2,2017/18,455,0.20229656119687697,1.0454348168357603,0.6312452118918834,0.9389025936818332
market_pre,1x2,I2,2018/19,323,0.20112016271624392,1.0336889886438987,0.6228095071197667,1.2168266146155742
market_pre,1x2,I2,2019/20,371,0.21880568963615762,1.0555038131375518,0.635988753800403,0.9871202237329131
market_pre,1x2,I2,2020/21,372,0.2033701749766212,1.0473129653938658,0.6332182571460663,1.0180199476872585
market_pre,1x2,I2,2021/22,380,0.2063667268632271,1.0359100866782553,0.6241416159540146,1.0601880240913488
market_pre,1x2,I2,2022/23,377,0.21334350827600296,1.0664664075673944,0.6428267624720976,0.8651305543992387
market_pre,1x2,I2,2023/24,379,0.20993802703098505,1.0549461984127773,0.6361941267395014,0.944965159053873
market_pre,1x2,I2,2024/25,380,0.20500547913740197,1.0518588552834225,0.6347044689779294,1.0490644358213879
market_pre,1x2,N1,2016/17,303,0.1885444917612616,0.9429953063149535,0.5600585629612879,1.0059499166507067
market_pre,1x2,N1,2017/18,290,0.1957607004593261,0.9671201617726038,0.5732871815005214,0.9080647404765053
market_pre,1x2,N1,2018/19,302,0.190786370122397,0.9124958257929824,0.5347666178976699,0.9702334171838959
market_pre,1x2,N1,2019/20,232,0.18978520275933244,0.9215400020804454,0.5424986760709215,0.9912231584908474
market_pre,1x2,N1,2020/21,306,0.18188423169042328,0.9298535886123586,0.5511460702079117,0.9996522524881958
market_pre,1x2,N1,2021/22,306,0.1952426593472317,0.9355585560878716,0.5521215185348723,0.9546344526764027
market_pre,1x2,N1,2022/23,306,0.1847950525448784,0.9279764283146279,0.5506921007087022,0.9741521803114038
market_pre,1x2,N1,2023/24,306,0.17503940118014036,0.9028197236012259,0.5335389902957253,1.0040397048033074
market_pre,1x2,N1,2024/25,306,0.18818950812696741,0.9474824269490707,0.5635908183125858,0.9187232383357604
market_pre,1x2,P1,2016/17,305,0.18665608954719662,0.9479086624142565,0.5646693526525122,1.0250302021250668
market_pre,1x2,P1,2017/18,299,0.1765203673324055,0.87235974069169,0.5074561712491286,1.3897423796793305
market_pre,1x2,P1,2018/19,298,0.18553561306893154,0.9021745742582146,0.5281023864874604,1.2065416901883033
market_pre,1x2,P1,2019/20,305,0.19774594232926052,0.9782852805479505,0.5839218193596374,0.870530322741352
market_pre,1x2,P1,2020/21,305,0.18793752499747798,0.9474305601435591,0.5600393299465395,1.1545584881583633
market_pre,1x2,P1,2021/22,306,0.1751495862408338,0.9208685458383813,0.5457326896061786,1.1478461890633231
market_pre,1x2,P1,2022/23,306,0.17969453253233417,0.8681293513335887,0.5039249661165446,1.3987324717428877
market_pre,1x2,P1,2023/24,305,0.1774539947792164,0.9057653245415859,0.5321065834499458,1.1318365211803458
market_pre,1x2,P1,2024/25,306,0.18372081756478387,0.9309487939110063,0.5522093978722356,1.0058631271418566
market_pre,1x2,SC0,2016/17,226,0.18330372778677362,0.9318464389080228,0.5533692506896607,1.131961727343647
market_pre,1x2,SC0,2017/18,224,0.19730491182159612,0.9801248745448626,0.583818010537456,0.883872345003025
market_pre,1x2,SC0,2018/19,227,0.19273430195869884,0.9304639859853442,0.551328800824295,1.0320756589809714
market_pre,1x2,SC0,2019/20,179,0.18083963771009995,0.9221391412216495,0.5430611869599339,0.9766387202747258
market_pre,1x2,SC0,2020/21,218,0.18539910874273888,0.930336778760478,0.5543473452701818,1.0148103813470215
market_pre,1x2,SC0,2021/22,228,0.18457937845404976,0.9478163013420282,0.5665224980182021,0.9830670676733488
market_pre,1x2,SC0,2022/23,228,0.18109126739274897,0.8734583579459533,0.5080450952487052,1.341398718462549
market_pre,1x2,SC0,2023/24,228,0.17937166118579115,0.9307050502132622,0.5454012827302422,1.0176988369565911
market_pre,1x2,SC0,2024/25,228,0.19872811371321317,0.9525406914617262,0.5612705395209688,0.9373390152064992
market_pre,1x2,SP1,2016/17,380,0.17854958477105715,0.9036102636259485,0.5323723838378265,1.0791420832917311
market_pre,1x2,SP1,2017/18,379,0.19671399785265498,0.9609591912587203,0.5707752271101426,0.9204782713969678
market_pre,1x2,SP1,2018/19,380,0.20099936301679308,1.0103517243393771,0.6024227900648225,0.8301939850429768
market_pre,1x2,SP1,2019/20,378,0.19581536488386142,0.9829594165098308,0.5881434857269957,1.0045813994090413
market_pre,1x2,SP1,2020/21,380,0.19158186651545994,0.9836492411581204,0.5842047206869773,1.0265575654580021
market_pre,1x2,SP1,2021/22,379,0.19236679086075315,0.9874071319832337,0.5879783392471525,1.042239752313589
market_pre,1x2,SP1,2022/23,380,0.2021758921011252,0.9791834672810272,0.582775670217567,1.0692532677182132
market_pre,1x2,SP1,2023/24,380,0.1817723649687714,0.946635753606816,0.5629042832419858,1.2563283258092295
market_pre,1x2,SP1,2024/25,380,0.1892340279980354,0.9509959880212507,0.562570561209355,1.122095038379381
market_pre,1x2,SP2,2016/17,455,0.20621258973015924,1.0429607236543303,0.629774658335032,1.0585205922121017
market_pre,1x2,SP2,2017/18,452,0.20280730103848518,1.0121454023861827,0.6069512828391468,1.2142488315288176
market_pre,1x2,SP2,2018/19,441,0.20037709111122806,1.0278480192779191,0.6189330336806026,1.0278211050113042
market_pre,1x2,SP2,2019/20,460,0.2154112610057083,1.08372612806157,0.6557022442097203,0.6419820850543673
market_pre,1x2,SP2,2020/21,459,0.2111154694488368,1.0383154221954247,0.6240694135591592,1.1765149221124533
market_pre,1x2,SP2,2021/22,461,0.20719633101991156,1.028900853041725,0.6184300613531397,1.126967229580559
market_pre,1x2,SP2,2022/23,462,0.20282002748560324,1.0414034803724666,0.6281997635461518,1.03376270091901
market_pre,1x2,SP2,2023/24,460,0.2094448352967749,1.0428369473874672,0.6290780473290742,1.0307363258146103
market_pre,1x2,SP2,2024/25,462,0.2036701604248494,1.013988241404396,0.6083215465249475,1.1791045423777349
market_pre,1x2,T1,2016/17,301,0.20751707835626299,0.9865246260576862,0.5885545834939436,1.0556010697012421
market_pre,1x2,T1,2017/18,295,0.19130869424249738,0.9377669432585605,0.555108224057854,1.2987403612241646
market_pre,1x2,T1,2018/19,306,0.20460865041933995,1.0223048175149034,0.6121214260480496,0.8934284810496859
market_pre,1x2,T1,2019/20,302,0.20880608637962134,1.0202234650563908,0.6112245375088202,0.8967222690598747
market_pre,1x2,T1,2020/21,420,0.2084903718515075,1.0278539877852424,0.614457074197324,0.9442096952442937
market_pre,1x2,T1,2021/22,379,0.20625765797935283,0.9962404119054815,0.5952226207573167,1.310811107223921
market_pre,1x2,T1,2022/23,313,0.19922395734773524,0.9709492749491786,0.5749546802242343,1.2242615809193858
market_pre,1x2,T1,2023/24,379,0.18563673940723152,0.9456063803062957,0.5596213026662336,1.2639317226367208
market_pre,1x2,T1,2024/25,340,0.1805963820202951,0.9173021194409994,0.5380037720838703,1.255204104471196
market_close,1x2,B1,2016/17,231,0.19702107324390702,0.9704563763097755,0.5763162224001998,1.0821653795292168
market_close,1x2,B1,2017/18,238,0.2110011232572747,1.0281521569798007,0.6173394743604955,0.8382494292188908
market_close,1x2,B1,2018/19,239,0.2023230692628522,0.9947638034852612,0.590962022634209,0.8672930217602947
market_close,1x2,B1,2019/20,232,0.1898407603579945,0.930082722141355,0.5479803120522665,1.1521522099377375
market_close,1x2,B1,2020/21,305,0.21883317796059815,1.0260381923424862,0.6150050318643558,0.8427898199910135
market_close,1x2,B1,2021/22,305,0.1954563740183407,0.9509174827236648,0.5635275423549131,1.1196428898258126
market_close,1x2,B1,2022/23,304,0.2009787827913515,0.9637831252303847,0.5709306473293241,1.1466250014444852
market_close,1x2,B1,2023/24,312,0.19417730923261267,0.9719520873428323,0.5777262926175367,1.0390504013224122
market_close,1x2,B1,2024/25,311,0.1941169868276407,0.9928506333220526,0.5912345134121942,1.0192159834549268
market_close,1x2,D1,2016/17,306,0.20555977719474192,0.9958718026036113,0.597324930816263,0.8646222538966776
market_close,1x2,D1,2017/18,306,0.20016069227131275,0.998390818281138,0.5962903082851725,0.9285354382227151
market_close,1x2,D1,2018/19,305,0.19557731801994618,0.968393673898328,0.5739936994791852,0.9342011013494985
market_close,1x2,D1,2019/20,306,0.20463475828394045,0.9748730646227262,0.5812753680367498,0.8704327457502364
market_close,1x2,D1,2020/21,306,0.196705167989347,0.9835495491471282,0.5839023833719595,0.9169015579959539
market_close,1x2,D1,2021/22,306,0.20268060578225744,0.9813877695251626,0.5824447864113168,0.8895913216802793
market_close,1x2,D1,2022/23,306,0.2046333433693937,0.9970479718209688,0.5942170867813165,0.9154903213761194
market_close,1x2,D1,2023/24,306,0.18412329783611964,0.943574405947472,0.557968001445217,1.023860062845791
market_close,1x2,D1,2024/25,306,0.20213756946665237,0.9887787834283901,0.5907222668922444,0.8583656100490448
market_close,1x2,D2,2016/17,305,0.20833970293793533,1.0324457897469472,0.6201772641646769,1.336748314096947
market_close,1x2,D2,2017/18,306,0.22392791485112054,1.0808697058412688,0.655860811985235,0.681542656954248
market_close,1x2,D2,2018/19,306,0.22322020142054638,1.0781018800441673,0.6508300319740207,0.6617006137657708
market_close,1x2,D2,2019/20,305,0.21861554821191295,1.083016554268529,0.6560331636427876,0.615081626732184
market_close,1x2,D2,2020/21,302,0.22075476533745308,1.0351690102372464,0.6223403958737149,1.091162519888894
market_close,1x2,D2,2021/22,305,0.2139941451726311,1.0449595246337955,0.6312395853422517,0.852020321766883
market_close,1x2,D2,2022/23,306,0.21321645508884687,1.0153081727051478,0.6082123996847449,1.2896795925470965
market_close,1x2,D2,2023/24,306,0.21866710597371972,1.0248107652744796,0.615156577667287,1.0576770401785065
market_close,1x2,D2,2024/25,306,0.21937050293518398,1.0615477826049864,0.6406098848564418,0.7455334811549498
market_close,1x2,E0,2016/17,380,0.18059982239850636,0.905514287196666,0.5317762046989342,1.1676289643688011
market_close,1x2,E0,2017/18,380,0.18484237636081,0.9409101013115564,0.5571233244458537,0.9512412149153817
market_close,1x2,E0,2018/19,380,0.18466922486678478,0.8889894003050581,0.5199501700578396,1.150765803198371
market_close,1x2,E0,2019/20,380,0.19853738163613674,0.9733300578064272,0.5747030621016106,0.8960671498828113
market_close,1x2,E0,2020/21,380,0.21131474604493405,0.9983055360077547,0.5925739361891421,0.8743115914476501
market_close,1x2,E0,2021/22,380,0.188912295409949,0.9359975768713431,0.554013684735145,1.0504971647401458
market_close,1x2,E0,2022/23,380,0.1974415727750772,0.9620042484910193,0.5710620741486332,1.002991241527608
market_close,1x2,E0,2023/24,380,0.1800618688675947,0.8979131780000563,0.5249352095180151,1.1459905061031128
market_close,1x2,E0,2024/25,380,0.19619390411383664,0.9667094472017669,0.5754326866998828,0.9356071943550405
market_close,1x2,E1,2016/17,552,0.2109494764115377,1.0065439359135613,0.6008353131871296,1.3146988778094377
market_close,1x2,E1,2017/18,552,0.21079329921989717,1.028456484219448,0.619091309235702,1.0273590713110228
market_close,1x2,E1,2018/19,551,0.20419449219921595,1.0223365159116182,0.6141663723122388,1.0985126064730546
market_close,1x2,E1,2019/20,551,0.21799102895276382,1.049591800135255,0.6311548590118544,0.8768717974673056
market_close,1x2,E1,2020/21,549,0.2185410836332393,1.041929588713331,0.6264140127278853,1.0714756513333985
market_close,1x2,E1,2021/22,552,0.2168179955354622,1.0356778239635351,0.6210073268633145,0.9702171793239884
market_close,1x2,E1,2022/23,552,0.22067390934276884,1.0584521675034178,0.6396881423765947,0.8322287603373578
market_close,1x2,E1,2023/24,552,0.21257928351209737,1.0080790891129818,0.6023346490650152,1.0178678959417589
market_close,1x2,E1,2024/25,552,0.20754882641453437,1.027441737625498,0.6177297618370294,0.9681391614149174
market_close,1x2,E2,2016/17,552,0.20904182789861567,1.0284414970196962,0.6181479997700067,1.1110148680951866
market_close,1x2,E2,2017/18,552,0.2162064089103894,1.0451890011247624,0.6305880057578405,0.9587463989082567
market_close,1x2,E2,2018/19,552,0.21435933342207783,1.03641870371909,0.6243830651333987,1.0796706044673385
market_close,1x2,E2,2019/20,390,0.20087140755341462,1.0040242829397883,0.6005355805076933,1.2131437207703606
market_close,1x2,E2,2020/21,546,0.21942382498642524,1.0358173872092413,0.6227036960265554,1.08320185142313
market_close,1x2,E2,2021/22,552,0.19965726609500278,0.9914561294094074,0.5895543240333945,1.2763260086654584
market_close,1x2,E2,2022/23,552,0.20597178114924636,1.0038878958009732,0.6015590885089288,1.082794749575722
market_close,1x2,E2,2023/24,552,0.21473981206339038,1.0250595591556517,0.6144029386818438,1.0209055052455256
market_close,1x2,E2,2024/25,552,0.21061199730895677,1.0081485886315456,0.6036603314366517,1.073197916273766
market_close,1x2,E3,2016/17,551,0.2214726241339343,1.052354617020802,0.6339689026932817,0.927653071377932
market_close,1x2,E3,2017/18,551,0.2153418182489561,1.0338679306684044,0.6215934671509336,1.2181146069785558
market_close,1x2,E3,2018/19,549,0.2173645279690901,1.045598994686902,0.629801978737033,1.0403489543977413
market_close,1x2,E3,2019/20,426,0.21445216331998174,1.056580073831606,0.6363769820517488,1.0300299194644402
market_close,1x2,E3,2020/21,552,0.22288714997001963,1.0661054637731036,0.6445134611251573,0.9191060454738116
market_close,1x2,E3,2021/22,552,0.21289505727642388,1.0380246255165781,0.6244059660432866,1.140799318028328
market_close,1x2,E3,2022/23,551,0.21467045105160804,1.0518794194531569,0.6350939383275129,0.9344739764584352
market_close,1x2,E3,2023/24,552,0.22291352063125594,1.0423538609290908,0.6273627072301781,0.9079143168940909
market_close,1x2,E3,2024/25,550,0.2169229050349011,1.0577030897530664,0.6380513035159254,0.8238632149488625
market_close,1x2,F1,2016/17,378,0.19414888589299514,0.96184987888894,0.5707783230195252,1.2042040963619525
market_close,1x2,F1,2017/18,377,0.18994394885018806,0.9476534894414544,0.5623228432814551,1.082365674020526
market_close,1x2,F1,2018/19,379,0.20010006712793296,0.9989118614617014,0.5985168510136142,0.9683915509502002
market_close,1x2,F1,2019/20,279,0.20084571152365757,0.9840393568690774,0.5874300219283775,1.0756399861209003
market_close,1x2,F1,2020/21,378,0.20344777834599403,0.9929420799727974,0.5908259218535992,0.9710452418172739
market_close,1x2,F1,2021/22,380,0.2025872661255897,1.0007606867862011,0.5984398373032532,0.9227959380872628
market_close,1x2,F1,2022/23,380,0.1974088274901754,0.9689909174874338,0.5757375400303778,1.0133682598900964
market_close,1x2,F1,2023/24,306,0.20682868363284546,1.014527413025465,0.6110340065279015,0.9095858747264947
market_close,1x2,F1,2024/25,306,0.20075579439067265,0.9544695476771544,0.5638229757673288,1.066348929982363
market_close,1x2,F2,2016/17,376,0.2139247658782629,1.0578910974376354,0.6377501605790123,0.9267967733025486
market_close,1x2,F2,2017/18,379,0.21296912598328893,1.010055500224907,0.6031550832799881,1.2397395864668859
market_close,1x2,F2,2018/19,377,0.21989622181125446,1.0672103798739438,0.6442827754021602,0.7806255675635588
market_close,1x2,F2,2019/20,277,0.21764125666200618,1.067097394461981,0.6417114889089454,0.8398687115148755
market_close,1x2,F2,2020/21,379,0.19879182220684033,1.0273316419128518,0.6174642116393271,1.2499084615364888
market_close,1x2,F2,2021/22,380,0.2080018972703395,1.0252203828198285,0.6163707824795249,1.1754440124167902
market_close,1x2,F2,2022/23,375,0.20899246402229008,1.0215874816823787,0.6120056541592331,1.299165895696614
market_close,1x2,F2,2023/24,379,0.21981209737351642,1.0676877120066173,0.6431931975687689,0.7925392197441326
market_close,1x2,F2,2024/25,306,0.21230627473565228,1.01404115718535,0.6046828836263906,1.0876291827212068
market_close,1x2,G1,2016/17,191,0.1800714767473167,0.9352428364084641,0.5547358636178877,0.9565066828694501
market_close,1x2,G1,2017/18,180,0.1811781398582933,0.9711742035164193,0.5849062566665086,0.8915292675996143
market_close,1x2,G1,2018/19,208,0.16897435886934675,0.8692548633903746,0.5109455263784899,1.3231443456100698
market_close,1x2,G1,2019/20,220,0.16102253016563223,0.8636335194921838,0.509304357630836,1.230265311084391
market_close,1x2,G1,2020/21,223,0.18649661934242862,0.9615530437716574,0.5742334990327593,1.0563336124326161
market_close,1x2,G1,2021/22,240,0.20172402703363454,0.9901191298332718,0.5863461283820343,0.9227530355916448
market_close,1x2,G1,2022/23,239,0.17078303434039233,0.9124491466012564,0.5439797864510023,1.0767245185477896
market_close,1x2,G1,2023/24,240,0.17178336575630979,0.8920537483071918,0.527394865109925,1.0633611092239725
market_close,1x2,G1,2024/25,233,0.20058201977170703,0.9705038216210167,0.5732686205443043,0.8479532182046028
market_close,1x2,I1,2016/17,377,0.18075528531590573,0.8965956927166775,0.5252295829424358,1.2316820141970237
market_close,1x2,I1,2017/18,379,0.1768665312229539,0.8872287607757952,0.5191185044287453,1.1596103273812408
market_close,1x2,I1,2018/19,380,0.18020292144053696,0.9440894458485122,0.5587915289286158,1.0338651151731095
market_close,1x2,I1,2019/20,380,0.19677816647979293,0.9584775380585352,0.5656936009917979,0.9980610733917344
market_close,1x2,I1,2020/21,378,0.18213054807698814,0.9319075846636576,0.5503384709469621,1.1154135779059016
market_close,1x2,I1,2021/22,379,0.1950145765882857,0.973401731060325,0.5778938524856168,0.9198659240078274
market_close,1x2,I1,2022/23,380,0.19493447725297375,0.9746667707430173,0.581345481204335,1.068841833556869
market_close,1x2,I1,2023/24,380,0.1838840048598037,0.9636193031328248,0.5748702673093954,1.1098571115247586
market_close,1x2,I1,2024/25,380,0.18377441690137225,0.9498617164154248,0.566239419670569,1.1503756567067922
market_close,1x2,I2,2016/17,443,0.20058290050694416,1.0384298354572847,0.6293150505651208,0.9942484687156542
market_close,1x2,I2,2017/18,455,0.20075920950135903,1.039487840832727,0.6271391533656241,0.9975338457154651
market_close,1x2,I2,2018/19,323,0.19854002876213228,1.0252569030497038,0.6171343216104114,1.3253832989282741
market_close,1x2,I2,2019/20,371,0.21794678278387813,1.0512236084191944,0.6331150381844725,1.0031348199647805
market_close,1x2,I2,2020/21,372,0.20092459262819315,1.0412762571982712,0.6279967433075982,1.0818595137887115
market_close,1x2,I2,2021/22,380,0.2052527328474216,1.032979953055064,0.6221152284469633,1.0197879687006972
market_close,1x2,I2,2022/23,377,0.21155941910055065,1.0612848256267937,0.6394531878994562,0.9152537441297619
market_close,1x2,I2,2023/24,379,0.20861103030562939,1.0506530479775147,0.6329849292467379,0.9862284615136258
market_close,1x2,I2,2024/25,380,0.20410988798168686,1.0491382076796953,0.6329457561347579,1.0404979136126355
market_close,1x2,N1,2016/17,303,0.18764579818014193,0.9407448298515411,0.5584152992523616,1.0084583876232347
market_close,1x2,N1,2017/18,290,0.19324601425778148,0.9596605444984514,0.5686520257764144,0.9121401834852043
market_close,1x2,N1,2018/19,302,0.18902144505847593,0.9042418202856852,0.5308032534224355,0.974577613791415
market_close,1x2,N1,2019/20,232,0.18578676498871874,0.9077695112307861,0.5328697890405777,1.0328874370198993
market_close,1x2,N1,2020/21,306,0.18085543856776723,0.9297745056800267,0.5508094358606009,0.9875233439414015
market_close,1x2,N1,2021/22,306,0.19235598971913911,0.9255036019166765,0.5467504781069383,0.9661135054328702
market_close,1x2,N1,2022/23,306,0.18228932743328013,0.919119281912928,0.5450626226393684,0.987144990832524
market_close,1x2,N1,2023/24,306,0.17233159627507572,0.8928834225456703,0.5272991251475523,1.0054709956684926
market_close,1x2,N1,2024/25,306,0.18466564085551396,0.9377762900673184,0.5565073894159456,0.9528202921127088
market_close,1x2,P1,2016/17,305,0.1875633503062327,0.9497053632028379,0.5670263894397312,1.0073416415979664
market_close,1x2,P1,2017/18,299,0.17526154298966742,0.8704246220660437,0.5054449023856832,1.3776132591155796
market_close,1x2,P1,2018/19,298,0.18441689717889387,0.8980067814677517,0.5257705494449884,1.2101626982734128
market_close,1x2,P1,2019/20,305,0.20068200203051736,0.9887885468405899,0.5914868105229851,0.8277869132508552
market_close,1x2,P1,2020/21,305,0.18743248649578878,0.9455073198560766,0.5590310711034863,1.1300356599692467
market_close,1x2,P1,2021/22,306,0.17512774067034695,0.9161627556175747,0.5435240178422097,1.154180908740579
market_close,1x2,P1,2022/23,306,0.17747512526543788,0.8619028830605105,0.49982289852865075,1.3858539366829108
market_close,1x2,P1,2023/24,305,0.1759765080707227,0.8995555285232579,0.5277846652591903,1.1390858609307684
market_close,1x2,P1,2024/25,306,0.18107094153152634,0.9225526005525052,0.5471064236283717,1.035654503002125
market_close,1x2,SC0,2016/17,226,0.18246100598548193,0.9279654664771924,0.5515278649908797,1.112750477204442
market_close,1x2,SC0,2017/18,224,0.1964019931227551,0.9761108415102874,0.5818120804121728,0.9025714166440162
market_close,1x2,SC0,2018/19,227,0.1916912653428408,0.9276045425835361,0.5493187111458182,1.05572881841068
market_close,1x2,SC0,2019/20,179,0.18082105962414857,0.9181517895163459,0.5428751145395193,0.9675444606351644
market_close,1x2,SC0,2020/21,218,0.18262207809830555,0.926015373617788,0.5505204512698549,1.0099718682053584
market_close,1x2,SC0,2021/22,228,0.18333038349076614,0.9445296611601077,0.5636735978560243,0.9620648169116288
market_close,1x2,SC0,2022/23,228,0.17925865873795666,0.866138493993609,0.5043009896330178,1.306770233905328
market_close,1x2,SC0,2023/24,228,0.1806541402668715,0.9338371200318578,0.5476194114310503,0.9725089491059731
market_close,1x2,SC0,2024/25,228,0.19975278008871966,0.9557994928695372,0.5629803793010582,0.8908520798291317
market_close,1x2,SP1,2016/17,380,0.17701802180857265,0.899089268889089,0.5294063470062039,1.0850943132322854
market_close,1x2,SP1,2017/18,379,0.19531527979415222,0.9560955696041221,0.5672053581722643,0.9302773974387478
market_close,1x2,SP1,2018/19,380,0.198782234848562,1.0029124159285145,0.5969541582931607,0.8483881890960611
market_close,1x2,SP1,2019/20,378,0.19505460862910845,0.979095979262171,0.58624038659325,0.9984816305523246
market_close,1x2,SP1,2020/21,380,0.19023569237498578,0.9800953898942495,0.5804108467421841,1.000239840131938
market_close,1x2,SP1,2021/22,379,0.19341826362445624,0.9908676297305106,0.5901836542599066,0.9839404255543083
market_close,1x2,SP1,2022/23,380,0.20115643834187077,0.975282908272085,0.5807326980272474,1.081220634778295
market_close,1x2,SP1,2023/24,380,0.18256100038847317,0.9494904736966551,0.5651264216328754,1.191495083916183
market_close,1x2,SP1,2024/25,380,0.18720124925786458,0.9453777168098931,0.5585191363650941,1.1322169548092016
market_close,1x2,SP2,2016/17,455,0.20630412989865232,1.0429307189529962,0.6306174296264003,1.0475642929242686
market_close,1x2,SP2,2017/18,452,0.20137669731662475,1.0066241142781418,0.602915882839533,1.25492961073654
market_close,1x2,SP2,2018/19,441,0.1988384603596963,1.023444109843947,0.6151313366194576,1.124936464788331
market_close,1x2,SP2,2019/20,460,0.2138270658733433,1.078424182379635,0.6528120987694462,0.6959351986039705
market_close,1x2,SP2,2020/21,459,0.21131887420064133,1.0404525182209525,0.6248525692001533,1.1311180913928716
market_close,1x2,SP2,2021/22,461,0.2065023569900067,1.0271347653758598,0.6176007344409362,1.1334802844017031
market_close,1x2,SP2,2022/23,462,0.20071923732668145,1.0339264022852623,0.6236247691370865,1.070035022585761
market_close,1x2,SP2,2023/24,460,0.20863905255579154,1.0413532009038293,0.6275089458669075,1.0285486672668542
market_close,1x2,SP2,2024/25,462,0.20312757216861096,1.011392550877675,0.6069161257517884,1.1854064803868178
market_close,1x2,T1,2016/17,301,0.20480546208872355,0.9783513558368917,0.5829887610769369,1.083091646846249
market_close,1x2,T1,2017/18,295,0.19116441830878417,0.9374366868291074,0.5547207653789397,1.330823062634749
market_close,1x2,T1,2018/19,306,0.20429345384592035,1.0199471210122406,0.6105233277115624,0.9284029201210068
market_close,1x2,T1,2019/20,302,0.20488852492067017,1.007557659183919,0.6021761374759839,0.9711819156618495
market_close,1x2,T1,2020/21,420,0.2081669128182198,1.0240498898545747,0.6125822300381549,0.9893736444683024
market_close,1x2,T1,2021/22,379,0.20510876541704354,0.9934845298658482,0.5932396501121489,1.270105578856444
market_close,1x2,T1,2022/23,313,0.19706844947174418,0.9645780894478088,0.5704568790407094,1.2611732911207187
market_close,1x2,T1,2023/24,379,0.1837527812926036,0.9384875007523144,0.5553145408318053,1.288443977879081
market_close,1x2,T1,2024/25,340,0.17969492421760783,0.9135628666142421,0.5353872200990397,1.2468295822686775
dc,ou25,B1,2019/20,232,0.254125238910488,0.7023969472312014,0.508250477820976,0.1790701833221317
dc,ou25,B1,2020/21,306,0.2372421312620512,0.6700641398329319,0.4744842625241024,0.871285456298786
dc,ou25,B1,2021/22,306,0.2500969148529266,0.6944975950036621,0.5001938297058532,0.4670440024037929
dc,ou25,B1,2022/23,306,0.24169826797734428,0.6785007022248132,0.48339653595468857,0.7888396874934823
dc,ou25,B1,2023/24,312,0.24604761975637493,0.6850669319476691,0.4920952395127499,0.7383151269168408
dc,ou25,B1,2024/25,312,0.24837682797612542,0.6974231816479988,0.49675365595225085,0.3762973752999876
dc,ou25,D1,2019/20,306,0.23555907722792147,0.6634687035383803,0.47111815445584293,1.097908586627115
dc,ou25,D1,2020/21,301,0.23816870175354912,0.6696615376134513,0.47633740350709824,0.9860533616622125
dc,ou25,D1,2021/22,302,0.22971361962059078,0.6502459734376763,0.45942723924118156,1.0290597531470291
dc,ou25,D1,2022/23,294,0.2370693760805782,0.6672176077353656,0.4741387521611564,0.9567101105448677
dc,ou25,D1,2023/24,293,0.23616144119158086,0.6686969353998049,0.4723228823831617,0.7477538459966134
dc,ou25,D1,2024/25,296,0.22562289360237262,0.6433440904196513,0.45124578720474523,1.0106473492155557
dc,ou25,D2,2019/20,306,0.25227332466838237,0.6979975862190968,0.5045466493367647,0.3917455595744995
dc,ou25,D2,2020/21,306,0.2624792596366142,0.7186889385431345,0.5249585192732286,-0.8011129533614492
dc,ou25,D2,2021/22,306,0.24348813818505705,0.6799010485933891,0.4869762763701141,0.8669145375145637
dc,ou25,D2,2022/23,306,0.24413038714922042,0.6813715307649039,0.48826077429844084,1.0644348309608718
dc,ou25,D2,2023/24,306,0.24042518279540187,0.6742311488245607,0.48085036559080374,0.771326738536745
dc,ou25,D2,2024/25,306,0.24224707600207607,0.678954743683636,0.48449415200415213,0.6798648474196367
dc,ou25,E0,2019/20,380,0.2356493547331747,0.6650048094855509,0.4712987094663494,1.1682800274192306
dc,ou25,E0,2020/21,380,0.2559205366685188,0.7070709491547369,0.5118410733370377,0.25891409047275254
dc,ou25,E0,2021/22,380,0.23983271784234705,0.6724957672846729,0.4796654356846941,1.0110108716106094
dc,ou25,E0,2022/23,379,0.2452588037244702,0.6831268043892772,0.4905176074489404,0.7608933091852311
dc,ou25,E0,2023/24,373,0.24827421341373798,0.6897365848625551,0.496548426827476,0.578226261449557
dc,ou25,E0,2024/25,377,0.2463351948102966,0.6859610143205759,0.4926703896205932,0.7345709828448397
dc,ou25,E1,2019/20,552,0.2522936780343006,0.6978839124529101,0.5045873560686012,0.3622516356433388
dc,ou25,E1,2020/21,550,0.2521213202214671,0.699118359011595,0.5042426404429342,0.36462402149966455
dc,ou25,E1,2021/22,552,0.2521650101605533,0.6975665541902807,0.5043300203211066,0.31806240103631234
dc,ou25,E1,2022/23,552,0.24838099458432616,0.6900762435615654,0.49676198916865233,0.6175713500494399
dc,ou25,E1,2023/24,552,0.25156918599673356,0.6965248424604186,0.5031383719934671,0.38182114778402443
dc,ou25,E1,2024/25,552,0.24378137410609688,0.6832326836993803,0.48756274821219375,0.8223634544161728
dc,ou25,E2,2019/20,398,0.25075578852000524,0.6963463526073294,0.5015115770400105,0.37106844880944323
dc,ou25,E2,2020/21,547,0.24716766787623307,0.6880522549004701,0.494335335752466,0.7376010100736569
dc,ou25,E2,2021/22,552,0.25529978990269675,0.704576507048707,0.5105995798053935,0.2168695762116396
dc,ou25,E2,2022/23,552,0.26170815952924203,0.71952103330582,0.523416319058484,-0.2619308984255571
dc,ou25,E2,2023/24,552,0.25285613470374624,0.7012846995559348,0.5057122694074925,0.3061737483251978
dc,ou25,E2,2024/25,552,0.25459197087440466,0.7044436690720742,0.5091839417488093,0.23910368865685708
dc,ou25,E3,2019/20,435,0.2594279950246187,0.715161235680605,0.5188559900492374,0.058030509974534246
dc,ou25,E3,2020/21,552,0.24958273519557544,0.6945961707429145,0.4991654703911509,0.4504882973506242
dc,ou25,E3,2021/22,552,0.2503066000719661,0.6944805281009129,0.5006132001439322,0.45032551967479134
dc,ou25,E3,2022/23,551,0.2416895098038795,0.684169630618528,0.4833790196077591,0.6026405237203855
dc,ou25,E3,2023/24,552,0.2560245679579291,0.7114593292333092,0.5120491359158583,0.20642308366848378
dc,ou25,E3,2024/25,552,0.25471611696819507,0.7042718764873949,0.5094322339363901,0.2600876779647159
dc,ou25,F1,2019/20,279,0.2516882557062307,0.6975183607420117,0.5033765114124614,0.40749722222824264
dc,ou25,F1,2020/21,380,0.24914410244458673,0.6923842127717915,0.4982882048891734,0.5076661578465196
dc,ou25,F1,2021/22,380,0.25063675450790623,0.6954054229245784,0.5012735090158125,0.44382134881435953
dc,ou25,F1,2022/23,378,0.24597536434435396,0.6855365283398672,0.49195072868870793,0.6666653070108393
dc,ou25,F1,2023/24,306,0.24575296493905988,0.6849795543239072,0.49150592987811975,0.7068344868518693
dc,ou25,F1,2024/25,303,0.24540885161665912,0.6839874016073836,0.49081770323331825,0.8166722117681499
dc,ou25,F2,2019/20,280,0.25382477603079057,0.7372778326494751,0.5076495520615811,0.149259490201054
dc,ou25,F2,2020/21,380,0.25402379795044605,0.7124103636540888,0.5080475959008921,0.29067910619401177
dc,ou25,F2,2021/22,380,0.23914342048409032,0.6717001734807982,0.47828684096818064,0.7886565199232853
dc,ou25,F2,2022/23,380,0.25252446759558517,0.7121132424990546,0.5050489351911703,0.28822276411699543
dc,ou25,F2,2023/24,379,0.25841348623410426,0.7162421677922511,0.5168269724682085,0.2336521982637054
dc,ou25,F2,2024/25,306,0.25862764883177386,0.7117223726943414,0.5172552976635477,0.18116066204687478
dc,ou25,G1,2019/20,240,0.24425119946061383,0.6820609397285542,0.48850239892122754,0.6547117594383092
dc,ou25,G1,2020/21,239,0.2367621350633434,0.6663275435035928,0.47352427012668685,0.886815637878832
dc,ou25,G1,2021/22,240,0.24657605881749903,0.6896110552388424,0.49315211763499806,0.5296077562802894
dc,ou25,G1,2022/23,240,0.23778996739184102,0.6683882409962194,0.47557993478368205,0.8489864750733968
dc,ou25,G1,2023/24,240,0.2658495877144852,0.7257658321959551,0.5316991754289704,-0.010750150093332467
dc,ou25,G1,2024/25,233,0.25658774461656114,0.7242311011649583,0.5131754892331224,0.06328333627079392
dc,ou25,I1,2019/20,380,0.24642756007830377,0.6875838248307333,0.49285512015660754,0.6720112204108639
dc,ou25,I1,2020/21,379,0.2460494161289107,0.6854242528933018,0.4920988322578214,0.6885414440508661
dc,ou25,I1,2021/22,379,0.24960321467836294,0.694521988716815,0.4992064293567259,0.4575404693439158
dc,ou25,I1,2022/23,380,0.2613315500165624,0.718262981301915,0.5226631000331248,-0.12810810241336587
dc,ou25,I1,2023/24,380,0.245259841158489,0.6836551497967172,0.490519682316978,0.8895004255629068
dc,ou25,I1,2024/25,380,0.24662858694369413,0.6863898070518114,0.49325717388738827,0.7365831433139504
dc,ou25,I2,2019/20,373,0.25470540798202695,0.7057132866064653,0.5094108159640539,0.30787377358083945
dc,ou25,I2,2020/21,378,0.2553380203020812,0.7146659608806188,0.5106760406041623,0.2176358264882176
dc,ou25,I2,2021/22,380,0.25532439247675714,0.7075565679111402,0.5106487849535144,0.19155162124884012
dc,ou25,I2,2022/23,380,0.25692701394842243,0.710860758860468,0.5138540278968449,0.19776045404640813
dc,ou25,I2,2023/24,379,0.26136724217997215,0.7334137442128893,0.5227344843599443,-0.18457201400746331
dc,ou25,I2,2024/25,380,0.2645755994663405,0.7281887248082691,0.5291511989326809,-0.08560483118963272
dc,ou25,N1,2019/20,230,0.23358761277385665,0.6583574180170483,0.4671752255477133,0.8149448557543407
dc,ou25,N1,2020/21,305,0.24592631336225984,0.6850362171216157,0.4918526267245197,0.5935371659145312
dc,ou25,N1,2021/22,306,0.23595881944420477,0.6641792050799111,0.47191763888840954,0.8091149407481467
dc,ou25,N1,2022/23,306,0.24482678166279107,0.6853046959632285,0.48965356332558213,0.5631467232494776
dc,ou25,N1,2023/24,306,0.22821538640897068,0.6485453934862885,0.4564307728179414,1.1450444906856863
dc,ou25,N1,2024/25,306,0.24299773400781527,0.6785368247115825,0.48599546801563054,0.756321849706832
dc,ou25,P1,2019/20,306,0.2462347917700799,0.6853486042764572,0.49246958354016,0.6432742961163087
dc,ou25,P1,2020/21,305,0.2514802911554458,0.6967727121894032,0.5029605823108916,0.41661689685266967
dc,ou25,P1,2021/22,306,0.24974971469000493,0.6943148143559806,0.49949942938000996,0.46444159606971824
dc,ou25,P1,2022/23,306,0.24924033137355656,0.6944953449388599,0.498480662747113,0.44424012884629993
dc,ou25,P1,2023/24,306,0.2525720551742924,0.7023205243580669,0.5051441103485849,0.27017159063216895
dc,ou25,P1,2024/25,306,0.2424387542305176,0.6781265631325271,0.4848775084610352,0.9170927964835373
dc,ou25,SC0,2019/20,179,0.24556801535271663,0.6844936106404473,0.49113603070543327,0.8367740021836461
dc,ou25,SC0,2020/21,227,0.24579150408310746,0.6848922389160264,0.4915830081662149,0.7825973100086636
dc,ou25,SC0,2021/22,228,0.24017785518072587,0.6730427475635983,0.48035571036145175,0.9282486518859752
dc,ou25,SC0,2022/23,228,0.2528891070950759,0.6992757990475549,0.5057782141901518,0.3509759400557072
dc,ou25,SC0,2023/24,228,0.23653561569784304,0.6655985784505172,0.47307123139568613,1.2202332886625058
dc,ou25,SC0,2024/25,228,0.24854264281432545,0.6902599525205618,0.49708528562865084,0.5662359296694062
dc,ou25,SP1,2019/20,380,0.24662212275834797,0.6887460776965231,0.49324424551669593,0.5429473991420748
dc,ou25,SP1,2020/21,379,0.25220844500710526,0.6996823373559853,0.5044168900142105,0.4051598192977302
dc,ou25,SP1,2021/22,380,0.252478511672247,0.6992095639492939,0.504957023344494,0.37756448297758566
dc,ou25,SP1,2022/23,380,0.24779522548153393,0.6901300818011682,0.4955904509630678,0.5599078992615867
dc,ou25,SP1,2023/24,380,0.23475299136346378,0.6633970377523009,0.46950598272692756,0.9499012802782695
dc,ou25,SP1,2024/25,378,0.24105619343911605,0.6754985054728605,0.4821123868782321,0.8293035243228781
dc,ou25,SP2,2019/20,462,0.2353565921406001,0.6633638074831423,0.4707131842812002,0.9205531225306905
dc,ou25,SP2,2020/21,461,0.23237850769877838,0.661471348407764,0.4647570153975568,0.7471369525417855
dc,ou25,SP2,2021/22,462,0.2571073894536233,0.7235395726425521,0.5142147789072467,0.2125132572394445
dc,ou25,SP2,2022/23,462,0.22947621842798746,0.652567908425415,0.458952436855975,0.8159323878335769
dc,ou25,SP2,2023/24,462,0.24120865609385528,0.6764349548383335,0.48241731218771056,0.7026750840951219
dc,ou25,SP2,2024/25,462,0.2593336228866883,0.7164285574683915,0.5186672457733766,0.17680262457920948
dc,ou25,T1,2019/20,306,0.25094769321171656,0.6961682869370633,0.5018953864234331,0.4301432743105602
dc,ou25,T1,2020/21,420,0.2556854291213636,0.7055991502612846,0.5113708582427271,0.09179571856169665
dc,ou25,T1,2021/22,379,0.25207194711407005,0.6966805594742201,0.5041438942281401,0.41470218521646784
dc,ou25,T1,2022/23,313,0.24537833138992918,0.6853177730869038,0.49075666277985835,0.7201959204504713
dc,ou25,T1,2023/24,380,0.24715705903561963,0.6977173612387889,0.49431411807123926,0.34150862567358764
dc,ou25,T1,2024/25,342,0.24216733961376305,0.6800196543246354,0.484334679227526,0.8095876132180626
market_pre,ou25,B1,2019/20,232,0.24808807593862034,0.6902255463100864,0.4961761518772407,0.570711770573232
market_pre,ou25,B1,2020/21,306,0.23684349074665775,0.6664445262831481,0.4736869814933155,1.52659080330252
market_pre,ou25,B1,2021/22,306,0.24370999137290325,0.6803776360198435,0.4874199827458066,0.8887466295974401
market_pre,ou25,B1,2022/23,306,0.23710923679821344,0.6671155132685296,0.4742184735964269,1.565543577522827
market_pre,ou25,B1,2023/24,312,0.24526540076860437,0.6834036851680495,0.49053080153720874,0.7994163415964511
market_pre,ou25,B1,2024/25,312,0.23879312922295484,0.6702411847365861,0.4775862584459097,1.4054004961976627
market_pre,ou25,D1,2019/20,306,0.2233248896240838,0.6378874814358382,0.4466497792481676,1.1298638033504733
market_pre,ou25,D1,2020/21,301,0.22914041317694028,0.6492903842636208,0.45828082635388057,1.1902354686043841
market_pre,ou25,D1,2021/22,302,0.23021152489247973,0.6511194128550882,0.46042304978495946,1.1575913447496353
market_pre,ou25,D1,2022/23,294,0.23670608546648006,0.6662572436030044,0.4734121709329601,1.0757890611288907
market_pre,ou25,D1,2023/24,293,0.22669655397137667,0.6454456195292292,0.45339310794275334,1.2149314723112898
market_pre,ou25,D1,2024/25,296,0.22734185600874982,0.6462713720220348,0.45468371201749963,1.2526821422267076
market_pre,ou25,D2,2019/20,306,0.24915502446065332,0.69140035365741,0.49831004892130665,0.5810662639319356
market_pre,ou25,D2,2020/21,306,0.23731705606336922,0.6674846321074931,0.4746341121267384,2.174880002360284
market_pre,ou25,D2,2021/22,306,0.24224605559876145,0.677421116053876,0.4844921111975229,1.1367689566859285
market_pre,ou25,D2,2022/23,306,0.24059899419727487,0.6743466623653406,0.48119798839454964,1.2629859938987473
market_pre,ou25,D2,2023/24,306,0.23986914934199227,0.6729333312208329,0.47973829868398454,0.8683575626390846
market_pre,ou25,D2,2024/25,306,0.2335126418161916,0.659411375195338,0.4670252836323832,1.2858262408517371
market_pre,ou25,E0,2019/20,380,0.2359910938846375,0.6643113698234505,0.471982187769275,1.1991019850433111
market_pre,ou25,E0,2020/21,380,0.24913746058646585,0.6921001591238337,0.4982749211729317,0.5329398600603976
market_pre,ou25,E0,2021/22,380,0.2442499516759895,0.6816337724232573,0.488499903351979,0.8993092197423387
market_pre,ou25,E0,2022/23,379,0.2385181339158537,0.6693676427222405,0.47703626783170744,1.4214035538631726
market_pre,ou25,E0,2023/24,373,0.22767564872111307,0.6473408548830543,0.45535129744222613,1.2319940091397097
market_pre,ou25,E0,2024/25,377,0.2444115961660934,0.6820372028796505,0.4888231923321868,0.6709958043895151
market_pre,ou25,E1,2019/20,552,0.24898836714698527,0.6910915383048298,0.49797673429397055,0.6701463774730796
market_pre,ou25,E1,2020/21,550,0.24080132439749988,0.6746594340542743,0.48160264879499975,1.2788416379582845
market_pre,ou25,E1,2021/22,552,0.24703152039460013,0.6871495602936128,0.49406304078920027,0.8360045740937894
market_pre,ou25,E1,2022/23,552,0.2459324828271628,0.6849528962194047,0.4918649656543256,1.0627968274586193
market_pre,ou25,E1,2023/24,552,0.2447488199676128,0.6825403534906324,0.4894976399352256,1.0947339646729852
market_pre,ou25,E1,2024/25,552,0.2432480946613413,0.6794681983373204,0.4864961893226826,1.2489267010383622
market_pre,ou25,E2,2019/20,398,0.245564780043511,0.6842840462630772,0.491129560087022,1.3508201775425508
market_pre,ou25,E2,2020/21,547,0.24600296849326042,0.6850828778698069,0.49200593698652084,1.3624967078104857
market_pre,ou25,E2,2021/22,552,0.24777731984763224,0.6886955292072577,0.49555463969526437,1.1583007433803463
market_pre,ou25,E2,2022/23,552,0.25017674912737664,0.6935007651005145,0.5003534982547533,0.45672110612180095
market_pre,ou25,E2,2023/24,552,0.2444613216452258,0.6819801528049182,0.4889226432904516,1.7701138308485873
market_pre,ou25,E2,2024/25,552,0.24207700144869343,0.6771256600725711,0.48415400289738686,1.540511521154935
market_pre,ou25,E3,2019/20,435,0.24833118925919703,0.6897954950579104,0.49666237851839407,0.8661504382216273
market_pre,ou25,E3,2020/21,552,0.2409088137304054,0.6747637058358634,0.4818176274608108,1.7152697955697431
market_pre,ou25,E3,2021/22,552,0.2465060560829185,0.6861595909480933,0.493012112165837,0.9015254551527389
market_pre,ou25,E3,2022/23,551,0.24052644733960477,0.6739688513235739,0.48105289467920953,1.3877354918843874
market_pre,ou25,E3,2023/24,552,0.24265494688903705,0.6782543332644538,0.4853098937780741,1.392274949825917
market_pre,ou25,E3,2024/25,552,0.24688940336532078,0.6869851556604625,0.49377880673064156,0.9409252087745595
market_pre,ou25,F1,2019/20,279,0.23690635749483308,0.6657936796641516,0.47381271498966615,1.1073908427381443
market_pre,ou25,F1,2020/21,380,0.24498685431943362,0.6825308436944596,0.48997370863886724,0.8215214784142431
market_pre,ou25,F1,2021/22,380,0.24294303331022055,0.6788024964381825,0.48588606662044115,1.0643374131549228
market_pre,ou25,F1,2022/23,378,0.24011797551053848,0.6732539365655699,0.48023595102107697,1.1727259360616482
market_pre,ou25,F1,2023/24,306,0.24683815328158437,0.6866286051397934,0.49367630656316874,0.7652536145519081
market_pre,ou25,F1,2024/25,303,0.24033155434401077,0.6736606369199292,0.48066310868802153,1.0561982899870317
market_pre,ou25,F2,2019/20,280,0.23729421836423853,0.667470094206025,0.47458843672847717,0.9054421577507671
market_pre,ou25,F2,2020/21,380,0.23957530344608052,0.6721107175506769,0.479150606892161,0.9574362944529721
market_pre,ou25,F2,2021/22,380,0.23651454680447473,0.6658008237458686,0.47302909360894957,1.158333362609789
market_pre,ou25,F2,2022/23,380,0.24451509881206926,0.681977387107844,0.4890301976241385,0.7996751405464064
market_pre,ou25,F2,2023/24,379,0.24863724827728442,0.6903424152712405,0.49727449655456885,0.5970943202473213
market_pre,ou25,F2,2024/25,306,0.24528793979639008,0.6837476525282917,0.49057587959278015,0.9054291757076715
market_pre,ou25,G1,2019/20,240,0.24275697202973318,0.6786339583260141,0.48551394405946635,0.8814016229170898
market_pre,ou25,G1,2020/21,239,0.23198524565056108,0.6565002049184283,0.4639704913011221,1.4589024183934785
market_pre,ou25,G1,2021/22,240,0.242342470638793,0.6776221888366102,0.484684941277586,0.9314626976860764
market_pre,ou25,G1,2022/23,240,0.23467653939050737,0.6618574885268934,0.46935307878101473,1.3386950969090248
market_pre,ou25,G1,2023/24,240,0.2463743382942936,0.6854423057960451,0.4927486765885872,0.7945911690845091
market_pre,ou25,G1,2024/25,233,0.2501841070013444,0.69364230125528,0.5003682140026888,0.48213632671824413
market_pre,ou25,I1,2019/20,380,0.2355920332937549,0.6641662274442285,0.47118406658750983,1.3399640566266928
market_pre,ou25,I1,2020/21,379,0.24399654717838723,0.6813551863631814,0.48799309435677446,0.7602127134032804
market_pre,ou25,I1,2021/22,379,0.24342315837238696,0.6800621296673056,0.4868463167447739,0.9030362777754033
market_pre,ou25,I1,2022/23,380,0.2435852862535809,0.6801736399743759,0.4871705725071618,1.1524570796460747
market_pre,ou25,I1,2023/24,380,0.24382759291915812,0.6807586280450779,0.48765518583831635,1.047622349080109
market_pre,ou25,I1,2024/25,380,0.24337735444117117,0.6799031948302896,0.4867547088823424,1.119014686960213
market_pre,ou25,I2,2019/20,373,0.24340423628102348,0.6798378433387944,0.48680847256204696,1.315046696772519
market_pre,ou25,I2,2020/21,378,0.24473120596324818,0.6825679745959444,0.48946241192649637,1.1531932253404986
market_pre,ou25,I2,2021/22,380,0.24267867201831075,0.6784181135978765,0.4853573440366216,1.7700017576835751
market_pre,ou25,I2,2022/23,380,0.2417317935709773,0.6764728809880441,0.4834635871419546,1.2338402513386575
market_pre,ou25,I2,2023/24,379,0.24989785522953178,0.6929952239281995,0.49979571045906357,0.5025813696630884
market_pre,ou25,I2,2024/25,380,0.25260872474400103,0.6987595781973441,0.5052174494880021,0.30238249484176466
market_pre,ou25,N1,2019/20,230,0.23245742685899415,0.6557340192194016,0.4649148537179883,0.8632293019031567
market_pre,ou25,N1,2020/21,305,0.24143672672368702,0.6745544813886953,0.48287345344737403,0.7557511384432578
market_pre,ou25,N1,2021/22,306,0.2294430983789669,0.6508903634195381,0.4588861967579338,1.3508885675228095
market_pre,ou25,N1,2022/23,306,0.23911664722860757,0.6706842425190901,0.47823329445721513,0.8465725664130817
market_pre,ou25,N1,2023/24,306,0.22532137368040828,0.6422199297494001,0.45064274736081655,1.1769080457804482
market_pre,ou25,N1,2024/25,306,0.24256971526678786,0.6772297134765631,0.4851394305335757,0.782194861192377
market_pre,ou25,P1,2019/20,306,0.24537912112909702,0.6837188967691995,0.49075824225819403,0.8056832049447906
market_pre,ou25,P1,2020/21,305,0.245108769857573,0.6837178579493137,0.490217539715146,0.7898029552404474
market_pre,ou25,P1,2021/22,306,0.2454977319377266,0.6841565147723556,0.4909954638754532,0.85996743645128
market_pre,ou25,P1,2022/23,306,0.2414404271966656,0.6756112500840311,0.4828808543933311,1.0348536048256378
market_pre,ou25,P1,2023/24,306,0.23733756510134232,0.667579287702189,0.47467513020268454,1.2885344698985806
market_pre,ou25,P1,2024/25,306,0.23180925732357388,0.65568092968409,0.46361851464714776,1.4102450239184199
market_pre,ou25,SC0,2019/20,179,0.24819673440794845,0.6898012620864373,0.4963934688158969,0.5988978245874209
market_pre,ou25,SC0,2020/21,227,0.24305721109127998,0.679053508662986,0.48611442218255996,0.949175488560882
market_pre,ou25,SC0,2021/22,228,0.24259630654519876,0.6783146720287943,0.4851926130903975,0.8892459724128181
market_pre,ou25,SC0,2022/23,228,0.2376174186872428,0.6681447082232533,0.4752348373744856,1.1056810163836266
market_pre,ou25,SC0,2023/24,228,0.23377909716271947,0.6600683682001043,0.46755819432543894,1.4138598114084107
market_pre,ou25,SC0,2024/25,228,0.24150769563477698,0.6754073422814244,0.48301539126955395,0.9138725419357417
market_pre,ou25,SP1,2019/20,380,0.23829598034793895,0.6695062705962528,0.47659196069587795,0.9728546244964651
market_pre,ou25,SP1,2020/21,379,0.2420519373918654,0.6768865783887527,0.4841038747837308,0.8559108349475951
market_pre,ou25,SP1,2021/22,380,0.24255878112231846,0.6782024631613136,0.4851175622446369,0.9797294377273643
market_pre,ou25,SP1,2022/23,380,0.24105682436672896,0.6751213305469577,0.48211364873345797,0.98876534488646
market_pre,ou25,SP1,2023/24,380,0.23015883697128772,0.652785936102924,0.46031767394257544,1.565896750490994
market_pre,ou25,SP1,2024/25,378,0.23736915213060414,0.667489614512009,0.4747383042612083,0.9495176206544785
market_pre,ou25,SP2,2019/20,462,0.2352381729499073,0.6632377987371505,0.4704763458998146,1.0210929619850193
market_pre,ou25,SP2,2020/21,461,0.222275914795358,0.6361955274202404,0.444551829590716,1.130242706159678
market_pre,ou25,SP2,2021/22,462,0.24492052936274494,0.6831239699934346,0.4898410587254899,0.6920867461675653
market_pre,ou25,SP2,2022/23,462,0.2258733039181541,0.643893368892152,0.4517466078363082,1.2155124834009166
market_pre,ou25,SP2,2023/24,462,0.23295207883579766,0.6584829815597841,0.4659041576715954,1.086387052683905
market_pre,ou25,SP2,2024/25,462,0.2468188498264823,0.6873477669173209,0.4936376996529646,0.615702177715401
market_pre,ou25,T1,2019/20,306,0.2424447246276866,0.6774273685704912,0.4848894492553732,1.1048606733233823
market_pre,ou25,T1,2020/21,420,0.24272027357387085,0.678125585682642,0.4854405471477417,1.3894050226987011
market_pre,ou25,T1,2021/22,379,0.24910359776303517,0.6913133505830984,0.49820719552607035,0.6635017540761818
market_pre,ou25,T1,2022/23,313,0.2406484166382267,0.6742850368540914,0.4812968332764534,1.1116027880798671
market_pre,ou25,T1,2023/24,380,0.2438381945041587,0.6799335937186993,0.4876763890083174,0.8805878901432509
market_pre,ou25,T1,2024/25,342,0.23477251615940695,0.6607051376660834,0.4695450323188139,1.2098192628924895
market_close,ou25,B1,2019/20,232,0.24681588597474421,0.6877057549015325,0.4936317719494885,0.6145194144264662
market_close,ou25,B1,2020/21,306,0.2356520497064526,0.663654521676703,0.4713040994129052,1.3317269824578766
market_close,ou25,B1,2021/22,306,0.24071218617508303,0.6741052332307829,0.48142437235016605,0.9254229044024872
market_close,ou25,B1,2022/23,306,0.23735055413271589,0.6675380376558542,0.47470110826543177,1.4118887846942303
market_close,ou25,B1,2023/24,312,0.24259793546355923,0.6778807212330914,0.48519587092711847,0.9038365001021025
market_close,ou25,B1,2024/25,312,0.23757107969144192,0.6679068517653796,0.47514215938288384,1.3978484520798686
market_close,ou25,D1,2019/20,306,0.22147176719821293,0.6330932073484359,0.44294353439642586,1.1288549696743269
market_close,ou25,D1,2020/21,301,0.22907969536484152,0.6493736920733978,0.45815939072968304,1.1637039569238516
market_close,ou25,D1,2021/22,302,0.22556282927046722,0.641537964420102,0.45112565854093445,1.4155956540048809
market_close,ou25,D1,2022/23,294,0.237322685833043,0.6671372806734903,0.474645371666086,1.0848865902062577
market_close,ou25,D1,2023/24,293,0.22491254091632773,0.6417165496439732,0.44982508183265546,1.3372021295069203
market_close,ou25,D1,2024/25,296,0.22311796346620258,0.6372363040915096,0.44623592693240516,1.4892594123212053
market_close,ou25,D2,2019/20,306,0.2487195150566538,0.6904781685566255,0.4974390301133076,0.5932142181889606
market_close,ou25,D2,2020/21,306,0.23835266859939927,0.6696874813844927,0.47670533719879854,1.4602654190359317
market_close,ou25,D2,2021/22,306,0.23833475530029824,0.6691546256384001,0.4766695106005965,1.3277795146126508
market_close,ou25,D2,2022/23,306,0.23886077488233962,0.670487474070155,0.47772154976467923,1.249390834652677
market_close,ou25,D2,2023/24,306,0.23944761185527685,0.671634812381032,0.4788952237105537,0.8911933050989956
market_close,ou25,D2,2024/25,306,0.23364918898304907,0.6594572180366179,0.46729837796609813,1.2146381469325265
market_close,ou25,E0,2019/20,380,0.23579772657982814,0.6637254791349548,0.4715954531596563,1.1104479589631213
market_close,ou25,E0,2020/21,380,0.24655351606556342,0.6870763772083078,0.4931070321311269,0.6827870000990215
market_close,ou25,E0,2021/22,380,0.24758008510301677,0.6883498518748928,0.49516017020603353,0.6415885046592621
market_close,ou25,E0,2022/23,379,0.23838866956606616,0.66909901764014,0.4767773391321323,1.333542904475335
market_close,ou25,E0,2023/24,373,0.22661844165619482,0.6450646837573353,0.45323688331238965,1.2811725526030933
market_close,ou25,E0,2024/25,377,0.24392844358965016,0.6811033783069177,0.4878568871793003,0.6990307682005147
market_close,ou25,E1,2019/20,552,0.24826869758873737,0.6896751083320581,0.49653739517747475,0.6994941083536369
market_close,ou25,E1,2020/21,550,0.24169266805946213,0.676467197370696,0.48338533611892426,1.0762333976122755
market_close,ou25,E1,2021/22,552,0.24548197293188218,0.6840164657805282,0.49096394586376435,0.8840218914470673
market_close,ou25,E1,2022/23,552,0.2451949299554757,0.6834896426572777,0.4903898599109514,0.9618016753205363
market_close,ou25,E1,2023/24,552,0.2408358748959107,0.6746246418726168,0.4816717497918214,1.2963396860823437
market_close,ou25,E1,2024/25,552,0.24470927167754472,0.6824070488008032,0.48941854335508944,0.9591573255230739
market_close,ou25,E2,2019/20,398,0.2453265349772977,0.6837432719740283,0.4906530699545954,1.124991904890338
market_close,ou25,E2,2020/21,547,0.24566699612747325,0.684480165599321,0.4913339922549465,1.0809843945894708
market_close,ou25,E2,2021/22,552,0.24710140022212054,0.6873544180337189,0.4942028004442411,0.9407633854820707
market_close,ou25,E2,2022/23,552,0.25085669672346267,0.6949629380166797,0.5017133934469253,0.37358788745656063
market_close,ou25,E2,2023/24,552,0.24391715374476403,0.6808368271349085,0.48783430748952805,1.3857290838364182
market_close,ou25,E2,2024/25,552,0.24059199642215662,0.6740304675985356,0.48118399284431324,1.4465732382790928
market_close,ou25,E3,2019/20,435,0.2467753503458603,0.6866384313007158,0.4935507006917206,0.9531412765907924
market_close,ou25,E3,2020/21,552,0.2385849463729469,0.6699795849125701,0.47716989274589366,1.471469509224565
market_close,ou25,E3,2021/22,552,0.2438186822672835,0.6805512711508593,0.487637364534567,0.9636031554500715
market_close,ou25,E3,2022/23,551,0.23938912858702754,0.6715183596391758,0.4787782571740551,1.2079064410747247
market_close,ou25,E3,2023/24,552,0.2421995120534,0.6773563176003559,0.4843990241068,1.2861323695635212
market_close,ou25,E3,2024/25,552,0.24645898369040525,0.6860487215828523,0.4929179673808105,0.8827536956653061
market_close,ou25,F1,2019/20,279,0.23341890843835988,0.6582246124552737,0.46683781687671966,1.1996289741426494
market_close,ou25,F1,2020/21,380,0.24322186226231485,0.6788854464486972,0.4864437245246297,0.8960354582058704
market_close,ou25,F1,2021/22,380,0.23890890236555629,0.6704782479724497,0.47781780473111257,1.2548061191273405
market_close,ou25,F1,2022/23,378,0.24016307857256583,0.6730146723020488,0.48032615714513166,1.0768545638262066
market_close,ou25,F1,2023/24,306,0.24325443244664535,0.6792107251820088,0.4865088648932907,0.9812984610877786
market_close,ou25,F1,2024/25,303,0.23972401745120336,0.6725237888553969,0.47944803490240673,1.0172888533651647
market_close,ou25,F2,2019/20,280,0.2372387029261236,0.6676739270331646,0.4744774058522472,0.8815504890753806
market_close,ou25,F2,2020/21,380,0.23661535624402968,0.6659797996249546,0.47323071248805937,1.07646817288724
market_close,ou25,F2,2021/22,380,0.23100239131674152,0.6542328646544752,0.46200478263348305,1.2999085327430566
market_close,ou25,F2,2022/23,380,0.24502568616086212,0.6830655082314835,0.49005137232172424,0.7511717522738036
market_close,ou25,F2,2023/24,379,0.24778347257082994,0.6885563440843446,0.49556694514165983,0.6136872998912393
market_close,ou25,F2,2024/25,306,0.24457989675064518,0.6823046813075972,0.48915979350129024,0.9289183789080729
market_close,ou25,G1,2019/20,240,0.2410526776057,0.675277061379731,0.4821053552114,0.8421660151668069
market_close,ou25,G1,2020/21,239,0.23105142390139383,0.6547784529455952,0.46210284780278765,1.1579269242596866
market_close,ou25,G1,2021/22,240,0.2417806796742212,0.6763128427789966,0.4835613593484424,0.8557574575018825
market_close,ou25,G1,2022/23,240,0.2330412184585611,0.6584485864652284,0.4660824369171222,1.2331322429076401
market_close,ou25,G1,2023/24,240,0.2454804289127949,0.6833435676941856,0.49096085782558974,0.7746339617020607
market_close,ou25,G1,2024/25,233,0.24893824929386263,0.6910142099738541,0.49787649858772526,0.5546987592819042
market_close,ou25,I1,2019/20,380,0.23436185332727427,0.6619953033047771,0.4687237066545485,1.2075542748093782
market_close,ou25,I1,2020/21,379,0.24359380939633665,0.6802503526207672,0.48718761879267325,0.7805029108733565
market_close,ou25,I1,2021/22,379,0.241688537056197,0.6765462440829697,0.4833770741123941,0.9922061422488017
market_close,ou25,I1,2022/23,380,0.24356140677684715,0.6800083799173915,0.4871228135536943,0.9931237976925861
market_close,ou25,I1,2023/24,380,0.24134577628787815,0.6756964946567775,0.4826915525757563,1.0993172596675913
market_close,ou25,I1,2024/25,380,0.2421280361494826,0.6773030897002834,0.4842560722989652,1.0888352701133839
market_close,ou25,I2,2019/20,373,0.24036405127693658,0.6736653725925924,0.4807281025538731,1.5191784888232263
market_close,ou25,I2,2020/21,378,0.2417709214757592,0.6765134453546329,0.4835418429515184,1.3710568394381917
market_close,ou25,I2,2021/22,380,0.24112603532143165,0.6752421367070247,0.4822520706428633,1.6572179434457872
market_close,ou25,I2,2022/23,380,0.24214094992562743,0.6773160123606194,0.48428189985125486,1.0315546762638506
market_close,ou25,I2,2023/24,379,0.25130687920414296,0.6960487914213362,0.5026137584082859,0.41972687210833737
market_close,ou25,I2,2024/25,380,0.25226583191806456,0.6982434203629876,0.5045316638361291,0.3438420015410285
market_close,ou25,N1,2019/20,230,0.22976843448642442,0.6498325167990276,0.4595368689728489,0.8831465107339556
market_close,ou25,N1,2020/21,305,0.24062943119455188,0.6728631492589283,0.48125886238910376,0.7323576876523412
market_close,ou25,N1,2021/22,306,0.22727563363988298,0.645533541278779,0.45455126727976597,1.3279407597808124
market_close,ou25,N1,2022/23,306,0.23773426091830244,0.6678482245493721,0.4754685218366049,0.8601910244892906
market_close,ou25,N1,2023/24,306,0.2237824991894053,0.63815869869006,0.4475649983788106,1.1678388548603202
market_close,ou25,N1,2024/25,306,0.24354375441591264,0.679509777134881,0.4870875088318253,0.7166675104896465
market_close,ou25,P1,2019/20,306,0.24686027283335996,0.6868388473762822,0.4937205456667199,0.6567140501951703
market_close,ou25,P1,2020/21,305,0.240037816955416,0.6732488907417037,0.480075633910832,0.9947225364751653
market_close,ou25,P1,2021/22,306,0.2435098132931741,0.67995728717943,0.48701962658634806,0.8951977280326886
market_close,ou25,P1,2022/23,306,0.24405654747218128,0.6804821607200562,0.48811309494436256,0.8200817427076591
market_close,ou25,P1,2023/24,306,0.23317841857408272,0.6587435631460759,0.46635683714816545,1.3472684347932469
market_close,ou25,P1,2024/25,306,0.22921945713754135,0.6502684556036706,0.4584389142750827,1.459956356381475
market_close,ou25,SC0,2019/20,179,0.24265099458280376,0.6785249876501388,0.4853019891656075,0.8478699679095604
market_close,ou25,SC0,2020/21,227,0.23959799658293573,0.6720071407172391,0.47919599316587147,0.9980872856011868
market_close,ou25,SC0,2021/22,228,0.24322447380541626,0.6797691153271332,0.4864489476108325,0.7699522358023864
market_close,ou25,SC0,2022/23,228,0.23616821424260842,0.6650469534049711,0.47233642848521684,1.0380972142222573
market_close,ou25,SC0,2023/24,228,0.23577920333648808,0.6641126738387796,0.4715584066729761,1.093647215653285
market_close,ou25,SC0,2024/25,228,0.24220125763843023,0.6772798227123492,0.48440251527686046,0.8478847861376558
market_close,ou25,SP1,2019/20,380,0.23759927601019804,0.6680660081239012,0.47519855202039607,0.9233763354563227
market_close,ou25,SP1,2020/21,379,0.24140092810698235,0.6755344037991272,0.4828018562139647,0.8130152456086849
market_close,ou25,SP1,2021/22,380,0.2417409510592046,0.6766351899149929,0.4834819021184092,0.9342065151205022
market_close,ou25,SP1,2022/23,380,0.23999929880684065,0.6730036890848999,0.4799985976136813,0.9393569136377712
market_close,ou25,SP1,2023/24,380,0.2307736128400668,0.654058188547917,0.4615472256801336,1.2986391355446463
market_close,ou25,SP1,2024/25,378,0.23413254430065883,0.6607502631535308,0.46826508860131766,0.9783709109263132
market_close,ou25,SP2,2019/20,462,0.2347370920005165,0.6621832888550055,0.469474184001033,0.9658583352988499
market_close,ou25,SP2,2020/21,461,0.21989892073141762,0.6311435217632015,0.43979784146283524,1.0995427795282893
market_close,ou25,SP2,2021/22,462,0.2450057382857793,0.6832270622819696,0.4900114765715586,0.6778158134537909
market_close,ou25,SP2,2022/23,462,0.22490784980683845,0.6417101539921829,0.4498156996136769,1.1618269499909482
market_close,ou25,SP2,2023/24,462,0.2320631603685158,0.6566450335784471,0.4641263207370316,1.0474272599910643
market_close,ou25,SP2,2024/25,462,0.24482303874573197,0.6831987938757766,0.48964607749146394,0.6802672263412526
market_close,ou25,T1,2019/20,306,0.23980597169319684,0.6719351995513015,0.47961194338639374,1.1179488874088541
market_close,ou25,T1,2020/21,420,0.2444116261007893,0.6816305118431232,0.4888232522015786,1.0815112920419292
market_close,ou25,T1,2021/22,379,0.24741811615542825,0.6879161027604829,0.4948362323108565,0.7820686610318701
market_close,ou25,T1,2022/23,313,0.2379311269968713,0.6685495905385375,0.4758622539937426,1.0860815345566235
market_close,ou25,T1,2023/24,380,0.23861315027021007,0.6692468402811751,0.47722630054042015,1.1276319283781202
market_close,ou25,T1,2024/25,342,0.23088354532759375,0.6525246402361233,0.4617670906551875,1.268259214399262
