model,market,div,season,n,rps,log_loss,brier,cal_slope
dc,1x2,B1,2016/17,231,0.2050947477494794,1.008190240462193,0.5937784126823692,0.8969645313714852
dc,1x2,B1,2017/18,238,0.21361570948799832,1.052221790718171,0.6285335608738791,0.7466487119952339
dc,1x2,B1,2018/19,239,0.21569210454488225,1.030903953506433,0.6172148388791627,0.8399488061533547
dc,1x2,B1,2019/20,232,0.1981997399871001,0.955157711181375,0.5647255669670768,1.311776669207809
dc,1x2,B1,2020/21,305,0.2300085796279915,1.056042010907875,0.6377041786673582,0.6968208650079982
dc,1x2,B1,2021/22,305,0.210949950691544,1.0077272792866514,0.5950808884384376,0.8951821945083508
dc,1x2,B1,2022/23,304,0.20590965414421078,0.9840568244145078,0.582453085007383,1.0067737386281308
dc,1x2,B1,2023/24,312,0.20413063153086905,1.0169211522658088,0.599622175250906,0.9191619289820051
dc,1x2,B1,2024/25,311,0.19857945632028118,1.0175025976856427,0.6046602618689404,0.9569103099853983
dc,1x2,B1,2025/26,283,0.21684473316220446,1.0415226411826752,0.6254648956314547,0.8087551793419122
dc,1x2,B1,2026/27,61,0.20162126374324754,0.9502245371527286,0.5583210989686939,1.4408474780829545
dc,1x2,D1,2016/17,306,0.20879646998559462,1.0044341629478524,0.604064142103741,0.8521490824333405
dc,1x2,D1,2017/18,306,0.2074777413661541,1.0223665827761823,0.611322944483061,0.8065781413260278
dc,1x2,D1,2018/19,305,0.20071669497992037,0.9850174857323004,0.5857122852322305,0.8930271447692756
dc,1x2,D1,2019/20,306,0.2103837358564571,1.0019403284443391,0.5959513053133652,0.843383567219876
dc,1x2,D1,2020/21,306,0.2117500131401311,1.030019016268127,0.617656266076289,0.7940690839157298
dc,1x2,D1,2021/22,306,0.21027302272919693,1.0051142808200533,0.5984788331288338,0.7901449984983367
dc,1x2,D1,2022/23,306,0.20782659263831268,1.0038984245248737,0.6013083502985862,0.912217746595008
dc,1x2,D1,2023/24,306,0.19958769317128613,0.9917777374191499,0.593242747783372,0.879890430315081
dc,1x2,D1,2024/25,306,0.2123810276884349,1.0271296674295738,0.6128543818554626,0.7612322428718687
dc,1x2,D1,2025/26,288,0.19658273152982547,0.9735894945547341,0.5722725703281328,1.1405309543076017
dc,1x2,D1,2026/27,36,0.21460349587226524,1.0629192414208446,0.6101355847819602,0.6114704718205272
dc,1x2,D2,2016/17,305,0.2233494146308209,1.0821439390088452,0.6522275805126427,0.5973174112547536
dc,1x2,D2,2017/18,306,0.23096415838192597,1.1031946967827266,0.6688108730672906,0.44686128379654466
dc,1x2,D2,2018/19,306,0.22500790479045835,1.0925020000684647,0.6556621753057026,0.5568174234349526
dc,1x2,D2,2019/20,305,0.22432742714174,1.104610848500265,0.6670306398304523,0.4297927893784182
dc,1x2,D2,2020/21,302,0.2289897145483132,1.0624927927659098,0.6404425417523585,0.9662491764262324
dc,1x2,D2,2021/22,305,0.2280829094595676,1.0953548952940089,0.6602465436584508,0.4983601543979815
dc,1x2,D2,2022/23,306,0.2230862650385706,1.0460742363234128,0.6287437493597041,1.037921808615876
dc,1x2,D2,2023/24,306,0.22590752972777722,1.0558877764465722,0.6305393483440841,0.8238173771520791
dc,1x2,D2,2024/25,306,0.22580245011963065,1.0785413288316301,0.6539469885530257,0.6299022605027996
dc,1x2,D2,2025/26,285,0.22576638956697875,1.050612511338775,0.6331260937036836,1.011657613545022
dc,1x2,D2,2026/27,54,0.24363751985192028,1.1914628318448626,0.7088653367398914,0.048454519695669246
dc,1x2,E0,2016/17,380,0.19028816412702126,0.937303604939456,0.5538728186218609,1.4298215428163794
dc,1x2,E0,2017/18,380,0.19595086884671112,0.9822949131295532,0.5817486806100666,1.0060075939314854
dc,1x2,E0,2018/19,380,0.1880639785064208,0.8998210870041591,0.5265132935760938,1.221077426539886
dc,1x2,E0,2019/20,380,0.20031470702320633,0.9749613257329176,0.579779217795953,1.0148083149244487
dc,1x2,E0,2020/21,380,0.22170095310029184,1.031740857674439,0.6151230109727349,0.7327253517357991
dc,1x2,E0,2021/22,380,0.1942108824045686,0.9496313627960343,0.5617059137766988,1.082216005856251
dc,1x2,E0,2022/23,380,0.21829494299684588,1.0309293409637255,0.6123319094049599,0.7390440780532685
dc,1x2,E0,2023/24,380,0.19275213322391432,0.9353813603788464,0.5518102601223505,1.226552179522946
dc,1x2,E0,2024/25,380,0.21603567496789383,1.0242096356204355,0.6159359307011936,0.8126972622445383
dc,1x2,E0,2025/26,358,0.2128783655039649,1.0456295413897787,0.6263307435986458,0.7618836282174709
dc,1x2,E0,2026/27,50,0.209175751922037,1.1005010714393,0.6352578848394836,0.4989726807721556
dc,1x2,E1,2016/17,552,0.225717360973832,1.0554224182291614,0.6329443061529579,0.864882887708613
dc,1x2,E1,2017/18,552,0.22607477218894173,1.0780006726491171,0.6523990100999574,0.6789484729590166
dc,1x2,E1,2018/19,551,0.21322835607854987,1.0533795520461933,0.6347189549331749,0.8543046796608851
dc,1x2,E1,2019/20,551,0.2264857169872751,1.0733056081429841,0.6494465267253052,0.7313445104292942
dc,1x2,E1,2020/21,549,0.22786526071430138,1.069492573818206,0.6451856404396143,0.6747771065040497
dc,1x2,E1,2021/22,552,0.22486267715701652,1.0638300555283047,0.6381442992916748,0.7628644192217627
dc,1x2,E1,2022/23,552,0.22357743154060633,1.0659815769831404,0.6445515989432782,0.7737241074769979
dc,1x2,E1,2023/24,552,0.22731099292520754,1.0535113695501015,0.6325933426961079,0.815977693166874
dc,1x2,E1,2024/25,552,0.208641438720093,1.0320800666781522,0.6210820967086864,0.945793584733787
dc,1x2,E1,2025/26,516,0.23065194189007365,1.087546579547767,0.6593725425994355,0.5792549994432138
dc,1x2,E1,2026/27,90,0.24771510232608002,1.1837494321248476,0.7116865529194655,0.038126354357770245
dc,1x2,E2,2016/17,552,0.22521721495941094,1.0798882973815649,0.652807030338098,0.6789508986416367
dc,1x2,E2,2017/18,552,0.22366603438787083,1.0676858439053332,0.6452046147989655,0.7312399083407993
dc,1x2,E2,2018/19,552,0.22329061275272016,1.0707258536023418,0.6452270087948448,0.7299745335917397
dc,1x2,E2,2019/20,390,0.22340171012400736,1.0739945954035517,0.6464092551421668,0.6797509489023253
dc,1x2,E2,2020/21,546,0.23384490913118747,1.0796718568111383,0.651466730915704,0.6312037716043768
dc,1x2,E2,2021/22,552,0.21999325785926588,1.0561757570868948,0.63325820843674,0.915014079222917
dc,1x2,E2,2022/23,552,0.2152912342068393,1.033941278666858,0.6199888786246366,0.9259225256925855
dc,1x2,E2,2023/24,552,0.21786655675600397,1.0462774665886445,0.6228573524207167,0.8834430934936918
dc,1x2,E2,2024/25,552,0.22005600071406076,1.0409227998900263,0.6246027801494143,0.7811560398168231
dc,1x2,E2,2025/26,519,0.223443765314979,1.0610042913503188,0.6377594850819263,0.7737580744137762
dc,1x2,E2,2026/27,90,0.2450958772533072,1.2561994087601436,0.7255940203888795,48442320576.94016
dc,1x2,E3,2016/17,551,0.2295037232035848,1.0778396375966368,0.650301773483214,0.7249470707504541
dc,1x2,E3,2017/18,551,0.231770594609933,1.0902651966625945,0.6548789628387482,0.5752491670200002
dc,1x2,E3,2018/19,549,0.22333073477399717,1.0627631008974976,0.6424462037751164,0.7948406429030973
dc,1x2,E3,2019/20,426,0.2275874616812888,1.0990225804493463,0.6652358928196348,0.4889083294045993
dc,1x2,E3,2020/21,552,0.23347909319625962,1.1021962678820874,0.6658628319325354,0.4377794722411155
dc,1x2,E3,2021/22,552,0.2184265075349081,1.0564524093161183,0.6369429156452395,1.0446062760600088
dc,1x2,E3,2022/23,551,0.22331133878664222,1.0838156253722728,0.6540387577278836,0.6392111168321949
dc,1x2,E3,2023/24,552,0.23611488577547377,1.085564551560233,0.6558728233744766,0.6276711477724172
dc,1x2,E3,2024/25,550,0.23023283375539672,1.097163053206248,0.6651509745827606,0.4991007586232904
dc,1x2,E3,2025/26,525,0.22627632065129408,1.0631803361069225,0.6396951339819625,0.8170005026238348
dc,1x2,E3,2026/27,99,0.2201883523552474,1.1072203481714131,0.6739281804370233,0.3891263606675551
dc,1x2,F1,2016/17,378,0.2012946754691969,0.9940067486311099,0.5887574307095732,1.0776013316028423
dc,1x2,F1,2017/18,377,0.19757186530465148,0.9890479028816529,0.5810612708837494,1.0037978641355423
dc,1x2,F1,2018/19,379,0.2129648893090428,1.0458660734500393,0.628967041638357,0.7441391067205985
dc,1x2,F1,2019/20,279,0.20912052860533126,1.0117844824366335,0.6071348888262436,0.9063824822565062
dc,1x2,F1,2020/21,378,0.21853616208392357,1.0383789537896075,0.6225779681394713,0.7594915189786463
dc,1x2,F1,2021/22,380,0.20698131413747092,1.017090488021644,0.6105701197865573,0.8870083223476611
dc,1x2,F1,2022/23,380,0.20611630026806818,0.9964741538816372,0.5912885077175389,0.946116308042678
dc,1x2,F1,2023/24,306,0.21365199326906684,1.0398980822828154,0.624615030203334,0.819807807694327
dc,1x2,F1,2024/25,306,0.20905481972071574,0.9786650549562531,0.5804026723470153,1.1867251139618702
dc,1x2,F1,2025/26,287,0.208590738272916,0.9975871343706705,0.5973043895321513,1.020085316151929
dc,1x2,F1,2026/27,45,0.20967025585385946,1.045716392821293,0.6257269466040081,0.8798952723519923
dc,1x2,F2,2016/17,376,0.22035017347569566,1.08371686654526,0.6541629421519886,0.6655175204808049
dc,1x2,F2,2017/18,379,0.22893800457465613,1.060309105839162,0.6378733812188003,0.867680583979344
dc,1x2,F2,2018/19,377,0.21868828573776916,1.0700828244142633,0.6417093620741606,0.8068984584930171
dc,1x2,F2,2019/20,277,0.22096497065918494,1.0863266438816468,0.651931001401936,0.6099249366985176
dc,1x2,F2,2020/21,379,0.21084294619943594,1.072053929137396,0.6493646563514088,0.7162858396591388
dc,1x2,F2,2021/22,380,0.2189831343655343,1.0580350498997388,0.6374484579360004,0.9389832658757901
dc,1x2,F2,2022/23,375,0.2265301295223212,1.087422076045051,0.6518780035488013,0.5903902842804798
dc,1x2,F2,2023/24,379,0.23041362702236773,1.0991875695530762,0.667175650826095,0.47019475247305886
dc,1x2,F2,2024/25,306,0.23207342153923385,1.102988929968182,0.6477961154335881,0.4725493427983209
dc,1x2,F2,2025/26,281,0.2205240504263549,1.0826386820025464,0.6535500624868621,0.6451329773193142
dc,1x2,F2,2026/27,61,0.21234173360371383,1.1016781517757779,0.6735548887131523,0.42399483092898615
dc,1x2,G1,2016/17,191,0.1948821446230546,0.9870825675681025,0.5830176207123295,1.0328593162451432
dc,1x2,G1,2017/18,180,0.19071623892121584,1.017914608398946,0.6060141397958008,0.8564197908503275
dc,1x2,G1,2018/19,208,0.1833553112620462,0.9228974865468472,0.5412551272868524,1.191982280649003
dc,1x2,G1,2019/20,220,0.1750267984434657,0.917262134499579,0.542853124090593,1.3377178234609848
dc,1x2,G1,2020/21,223,0.1948536031763989,0.990559555479749,0.5940244829024224,0.832291406381779
dc,1x2,G1,2021/22,240,0.2046510611588864,1.0121620098511237,0.5919433129763265,0.7941505609344613
dc,1x2,G1,2022/23,239,0.18177770217507452,0.9452349622347144,0.5671767288565224,1.0811154146314161
dc,1x2,G1,2023/24,240,0.18093170537929945,0.9271104709036725,0.5489784143976422,1.0957089144995165
dc,1x2,G1,2024/25,233,0.203429103965616,0.9753589038359867,0.5786443730695016,0.9433618580863885
dc,1x2,G1,2025/26,208,0.17820471429909396,0.9314425261368781,0.5546497474138969,1.1096883591370907
dc,1x2,G1,2026/27,32,0.17495715492561853,0.8925860502013088,0.5217784054839266,1.0942460799057967
dc,1x2,I1,2016/17,377,0.1878510202843442,0.919673643899334,0.5425992526443429,1.270380257112841
dc,1x2,I1,2017/18,379,0.18787029034791666,0.9266539788756966,0.5450974052432767,1.150552605361689
dc,1x2,I1,2018/19,380,0.1891848408505795,0.9741743767016993,0.5791733579861369,1.0106880914652219
dc,1x2,I1,2019/20,380,0.2119579716192419,1.0131620850856489,0.5974496922400145,0.8277574512270683
dc,1x2,I1,2020/21,378,0.194296051347916,0.9729840837308291,0.5765594191869712,0.9572060568791992
dc,1x2,I1,2021/22,379,0.20097692518094407,0.9984874501438878,0.5907723047885343,0.834357663973086
dc,1x2,I1,2022/23,380,0.20271756697941012,1.0029388962870234,0.5980886912200096,0.8626249797528146
dc,1x2,I1,2023/24,380,0.19376388285340934,0.9928053147097387,0.5941358846160829,0.9981119196392532
dc,1x2,I1,2024/25,380,0.1917324637055583,0.978420673854126,0.5858973957962403,1.0257983165195317
dc,1x2,I1,2025/26,359,0.20045170857314185,0.9819556707630092,0.5858502840628639,1.0703178355011236
dc,1x2,I1,2026/27,50,0.1996905692913689,0.9380147629185229,0.5488441849319112,1.4956062096469909
dc,1x2,I2,2016/17,443,0.20470615126792205,1.051045518476957,0.6351432585164455,0.8551207555555504
dc,1x2,I2,2017/18,455,0.20889645268432755,1.0755307197732036,0.6464981568263267,0.6605376797309308
dc,1x2,I2,2018/19,323,0.2083616590647211,1.057972813563493,0.6405719600462363,0.804474517667787
dc,1x2,I2,2019/20,371,0.22056963948988548,1.06344178978323,0.6398799100429884,0.785539593980313
dc,1x2,I2,2020/21,372,0.2143407656892009,1.0810103736608176,0.6557781586723448,0.6186394399515756
dc,1x2,I2,2021/22,380,0.21917128750811118,1.0785179499857143,0.6518483878475351,0.6888610415969635
dc,1x2,I2,2022/23,377,0.22376624592994535,1.1031239367514476,0.6675728068857022,0.44158235928901113
dc,1x2,I2,2023/24,379,0.22424274855565055,1.10959991818663,0.6709581527245043,0.39579590480714216
dc,1x2,I2,2024/25,380,0.21335006466687462,1.0783074651504436,0.6527377004268075,0.733560115498407
dc,1x2,I2,2025/26,342,0.2060814119233443,1.0461075238925093,0.6303539536508572,0.9480040428303966
dc,1x2,I2,2026/27,47,0.24528699549609936,1.1316342530982162,0.6900815846045388,0.13000975144085017
dc,1x2,N1,2016/17,303,0.19219240711092747,0.9549878569059973,0.5672256940412428,1.101242706411141
dc,1x2,N1,2017/18,290,0.200372470990781,0.9788091471912014,0.5826456667120571,1.0054400440353441
dc,1x2,N1,2018/19,302,0.19250100870275283,0.9201561536074938,0.5403486926909092,1.1202050893863307
dc,1x2,N1,2019/20,232,0.19746906677936568,0.9471022729641485,0.5587490071285834,0.8986058486722899
dc,1x2,N1,2020/21,306,0.18889221402682985,0.948662650730775,0.5659893476629893,0.9233838368725952
dc,1x2,N1,2021/22,306,0.2061684055617166,0.970002556533554,0.5749208227236587,0.8580025095396845
dc,1x2,N1,2022/23,306,0.19491310217660074,0.9594920891353641,0.5713518059588452,0.85521382900111
dc,1x2,N1,2023/24,306,0.19020322297050016,0.9565699637053972,0.5684253748628415,0.876140943355412
dc,1x2,N1,2024/25,306,0.19240227254745723,0.9654985898245724,0.5707187040050442,0.8949321490654724
dc,1x2,N1,2025/26,287,0.2009245165790842,0.9961946792395783,0.5931878131572289,0.7738689065947156
dc,1x2,N1,2026/27,63,0.189478056103467,0.9907892545862409,0.5902810204864493,0.6951535348564322
dc,1x2,P1,2016/17,305,0.19871241616016527,0.9839224701596635,0.5889419612695601,0.8669275370696402
dc,1x2,P1,2017/18,299,0.18129750018618143,0.888586284391379,0.5188854997889673,1.3703662702105268
dc,1x2,P1,2018/19,298,0.18748490774818627,0.9060075872477449,0.5311594925868237,1.1834118412633339
dc,1x2,P1,2019/20,305,0.2021177185689492,0.9950765403105976,0.5937448331230673,0.7891405659204049
dc,1x2,P1,2020/21,305,0.189417263903286,0.9519431245325449,0.5644196946931674,1.0095683788294507
dc,1x2,P1,2021/22,306,0.1811379901681139,0.9503082004238067,0.5600985867976053,1.032122909321248
dc,1x2,P1,2022/23,306,0.1880184210808664,0.9049637464679582,0.5251069211982481,1.3626892289722965
dc,1x2,P1,2023/24,305,0.18394661195351864,0.9383305489549395,0.5478665585421153,1.1822181280230728
dc,1x2,P1,2024/25,306,0.18666987827232243,0.9455708954538304,0.5599253206706275,1.0454779638848573
dc,1x2,P1,2025/26,282,0.17042216888189893,0.9051160574873939,0.5337783676792636,1.1154546565887866
dc,1x2,P1,2026/27,60,0.20010990995645422,1.029458617847879,0.6118950724019071,0.6588749073829578
dc,1x2,SC0,2016/17,226,0.19173528726658232,0.962912188373154,0.5728391802370383,1.3452418232107113
dc,1x2,SC0,2017/18,224,0.2134772576660595,1.0284170911922728,0.6182743200958701,0.7774193441453335
dc,1x2,SC0,2018/19,227,0.208358589110442,0.9767553518184419,0.580889871886759,0.9764678482110529
dc,1x2,SC0,2019/20,179,0.18868699148254625,0.9441338213785936,0.5585980394543505,1.0791716721070588
dc,1x2,SC0,2020/21,218,0.19842172533104377,0.9769307818856124,0.5820982439899159,0.9193403642060457
dc,1x2,SC0,2021/22,228,0.1905065296701868,0.9650894857509215,0.5783116747187386,0.93132414621875
dc,1x2,SC0,2022/23,228,0.18415004655834832,0.8844758054157433,0.5157348675865794,1.402970816313363
dc,1x2,SC0,2023/24,228,0.18934043591523358,0.9595481700854861,0.5677819052385035,0.9233644116181792
dc,1x2,SC0,2024/25,228,0.20260174258556463,0.9625375810516263,0.5704097841441957,0.9304735084682548
dc,1x2,SC0,2025/26,216,0.19513646200676124,0.9898051069120868,0.5888082912148634,0.8354304963010466
dc,1x2,SC0,2026/27,42,0.21101017280404066,0.9750541796365662,0.5817793431120881,0.9432453241429087
dc,1x2,SP1,2016/17,380,0.18305148865266102,0.9186129685003416,0.5440572422454462,1.1105101720754118
dc,1x2,SP1,2017/18,379,0.20465087776022992,0.9854815762198805,0.587029533552746,0.8460227533925947
dc,1x2,SP1,2018/19,380,0.20657806693777617,1.0283136409838418,0.6156238389317356,0.7103684224860756
dc,1x2,SP1,2019/20,378,0.20446781476120646,1.013054663498324,0.6072807202375102,0.7706834405230142
dc,1x2,SP1,2020/21,380,0.20361273165397986,1.0414754257772485,0.6098368482382108,0.6997168885702281
dc,1x2,SP1,2021/22,379,0.20011888185342322,1.0167155839199384,0.607220224495376,0.8535628048778308
dc,1x2,SP1,2022/23,380,0.20696492747811768,0.9944462510853105,0.5922841002177696,1.0459096874681875
dc,1x2,SP1,2023/24,380,0.19181995685892192,0.9812363217616806,0.5845478395084952,1.1389106346483637
dc,1x2,SP1,2024/25,380,0.1981181793144956,0.9787204342563143,0.5818262172399908,1.1270057991617026
dc,1x2,SP1,2025/26,349,0.2019450570024212,0.9928902097024913,0.5861663697510098,1.0013932650254247
dc,1x2,SP1,2026/27,69,0.19405954770540904,0.9424668331202705,0.564127337605398,1.2084255571488753
dc,1x2,SP2,2016/17,455,0.2131241086946012,1.0662191875897862,0.6464076393238442,0.7542979015648831
dc,1x2,SP2,2017/18,452,0.21102532070348545,1.0434670952231544,0.623502798382957,0.9819437482278857
dc,1x2,SP2,2018/19,441,0.2114089393839576,1.066612314841375,0.6439220688001934,0.7678564989983737
dc,1x2,SP2,2019/20,460,0.21710264691357375,1.0889505015296772,0.6605403224045165,0.5832221190598257
dc,1x2,SP2,2020/21,459,0.2211390211036872,1.078416810610872,0.6488851115786672,0.6339690052294568
dc,1x2,SP2,2021/22,461,0.2201509788455731,1.0863661514439145,0.651868622951652,0.6017165181034799
dc,1x2,SP2,2022/23,462,0.20709498261167672,1.0563882862286034,0.6367097556254676,0.9395832403470286
dc,1x2,SP2,2023/24,460,0.2126642545679073,1.0526755180365008,0.6365508026069654,0.9277544570489044
dc,1x2,SP2,2024/25,462,0.21448817399668732,1.046308493502712,0.6306809908796629,1.070670315616829
dc,1x2,SP2,2025/26,424,0.2289194141067588,1.069765316042598,0.6442908632493635,0.7467202847946595
dc,1x2,SP2,2026/27,82,0.22727614567120538,1.0925226747347052,0.6495467065193863,0.5574010589039365
dc,1x2,T1,2016/17,301,0.21564077289464964,1.0132328843880674,0.6066524594072739,1.0207804093789843
dc,1x2,T1,2017/18,295,0.19973768983195989,0.9689562842988704,0.5758572863567869,1.4403902768278176
dc,1x2,T1,2018/19,306,0.2110042030101255,1.0412118995402537,0.6269876303185422,0.8310320383010781
dc,1x2,T1,2019/20,302,0.21976680970070078,1.0703622205782364,0.6363070772981605,0.6327997944109937
dc,1x2,T1,2020/21,420,0.21328967578258864,1.0452167247415518,0.629083332279257,0.7762512268140975
dc,1x2,T1,2021/22,379,0.22208411151340374,1.0451211695806377,0.6271970548696587,0.8259303745390489
dc,1x2,T1,2022/23,313,0.2056714326004454,0.9942128548894386,0.588102138666041,1.1284394209940183
dc,1x2,T1,2023/24,379,0.2018778370600917,1.0127621248438918,0.5963583310761089,0.9193536253043475
dc,1x2,T1,2024/25,340,0.20771385628494882,1.0030973620772365,0.594706154281813,1.0862182815884303
dc,1x2,T1,2025/26,287,0.1970864141419243,1.0043019429816695,0.6026647720890813,1.0170791924892089
dc,1x2,T1,2026/27,53,0.2781880638704787,1.2321989117631964,0.7355723852339529,0.13504320388196034
market_pre,1x2,B1,2016/17,231,0.19650562784809203,0.9690887251238732,0.5767939687459607,1.1336545373432605
market_pre,1x2,B1,2017/18,238,0.21125811605878586,1.0314423203740495,0.6195280741148591,0.8296076549075784
market_pre,1x2,B1,2018/19,239,0.20131041373988579,0.9890355682102191,0.5870902826405442,0.9052762839437679
market_pre,1x2,B1,2019/20,232,0.18938541311312568,0.926945093679033,0.5456889180699214,1.1850944031035768
market_pre,1x2,B1,2020/21,305,0.22654718647395305,1.0477662665250478,0.6312073767259891,0.7214352326432413
market_pre,1x2,B1,2021/22,305,0.20122845428389344,0.9680494907904516,0.5749958081801224,1.0656547040833508
market_pre,1x2,B1,2022/23,304,0.19985783893532608,0.9598819362554561,0.5683015769453849,1.1682196974306531
market_pre,1x2,B1,2023/24,312,0.19654281213367944,0.9819147384147575,0.5838941275945129,1.013303387807821
market_pre,1x2,B1,2024/25,311,0.1946263446074939,0.9957651947258143,0.5931623230859243,1.013841206548758
market_pre,1x2,B1,2025/26,283,0.22176194028335877,1.1106967788896565,0.6373773832901632,0.5214399489140864
market_pre,1x2,B1,2026/27,61,0.18285160947667312,0.874156979679992,0.511460158285924,1.7490828723142342
market_pre,1x2,D1,2016/17,306,0.20594494380236378,0.9971675387690376,0.5985439742226205,0.8694115135171375
market_pre,1x2,D1,2017/18,306,0.19990339501961688,0.9950723319964648,0.5948661890448204,0.9388933950217908
market_pre,1x2,D1,2018/19,305,0.19545567693867635,0.967309649547836,0.5731994555911654,0.9592059580037208
market_pre,1x2,D1,2019/20,306,0.20284332375387853,0.9718338724207873,0.5781231789432117,0.8927161132077532
market_pre,1x2,D1,2020/21,306,0.19798167204431324,0.988309668366596,0.5873748974496684,0.889597146698603
market_pre,1x2,D1,2021/22,306,0.20529086879568872,0.9903141485422928,0.5881453399400877,0.8747144068670788
market_pre,1x2,D1,2022/23,306,0.20435307459116153,0.9966212637231654,0.5947777453061639,0.9079894354430614
market_pre,1x2,D1,2023/24,306,0.18427612542287472,0.9454222365514994,0.5590617447030702,1.0263201461340945
market_pre,1x2,D1,2024/25,306,0.20235025327665787,0.9910420523862816,0.5921393943740896,0.8524970469065486
market_pre,1x2,D1,2025/26,288,0.1886836814471534,0.9400761837740617,0.5538777132164179,1.224793741008935
market_pre,1x2,D1,2026/27,36,0.20782799438621982,0.957911056117653,0.5719637834889744,0.9350268524179586
market_pre,1x2,D2,2016/17,305,0.210143474018789,1.0373319166379602,0.6233216639566199,1.2762768816747836
market_pre,1x2,D2,2017/18,306,0.2247321722821436,1.0840441338801368,0.6577598225638361,0.652056242623339
market_pre,1x2,D2,2018/19,306,0.22380060751810713,1.078981925181001,0.6516243198189549,0.6568271696820113
market_pre,1x2,D2,2019/20,305,0.21853741230236293,1.0837366095533991,0.65619635967244,0.6144467789509076
market_pre,1x2,D2,2020/21,302,0.22136442312202556,1.0375434854111025,0.6240166439253235,1.099098662835149
market_pre,1x2,D2,2021/22,305,0.2139483356655556,1.0464640375351515,0.6323578655682994,0.8690705172723694
market_pre,1x2,D2,2022/23,306,0.215297925310665,1.0219946557469297,0.6120786069787048,1.2424153038088053
market_pre,1x2,D2,2023/24,306,0.21798131546632668,1.0224959525969282,0.6131685326813782,1.1007845986804854
market_pre,1x2,D2,2024/25,306,0.21807665125485773,1.0590210862260545,0.6391496400416904,0.776618919379883
market_pre,1x2,D2,2025/26,285,0.21768458821406841,1.029909348629135,0.618898457449265,1.135342017332479
market_pre,1x2,D2,2026/27,54,0.22452972494962214,1.078294646440809,0.6549818641575732,0.6383670499186811
market_pre,1x2,E0,2016/17,380,0.18052270114681304,0.9052550156707692,0.5313073071008249,1.1866791590069625
market_pre,1x2,E0,2017/18,380,0.18596645730763237,0.9450087055746499,0.5596349621744594,0.939449245283306
market_pre,1x2,E0,2018/19,380,0.1852295401686318,0.890619052059412,0.5208007641218856,1.1675339049645805
market_pre,1x2,E0,2019/20,380,0.19875948881985406,0.973277395841545,0.574902024307361,0.9006803351130537
market_pre,1x2,E0,2020/21,380,0.2139318448740151,1.0074774434530278,0.5983281182739321,0.8282534478858099
market_pre,1x2,E0,2021/22,380,0.18874417614960334,0.9355511689693522,0.553494902957396,1.052076854666962
market_pre,1x2,E0,2022/23,380,0.19924190993310498,0.966168530152992,0.573983788994233,0.9759816249896033
market_pre,1x2,E0,2023/24,380,0.18315421877262697,0.906776636864799,0.5317129474220914,1.125884306109038
market_pre,1x2,E0,2024/25,380,0.1974676501574451,0.9708897289475419,0.5794141036289854,0.9159671711460246
market_pre,1x2,E0,2025/26,358,0.2072446687074011,1.0234453346360692,0.6160457475032077,0.8101595554086899
market_pre,1x2,E0,2026/27,50,0.20674408790730342,1.054370476791218,0.6355386572847705,0.6621568209004509
market_pre,1x2,E1,2016/17,552,0.21162310134121493,1.010021910774791,0.6031458704021755,1.2932739930086619
market_pre,1x2,E1,2017/18,552,0.2112563460624394,1.030063686698724,0.6202632456604743,1.022561923890127
market_pre,1x2,E1,2018/19,551,0.2047416081687481,1.0243795932171338,0.615880358792419,1.0795546733358636
market_pre,1x2,E1,2019/20,551,0.21955348213834558,1.05448793630463,0.6345194651954082,0.8415821113985025
market_pre,1x2,E1,2020/21,549,0.21828448418953048,1.0406488262304092,0.6255916344975981,1.1135392891731333
market_pre,1x2,E1,2021/22,552,0.21653936942152352,1.0342615168185518,0.6205699079055812,1.0027677565590054
market_pre,1x2,E1,2022/23,552,0.22027811565833308,1.0574415607575354,0.6386459011726116,0.867513545334393
market_pre,1x2,E1,2023/24,552,0.21457831398221083,1.0148338514602975,0.6069690431182544,0.9962304231270155
market_pre,1x2,E1,2024/25,552,0.2079786527395696,1.0282752275574791,0.6187574862436698,0.9837079003214652
market_pre,1x2,E1,2025/26,516,0.2179043354088913,1.0469199019529598,0.6328119297082313,0.8731286629212822
market_pre,1x2,E1,2026/27,90,0.20819875659917908,1.0443882849441146,0.6284000371871103,0.9488420663577052
market_pre,1x2,E2,2016/17,552,0.2100435647892465,1.031848201223981,0.6204243558501409,1.1102066270343283
market_pre,1x2,E2,2017/18,552,0.2191321681193814,1.0537273073178879,0.6364224828944094,0.8966615766320785
market_pre,1x2,E2,2018/19,552,0.21507376800215822,1.0396236092334252,0.6263297533660742,1.0708679366272833
market_pre,1x2,E2,2019/20,390,0.20229077664847295,1.0070497922983372,0.6030812055338606,1.2081037929012985
market_pre,1x2,E2,2020/21,546,0.22169137078609533,1.043691508710184,0.6278999812131666,0.9867659532458782
market_pre,1x2,E2,2021/22,552,0.20107663568356096,0.9962896555444447,0.5929652515839215,1.2925966550001986
market_pre,1x2,E2,2022/23,552,0.20613423575283182,1.004253893543087,0.6018396681016963,1.097905883754422
market_pre,1x2,E2,2023/24,552,0.21540735185181392,1.0263362357046775,0.6155973541205221,1.0253227946443664
market_pre,1x2,E2,2024/25,552,0.21167515627785277,1.011149308138931,0.6062318344848893,1.0677943184528464
market_pre,1x2,E2,2025/26,519,0.21447651351159602,1.038291252203675,0.6201509730412,1.028233276034943
market_pre,1x2,E2,2026/27,90,0.22204323263309844,1.1037383375105823,0.6682391635616775,0.45041228560504143
market_pre,1x2,E3,2016/17,551,0.22112314422906504,1.0515906350719517,0.6332614590429664,0.9386864928064714
market_pre,1x2,E3,2017/18,551,0.21634736337696328,1.0374895052335382,0.6238643535435805,1.1696813148657759
market_pre,1x2,E3,2018/19,549,0.21783926910000637,1.045839860280353,0.6299381420178334,1.0299312649480565
market_pre,1x2,E3,2019/20,426,0.21508061705529458,1.0583372241384328,0.6377342481141376,1.0231897130637169
market_pre,1x2,E3,2020/21,552,0.22399910973069137,1.0694307112007746,0.6464292651358002,0.8780858438905035
market_pre,1x2,E3,2021/22,552,0.21497010359765537,1.0448093693565823,0.6288679195409068,1.1404841373092025
market_pre,1x2,E3,2022/23,551,0.21512596790006006,1.0543331795931732,0.636579400056598,0.9325906888607762
market_pre,1x2,E3,2023/24,552,0.22537971158731757,1.0494901183537704,0.6326288674952538,0.861025553434666
market_pre,1x2,E3,2024/25,550,0.21766100297026097,1.0598534737073086,0.6399457305971431,0.8067238214850394
market_pre,1x2,E3,2025/26,525,0.21855037430061428,1.0549523693873055,0.6301940108637981,0.7935351788041108
market_pre,1x2,E3,2026/27,99,0.20825205273005917,1.0761574735426938,0.6518953181847706,0.6794654480483866
market_pre,1x2,F1,2016/17,378,0.1946255209719719,0.9635937629134276,0.5710599947207796,1.2252040327305271
market_pre,1x2,F1,2017/18,377,0.19032349500600504,0.9507476166459146,0.5648512237042977,1.0640603953158065
market_pre,1x2,F1,2018/19,379,0.2004278814485703,1.0023222332031576,0.6008764266658989,0.9473228461572047
market_pre,1x2,F1,2019/20,279,0.20245495531884142,0.9912367672660728,0.5916845051707273,1.0329886068884708
market_pre,1x2,F1,2020/21,378,0.20535849976640186,0.9989712721822628,0.5942117594307516,0.9467095645581708
market_pre,1x2,F1,2021/22,380,0.202198386044417,1.0000624654700916,0.5982193869489459,0.9574325218498407
market_pre,1x2,F1,2022/23,380,0.1980482433221791,0.9696389149629325,0.5755586833668097,1.0205695318599115
market_pre,1x2,F1,2023/24,306,0.2064829563124752,1.0151424161321456,0.6104579641766894,0.9071122442481104
market_pre,1x2,F1,2024/25,306,0.20243045680835592,0.9572731066952271,0.5660358837251912,1.087342765567827
market_pre,1x2,F1,2025/26,287,0.20083283271109342,0.9712527659061286,0.5780717625861568,1.0486661479807171
market_pre,1x2,F1,2026/27,45,0.20817658648930829,1.033947903896498,0.6190095233891317,0.8313019414717936
market_pre,1x2,F2,2016/17,376,0.21323976541419043,1.0557247013887165,0.6363121653156344,0.9622748290352424
market_pre,1x2,F2,2017/18,379,0.2160105355832337,1.0216413341805644,0.6100073754448407,1.12843286968977
market_pre,1x2,F2,2018/19,377,0.21817218226284318,1.0620994408149902,0.6404547537526638,0.8298616936200836
market_pre,1x2,F2,2019/20,277,0.2169243141100893,1.0656925946140794,0.6409092543715301,0.8729304415250884
market_pre,1x2,F2,2020/21,379,0.20015050189874076,1.0312702923813217,0.6205973754850558,1.2532554797640865
market_pre,1x2,F2,2021/22,380,0.2090566549426936,1.028702391090304,0.6185387926430478,1.2606638613533396
market_pre,1x2,F2,2022/23,375,0.21373700651719305,1.0365257905147636,0.6218310125133976,1.2127079273434114
market_pre,1x2,F2,2023/24,379,0.22103417075517848,1.0718802651504982,0.6468103783457754,0.760057777654316
market_pre,1x2,F2,2024/25,306,0.21373493900296459,1.0188115886097597,0.6080240782501772,1.1297517171150735
market_pre,1x2,F2,2025/26,281,0.21815332385559205,1.0750970897939842,0.6516941669622068,0.6477689427016514
market_pre,1x2,F2,2026/27,61,0.21134113861465842,1.09105217038086,0.6656199768339287,0.5443953750428455
market_pre,1x2,G1,2016/17,191,0.18029447463834275,0.9369372652306556,0.5558722248813572,1.0010269406771026
market_pre,1x2,G1,2017/18,180,0.18215886194615788,0.9753120561597244,0.5864678162707424,0.8790769863391247
market_pre,1x2,G1,2018/19,208,0.16858712803560497,0.8663559624156197,0.5086388304760892,1.345664462971027
market_pre,1x2,G1,2019/20,220,0.16816988085445653,0.8922066348268968,0.5282366989034922,1.1591640468128077
market_pre,1x2,G1,2020/21,223,0.18807289457471776,0.9666747829323201,0.5784587468817454,0.9709130192444109
market_pre,1x2,G1,2021/22,240,0.20274094785811017,0.9912018978591758,0.587730428886947,0.9140415627064259
market_pre,1x2,G1,2022/23,239,0.16824202267430693,0.9072581918382691,0.5400109007032119,1.1132692448396355
market_pre,1x2,G1,2023/24,240,0.17246334971858365,0.8981945168053296,0.529904218576305,1.0370567545338087
market_pre,1x2,G1,2024/25,233,0.20496737890469935,0.982364939032163,0.5826700805424024,0.8213631897495398
market_pre,1x2,G1,2025/26,208,0.1902610607880767,1.0172641570136098,0.5876110388284927,0.6374836948795514
market_pre,1x2,G1,2026/27,32,0.1919987237402242,0.9533510895148285,0.5625711783531071,0.7433996352714405
market_pre,1x2,I1,2016/17,377,0.18159473686973934,0.8982015832072399,0.5258349188036345,1.2276617208714056
market_pre,1x2,I1,2017/18,379,0.17798668576594626,0.891073180743488,0.5221445480334123,1.1454215886756374
market_pre,1x2,I1,2018/19,380,0.1800147246109486,0.9442937739215844,0.5581291863418942,1.0408163041011074
market_pre,1x2,I1,2019/20,380,0.1979800012417082,0.9626630878356852,0.5686271106098484,1.0067666188981947
market_pre,1x2,I1,2020/21,378,0.18183765952551978,0.9311069612048241,0.549075874930732,1.1417851427207226
market_pre,1x2,I1,2021/22,379,0.1960534158822332,0.9775574394799712,0.5807140750966738,0.92192659703563
market_pre,1x2,I1,2022/23,380,0.1965181951201471,0.9791022211658112,0.5844197208000355,1.0352939542838104
market_pre,1x2,I1,2023/24,380,0.1846155789104662,0.9668825232780243,0.5761951879786358,1.100428644781519
market_pre,1x2,I1,2024/25,380,0.18314005438604217,0.9489268015118038,0.5653517580063592,1.1410885391038326
market_pre,1x2,I1,2025/26,359,0.19707282495687758,0.97447436368349,0.5789130403867592,1.0224099487213774
market_pre,1x2,I1,2026/27,50,0.19315294356299595,0.9149421038621788,0.5326059007165538,1.4458016391333954
market_pre,1x2,I2,2016/17,443,0.20156973126284186,1.0403065102089546,0.6311923599733118,0.9629508724416963
market_pre,1x2,I2,2017/18,455,0.20229656119687697,1.0454348168357603,0.6312452118918834,0.9389025936818332
market_pre,1x2,I2,2018/19,323,0.20112016271624392,1.0336889886438987,0.6228095071197667,1.2168266146155742
market_pre,1x2,I2,2019/20,371,0.21880568963615762,1.0555038131375518,0.635988753800403,0.9871202237329131
market_pre,1x2,I2,2020/21,372,0.2033701749766212,1.0473129653938658,0.6332182571460663,1.0180199476872585
market_pre,1x2,I2,2021/22,380,0.2063667268632271,1.0359100866782553,0.6241416159540146,1.0601880240913488
market_pre,1x2,I2,2022/23,377,0.21334350827600296,1.0664664075673944,0.6428267624720976,0.8651305543992387
market_pre,1x2,I2,2023/24,379,0.20993802703098505,1.0549461984127773,0.6361941267395014,0.944965159053873
market_pre,1x2,I2,2024/25,380,0.20500547913740197,1.0518588552834225,0.6347044689779294,1.0490644358213879
market_pre,1x2,I2,2025/26,342,0.19892146010991987,1.0246782496047555,0.6127368820420932,1.0380006471278334
market_pre,1x2,I2,2026/27,47,0.23199451168886556,1.098084756779789,0.6621644982497725,0.5326970189195668
market_pre,1x2,N1,2016/17,303,0.1885444917612616,0.9429953063149535,0.5600585629612879,1.0059499166507067
market_pre,1x2,N1,2017/18,290,0.1957607004593261,0.9671201617726038,0.5732871815005214,0.9080647404765053
market_pre,1x2,N1,2018/19,302,0.190786370122397,0.9124958257929824,0.5347666178976699,0.9702334171838959
market_pre,1x2,N1,2019/20,232,0.18978520275933244,0.9215400020804454,0.5424986760709215,0.9912231584908474
market_pre,1x2,N1,2020/21,306,0.18188423169042328,0.9298535886123586,0.5511460702079117,0.9996522524881958
market_pre,1x2,N1,2021/22,306,0.1952426593472317,0.9355585560878716,0.5521215185348723,0.9546344526764027
market_pre,1x2,N1,2022/23,306,0.1847950525448784,0.9279764283146279,0.5506921007087022,0.9741521803114038
market_pre,1x2,N1,2023/24,306,0.17503940118014036,0.9028197236012259,0.5335389902957253,1.0040397048033074
market_pre,1x2,N1,2024/25,306,0.18818950812696741,0.9474824269490707,0.5635908183125858,0.9187232383357604
market_pre,1x2,N1,2025/26,287,0.1959329584116722,0.9762065768487699,0.5802718514524482,0.903607662621085
market_pre,1x2,N1,2026/27,63,0.19784094437305103,1.0003041726618527,0.6035088779548059,0.6870868719164935
market_pre,1x2,P1,2016/17,305,0.18665608954719662,0.9479086624142565,0.5646693526525122,1.0250302021250668
market_pre,1x2,P1,2017/18,299,0.1765203673324055,0.87235974069169,0.5074561712491286,1.3897423796793305
market_pre,1x2,P1,2018/19,298,0.18553561306893154,0.9021745742582146,0.5281023864874604,1.2065416901883033
market_pre,1x2,P1,2019/20,305,0.19774594232926052,0.9782852805479505,0.5839218193596374,0.870530322741352
market_pre,1x2,P1,2020/21,305,0.18793752499747798,0.9474305601435591,0.5600393299465395,1.1545584881583633
market_pre,1x2,P1,2021/22,306,0.1751495862408338,0.9208685458383813,0.5457326896061786,1.1478461890633231
market_pre,1x2,P1,2022/23,306,0.17969453253233417,0.8681293513335887,0.5039249661165446,1.3987324717428877
market_pre,1x2,P1,2023/24,305,0.1774539947792164,0.9057653245415859,0.5321065834499458,1.1318365211803458
market_pre,1x2,P1,2024/25,306,0.18372081756478387,0.9309487939110063,0.5522093978722356,1.0058631271418566
market_pre,1x2,P1,2025/26,282,0.18080359995255849,0.9482654259742115,0.5517210226049194,0.9363043962270252
market_pre,1x2,P1,2026/27,60,0.19233841364490678,0.9892857114019898,0.5971195336847012,0.7576196922760557
market_pre,1x2,SC0,2016/17,226,0.18330372778677362,0.9318464389080228,0.5533692506896607,1.131961727343647
market_pre,1x2,SC0,2017/18,224,0.19730491182159612,0.9801248745448626,0.583818010537456,0.883872345003025
market_pre,1x2,SC0,2018/19,227,0.19273430195869884,0.9304639859853442,0.551328800824295,1.0320756589809714
market_pre,1x2,SC0,2019/20,179,0.18083963771009995,0.9221391412216495,0.5430611869599339,0.9766387202747258
market_pre,1x2,SC0,2020/21,218,0.18539910874273888,0.930336778760478,0.5543473452701818,1.0148103813470215
market_pre,1x2,SC0,2021/22,228,0.18457937845404976,0.9478163013420282,0.5665224980182021,0.9830670676733488
market_pre,1x2,SC0,2022/23,228,0.18109126739274897,0.8734583579459533,0.5080450952487052,1.341398718462549
market_pre,1x2,SC0,2023/24,228,0.17937166118579115,0.9307050502132622,0.5454012827302422,1.0176988369565911
market_pre,1x2,SC0,2024/25,228,0.19872811371321317,0.9525406914617262,0.5612705395209688,0.9373390152064992
market_pre,1x2,SC0,2025/26,216,0.19281568883779557,1.0051395225897495,0.5896889725805899,0.8666058394689836
market_pre,1x2,SC0,2026/27,42,0.21571537136956054,1.004724895300389,0.6078997820703321,0.8478685137869945
market_pre,1x2,SP1,2016/17,380,0.17854958477105715,0.9036102636259485,0.5323723838378265,1.0791420832917311
market_pre,1x2,SP1,2017/18,379,0.19671399785265498,0.9609591912587203,0.5707752271101426,0.9204782713969678
market_pre,1x2,SP1,2018/19,380,0.20099936301679308,1.0103517243393771,0.6024227900648225,0.8301939850429768
market_pre,1x2,SP1,2019/20,378,0.19581536488386142,0.9829594165098308,0.5881434857269957,1.0045813994090413
market_pre,1x2,SP1,2020/21,380,0.19158186651545994,0.9836492411581204,0.5842047206869773,1.0265575654580021
market_pre,1x2,SP1,2021/22,379,0.19236679086075315,0.9874071319832337,0.5879783392471525,1.042239752313589
market_pre,1x2,SP1,2022/23,380,0.2021758921011252,0.9791834672810272,0.582775670217567,1.0692532677182132
market_pre,1x2,SP1,2023/24,380,0.1817723649687714,0.946635753606816,0.5629042832419858,1.2563283258092295
market_pre,1x2,SP1,2024/25,380,0.1892340279980354,0.9509959880212507,0.562570561209355,1.122095038379381
market_pre,1x2,SP1,2025/26,349,0.19541845470918034,0.9651224963701085,0.5727097483194578,1.1594215040148879
market_pre,1x2,SP1,2026/27,69,0.19261183235721244,0.9410742722487063,0.5589272009172128,1.1212715945655478
market_pre,1x2,SP2,2016/17,455,0.20621258973015924,1.0429607236543303,0.629774658335032,1.0585205922121017
market_pre,1x2,SP2,2017/18,452,0.20280730103848518,1.0121454023861827,0.6069512828391468,1.2142488315288176
market_pre,1x2,SP2,2018/19,441,0.20037709111122806,1.0278480192779191,0.6189330336806026,1.0278211050113042
market_pre,1x2,SP2,2019/20,460,0.2154112610057083,1.08372612806157,0.6557022442097203,0.6419820850543673
market_pre,1x2,SP2,2020/21,459,0.2111154694488368,1.0383154221954247,0.6240694135591592,1.1765149221124533
market_pre,1x2,SP2,2021/22,461,0.20719633101991156,1.028900853041725,0.6184300613531397,1.126967229580559
market_pre,1x2,SP2,2022/23,462,0.20282002748560324,1.0414034803724666,0.6281997635461518,1.03376270091901
market_pre,1x2,SP2,2023/24,460,0.2094448352967749,1.0428369473874672,0.6290780473290742,1.0307363258146103
market_pre,1x2,SP2,2024/25,462,0.2036701604248494,1.013988241404396,0.6083215465249475,1.1791045423777349
market_pre,1x2,SP2,2025/26,424,0.21835744431586207,1.04659188351169,0.6292163811458431,0.8280187112764099
market_pre,1x2,SP2,2026/27,82,0.21735344266426576,1.0312232099461365,0.6194491409649314,1.0035469157007675
market_pre,1x2,T1,2016/17,301,0.20751707835626299,0.9865246260576862,0.5885545834939436,1.0556010697012421
market_pre,1x2,T1,2017/18,295,0.19130869424249738,0.9377669432585605,0.555108224057854,1.2987403612241646
market_pre,1x2,T1,2018/19,306,0.20460865041933995,1.0223048175149034,0.6121214260480496,0.8934284810496859
market_pre,1x2,T1,2019/20,302,0.20880608637962134,1.0202234650563908,0.6112245375088202,0.8967222690598747
market_pre,1x2,T1,2020/21,420,0.2084903718515075,1.0278539877852424,0.614457074197324,0.9442096952442937
market_pre,1x2,T1,2021/22,379,0.20625765797935283,0.9962404119054815,0.5952226207573167,1.310811107223921
market_pre,1x2,T1,2022/23,313,0.19922395734773524,0.9709492749491786,0.5749546802242343,1.2242615809193858
market_pre,1x2,T1,2023/24,379,0.18563673940723152,0.9456063803062957,0.5596213026662336,1.2639317226367208
market_pre,1x2,T1,2024/25,340,0.1805963820202951,0.9173021194409994,0.5380037720838703,1.255204104471196
market_pre,1x2,T1,2025/26,287,0.18001376045366138,0.9714122172009103,0.5722678344718788,0.9182742656849283
market_pre,1x2,T1,2026/27,53,0.23185772913000036,1.0463754005480441,0.6298753292175973,0.68368479035624
market_close,1x2,B1,2016/17,231,0.19702107324390702,0.9704563763097755,0.5763162224001998,1.0821653795292168
market_close,1x2,B1,2017/18,238,0.2110011232572747,1.0281521569798007,0.6173394743604955,0.8382494292188908
market_close,1x2,B1,2018/19,239,0.2023230692628522,0.9947638034852612,0.590962022634209,0.8672930217602947
market_close,1x2,B1,2019/20,232,0.1898407603579945,0.930082722141355,0.5479803120522665,1.1521522099377375
market_close,1x2,B1,2020/21,305,0.21883317796059815,1.0260381923424862,0.6150050318643558,0.8427898199910135
market_close,1x2,B1,2021/22,305,0.1954563740183407,0.9509174827236648,0.5635275423549131,1.1196428898258126
market_close,1x2,B1,2022/23,304,0.2009787827913515,0.9637831252303847,0.5709306473293241,1.1466250014444852
market_close,1x2,B1,2023/24,312,0.19417730923261267,0.9719520873428323,0.5777262926175367,1.0390504013224122
market_close,1x2,B1,2024/25,311,0.1941169868276407,0.9928506333220526,0.5912345134121942,1.0192159834549268
market_close,1x2,B1,2025/26,283,0.2101892857893536,1.0228340065356616,0.6129744350007196,0.9442734051204955
market_close,1x2,B1,2026/27,61,0.18070672041323824,0.8763507003826878,0.509870650331491,1.8285810857781062
market_close,1x2,D1,2016/17,306,0.20555977719474192,0.9958718026036113,0.597324930816263,0.8646222538966776
market_close,1x2,D1,2017/18,306,0.20016069227131275,0.998390818281138,0.5962903082851725,0.9285354382227151
market_close,1x2,D1,2018/19,305,0.19557731801994618,0.968393673898328,0.5739936994791852,0.9342011013494985
market_close,1x2,D1,2019/20,306,0.20463475828394045,0.9748730646227262,0.5812753680367498,0.8704327457502364
market_close,1x2,D1,2020/21,306,0.196705167989347,0.9835495491471282,0.5839023833719595,0.9169015579959539
market_close,1x2,D1,2021/22,306,0.20268060578225744,0.9813877695251626,0.5824447864113168,0.8895913216802793
market_close,1x2,D1,2022/23,306,0.2046333433693937,0.9970479718209688,0.5942170867813165,0.9154903213761194
market_close,1x2,D1,2023/24,306,0.18412329783611964,0.943574405947472,0.557968001445217,1.023860062845791
market_close,1x2,D1,2024/25,306,0.20213756946665237,0.9887787834283901,0.5907222668922444,0.8583656100490448
market_close,1x2,D1,2025/26,288,0.1884085818981006,0.9393768085397259,0.5537431755736877,1.2484855837142264
market_close,1x2,D1,2026/27,36,0.20800784378059353,0.9571810284414037,0.5726686418469202,0.9453837019804902
market_close,1x2,D2,2016/17,305,0.20833970293793533,1.0324457897469472,0.6201772641646769,1.336748314096947
market_close,1x2,D2,2017/18,306,0.22392791485112054,1.0808697058412688,0.655860811985235,0.681542656954248
market_close,1x2,D2,2018/19,306,0.22322020142054638,1.0781018800441673,0.6508300319740207,0.6617006137657708
market_close,1x2,D2,2019/20,305,0.21861554821191295,1.083016554268529,0.6560331636427876,0.615081626732184
market_close,1x2,D2,2020/21,302,0.22075476533745308,1.0351690102372464,0.6223403958737149,1.091162519888894
market_close,1x2,D2,2021/22,305,0.2139941451726311,1.0449595246337955,0.6312395853422517,0.852020321766883
market_close,1x2,D2,2022/23,306,0.21321645508884687,1.0153081727051478,0.6082123996847449,1.2896795925470965
market_close,1x2,D2,2023/24,306,0.21866710597371972,1.0248107652744796,0.615156577667287,1.0576770401785065
market_close,1x2,D2,2024/25,306,0.21937050293518398,1.0615477826049864,0.6406098848564418,0.7455334811549498
market_close,1x2,D2,2025/26,285,0.21782814732006553,1.0302793413492757,0.6180400056265528,1.1474947446330184
market_close,1x2,D2,2026/27,54,0.2258085311613307,1.0817322490129533,0.6585313140396627,0.6103157042560571
market_close,1x2,E0,2016/17,380,0.18059982239850636,0.905514287196666,0.5317762046989342,1.1676289643688011
market_close,1x2,E0,2017/18,380,0.18484237636081,0.9409101013115564,0.5571233244458537,0.9512412149153817
market_close,1x2,E0,2018/19,380,0.18466922486678478,0.8889894003050581,0.5199501700578396,1.150765803198371
market_close,1x2,E0,2019/20,380,0.19853738163613674,0.9733300578064272,0.5747030621016106,0.8960671498828113
market_close,1x2,E0,2020/21,380,0.21131474604493405,0.9983055360077547,0.5925739361891421,0.8743115914476501
market_close,1x2,E0,2021/22,380,0.188912295409949,0.9359975768713431,0.554013684735145,1.0504971647401458
market_close,1x2,E0,2022/23,380,0.1974415727750772,0.9620042484910193,0.5710620741486332,1.002991241527608
market_close,1x2,E0,2023/24,380,0.1800618688675947,0.8979131780000563,0.5249352095180151,1.1459905061031128
market_close,1x2,E0,2024/25,380,0.19619390411383664,0.9667094472017669,0.5754326866998828,0.9356071943550405
market_close,1x2,E0,2025/26,358,0.20619757742782574,1.0182942896730764,0.6129154271090888,0.8407705761962049
market_close,1x2,E0,2026/27,50,0.20655408031886732,1.0552447870515973,0.6359776239707593,0.6606295944572272
market_close,1x2,E1,2016/17,552,0.2109494764115377,1.0065439359135613,0.6008353131871296,1.3146988778094377
market_close,1x2,E1,2017/18,552,0.21079329921989717,1.028456484219448,0.619091309235702,1.0273590713110228
market_close,1x2,E1,2018/19,551,0.20419449219921595,1.0223365159116182,0.6141663723122388,1.0985126064730546
market_close,1x2,E1,2019/20,551,0.21799102895276382,1.049591800135255,0.6311548590118544,0.8768717974673056
market_close,1x2,E1,2020/21,549,0.2185410836332393,1.041929588713331,0.6264140127278853,1.0714756513333985
market_close,1x2,E1,2021/22,552,0.2168179955354622,1.0356778239635351,0.6210073268633145,0.9702171793239884
market_close,1x2,E1,2022/23,552,0.22067390934276884,1.0584521675034178,0.6396881423765947,0.8322287603373578
market_close,1x2,E1,2023/24,552,0.21257928351209737,1.0080790891129818,0.6023346490650152,1.0178678959417589
market_close,1x2,E1,2024/25,552,0.20754882641453437,1.027441737625498,0.6177297618370294,0.9681391614149174
market_close,1x2,E1,2025/26,516,0.2180245827086567,1.0476099026461148,0.6332036782910146,0.8451759128253933
market_close,1x2,E1,2026/27,90,0.20868471007334258,1.0449474478188578,0.6299292173022367,0.9216969814196155
market_close,1x2,E2,2016/17,552,0.20904182789861567,1.0284414970196962,0.6181479997700067,1.1110148680951866
market_close,1x2,E2,2017/18,552,0.2162064089103894,1.0451890011247624,0.6305880057578405,0.9587463989082567
market_close,1x2,E2,2018/19,552,0.21435933342207783,1.03641870371909,0.6243830651333987,1.0796706044673385
market_close,1x2,E2,2019/20,390,0.20087140755341462,1.0040242829397883,0.6005355805076933,1.2131437207703606
market_close,1x2,E2,2020/21,546,0.21942382498642524,1.0358173872092413,0.6227036960265554,1.08320185142313
market_close,1x2,E2,2021/22,552,0.19965726609500278,0.9914561294094074,0.5895543240333945,1.2763260086654584
market_close,1x2,E2,2022/23,552,0.20597178114924636,1.0038878958009732,0.6015590885089288,1.082794749575722
market_close,1x2,E2,2023/24,552,0.21473981206339038,1.0250595591556517,0.6144029386818438,1.0209055052455256
market_close,1x2,E2,2024/25,552,0.21061199730895677,1.0081485886315456,0.6036603314366517,1.073197916273766
market_close,1x2,E2,2025/26,519,0.21041549065894685,1.0201640147560531,0.6105743203091776,1.1893664519222784
market_close,1x2,E2,2026/27,90,0.22693018365311635,1.119081762387577,0.6802660528171361,0.30398265102998323
market_close,1x2,E3,2016/17,551,0.2214726241339343,1.052354617020802,0.6339689026932817,0.927653071377932
market_close,1x2,E3,2017/18,551,0.2153418182489561,1.0338679306684044,0.6215934671509336,1.2181146069785558
market_close,1x2,E3,2018/19,549,0.2173645279690901,1.045598994686902,0.629801978737033,1.0403489543977413
market_close,1x2,E3,2019/20,426,0.21445216331998174,1.056580073831606,0.6363769820517488,1.0300299194644402
market_close,1x2,E3,2020/21,552,0.22288714997001963,1.0661054637731036,0.6445134611251573,0.9191060454738116
market_close,1x2,E3,2021/22,552,0.21289505727642388,1.0380246255165781,0.6244059660432866,1.140799318028328
market_close,1x2,E3,2022/23,551,0.21467045105160804,1.0518794194531569,0.6350939383275129,0.9344739764584352
market_close,1x2,E3,2023/24,552,0.22291352063125594,1.0423538609290908,0.6273627072301781,0.9079143168940909
market_close,1x2,E3,2024/25,550,0.2169229050349011,1.0577030897530664,0.6380513035159254,0.8238632149488625
market_close,1x2,E3,2025/26,525,0.2150180657646802,1.0270838516308118,0.6178671845518706,1.097473100492508
market_close,1x2,E3,2026/27,99,0.20274874307368,1.052425356479065,0.6340863905975248,0.9251997186973853
market_close,1x2,F1,2016/17,378,0.19414888589299514,0.96184987888894,0.5707783230195252,1.2042040963619525
market_close,1x2,F1,2017/18,377,0.18994394885018806,0.9476534894414544,0.5623228432814551,1.082365674020526
market_close,1x2,F1,2018/19,379,0.20010006712793296,0.9989118614617014,0.5985168510136142,0.9683915509502002
market_close,1x2,F1,2019/20,279,0.20084571152365757,0.9840393568690774,0.5874300219283775,1.0756399861209003
market_close,1x2,F1,2020/21,378,0.20344777834599403,0.9929420799727974,0.5908259218535992,0.9710452418172739
market_close,1x2,F1,2021/22,380,0.2025872661255897,1.0007606867862011,0.5984398373032532,0.9227959380872628
market_close,1x2,F1,2022/23,380,0.1974088274901754,0.9689909174874338,0.5757375400303778,1.0133682598900964
market_close,1x2,F1,2023/24,306,0.20682868363284546,1.014527413025465,0.6110340065279015,0.9095858747264947
market_close,1x2,F1,2024/25,306,0.20075579439067265,0.9544695476771544,0.5638229757673288,1.066348929982363
market_close,1x2,F1,2025/26,287,0.20205973641830416,0.9743102423178955,0.5805676840838508,1.0338778501655854
market_close,1x2,F1,2026/27,45,0.20704261385074424,1.0310846172944683,0.6182720274150546,0.8302195888729695
market_close,1x2,F2,2016/17,376,0.2139247658782629,1.0578910974376354,0.6377501605790123,0.9267967733025486
market_close,1x2,F2,2017/18,379,0.21296912598328893,1.010055500224907,0.6031550832799881,1.2397395864668859
market_close,1x2,F2,2018/19,377,0.21989622181125446,1.0672103798739438,0.6442827754021602,0.7806255675635588
market_close,1x2,F2,2019/20,277,0.21764125666200618,1.067097394461981,0.6417114889089454,0.8398687115148755
market_close,1x2,F2,2020/21,379,0.19879182220684033,1.0273316419128518,0.6174642116393271,1.2499084615364888
market_close,1x2,F2,2021/22,380,0.2080018972703395,1.0252203828198285,0.6163707824795249,1.1754440124167902
market_close,1x2,F2,2022/23,375,0.20899246402229008,1.0215874816823787,0.6120056541592331,1.299165895696614
market_close,1x2,F2,2023/24,379,0.21981209737351642,1.0676877120066173,0.6431931975687689,0.7925392197441326
market_close,1x2,F2,2024/25,306,0.21230627473565228,1.01404115718535,0.6046828836263906,1.0876291827212068
market_close,1x2,F2,2025/26,281,0.21131234352759531,1.0481105869146286,0.6320860176622222,0.9382176935172525
market_close,1x2,F2,2026/27,61,0.20473271100049142,1.0685331993844924,0.6481147634987917,0.781401018723974
market_close,1x2,G1,2016/17,191,0.1800714767473167,0.9352428364084641,0.5547358636178877,0.9565066828694501
market_close,1x2,G1,2017/18,180,0.1811781398582933,0.9711742035164193,0.5849062566665086,0.8915292675996143
market_close,1x2,G1,2018/19,208,0.16897435886934675,0.8692548633903746,0.5109455263784899,1.3231443456100698
market_close,1x2,G1,2019/20,220,0.16102253016563223,0.8636335194921838,0.509304357630836,1.230265311084391
market_close,1x2,G1,2020/21,223,0.18649661934242862,0.9615530437716574,0.5742334990327593,1.0563336124326161
market_close,1x2,G1,2021/22,240,0.20172402703363454,0.9901191298332718,0.5863461283820343,0.9227530355916448
market_close,1x2,G1,2022/23,239,0.17078303434039233,0.9124491466012564,0.5439797864510023,1.0767245185477896
market_close,1x2,G1,2023/24,240,0.17178336575630979,0.8920537483071918,0.527394865109925,1.0633611092239725
market_close,1x2,G1,2024/25,233,0.20058201977170703,0.9705038216210167,0.5732686205443043,0.8479532182046028
market_close,1x2,G1,2025/26,208,0.17411687481773408,0.9181123884688807,0.5442144981736273,0.9997272025755278
market_close,1x2,G1,2026/27,32,0.15876982589161068,0.8350908443995604,0.48096806080654786,1.2417024307299418
market_close,1x2,I1,2016/17,377,0.18075528531590573,0.8965956927166775,0.5252295829424358,1.2316820141970237
market_close,1x2,I1,2017/18,379,0.1768665312229539,0.8872287607757952,0.5191185044287453,1.1596103273812408
market_close,1x2,I1,2018/19,380,0.18020292144053696,0.9440894458485122,0.5587915289286158,1.0338651151731095
market_close,1x2,I1,2019/20,380,0.19677816647979293,0.9584775380585352,0.5656936009917979,0.9980610733917344
market_close,1x2,I1,2020/21,378,0.18213054807698814,0.9319075846636576,0.5503384709469621,1.1154135779059016
market_close,1x2,I1,2021/22,379,0.1950145765882857,0.973401731060325,0.5778938524856168,0.9198659240078274
market_close,1x2,I1,2022/23,380,0.19493447725297375,0.9746667707430173,0.581345481204335,1.068841833556869
market_close,1x2,I1,2023/24,380,0.1838840048598037,0.9636193031328248,0.5748702673093954,1.1098571115247586
market_close,1x2,I1,2024/25,380,0.18377441690137225,0.9498617164154248,0.566239419670569,1.1503756567067922
market_close,1x2,I1,2025/26,359,0.19659315381102957,0.9723685847349335,0.5779036845883957,1.0334744520889643
market_close,1x2,I1,2026/27,50,0.19413784833939407,0.914120522222743,0.5340563266560721,1.4379595683942707
market_close,1x2,I2,2016/17,443,0.20058290050694416,1.0384298354572847,0.6293150505651208,0.9942484687156542
market_close,1x2,I2,2017/18,455,0.20075920950135903,1.039487840832727,0.6271391533656241,0.9975338457154651
market_close,1x2,I2,2018/19,323,0.19854002876213228,1.0252569030497038,0.6171343216104114,1.3253832989282741
market_close,1x2,I2,2019/20,371,0.21794678278387813,1.0512236084191944,0.6331150381844725,1.0031348199647805
market_close,1x2,I2,2020/21,372,0.20092459262819315,1.0412762571982712,0.6279967433075982,1.0818595137887115
market_close,1x2,I2,2021/22,380,0.2052527328474216,1.032979953055064,0.6221152284469633,1.0197879687006972
market_close,1x2,I2,2022/23,377,0.21155941910055065,1.0612848256267937,0.6394531878994562,0.9152537441297619
market_close,1x2,I2,2023/24,379,0.20861103030562939,1.0506530479775147,0.6329849292467379,0.9862284615136258
market_close,1x2,I2,2024/25,380,0.20410988798168686,1.0491382076796953,0.6329457561347579,1.0404979136126355
market_close,1x2,I2,2025/26,342,0.19370380402233722,1.003764401711911,0.6006749937563362,1.2823050395404538
market_close,1x2,I2,2026/27,47,0.2281636047152299,1.0883313420848877,0.6539129771549593,0.637531541989642
market_close,1x2,N1,2016/17,303,0.18764579818014193,0.9407448298515411,0.5584152992523616,1.0084583876232347
market_close,1x2,N1,2017/18,290,0.19324601425778148,0.9596605444984514,0.5686520257764144,0.9121401834852043
market_close,1x2,N1,2018/19,302,0.18902144505847593,0.9042418202856852,0.5308032534224355,0.974577613791415
market_close,1x2,N1,2019/20,232,0.18578676498871874,0.9077695112307861,0.5328697890405777,1.0328874370198993
market_close,1x2,N1,2020/21,306,0.18085543856776723,0.9297745056800267,0.5508094358606009,0.9875233439414015
market_close,1x2,N1,2021/22,306,0.19235598971913911,0.9255036019166765,0.5467504781069383,0.9661135054328702
market_close,1x2,N1,2022/23,306,0.18228932743328013,0.919119281912928,0.5450626226393684,0.987144990832524
market_close,1x2,N1,2023/24,306,0.17233159627507572,0.8928834225456703,0.5272991251475523,1.0054709956684926
market_close,1x2,N1,2024/25,306,0.18466564085551396,0.9377762900673184,0.5565073894159456,0.9528202921127088
market_close,1x2,N1,2025/26,287,0.1979966361083095,1.0954872510064,0.5855567186157825,0.7838029855086156
market_close,1x2,N1,2026/27,63,0.18706092610937117,0.9693616510546063,0.578732654274702,0.7672393556086232
market_close,1x2,P1,2016/17,305,0.1875633503062327,0.9497053632028379,0.5670263894397312,1.0073416415979664
market_close,1x2,P1,2017/18,299,0.17526154298966742,0.8704246220660437,0.5054449023856832,1.3776132591155796
market_close,1x2,P1,2018/19,298,0.18441689717889387,0.8980067814677517,0.5257705494449884,1.2101626982734128
market_close,1x2,P1,2019/20,305,0.20068200203051736,0.9887885468405899,0.5914868105229851,0.8277869132508552
market_close,1x2,P1,2020/21,305,0.18743248649578878,0.9455073198560766,0.5590310711034863,1.1300356599692467
market_close,1x2,P1,2021/22,306,0.17512774067034695,0.9161627556175747,0.5435240178422097,1.154180908740579
market_close,1x2,P1,2022/23,306,0.17747512526543788,0.8619028830605105,0.49982289852865075,1.3858539366829108
market_close,1x2,P1,2023/24,305,0.1759765080707227,0.8995555285232579,0.5277846652591903,1.1390858609307684
market_close,1x2,P1,2024/25,306,0.18107094153152634,0.9225526005525052,0.5471064236283717,1.035654503002125
market_close,1x2,P1,2025/26,282,0.16821630717297262,0.8905978834786024,0.526100564134653,1.137125196304919
market_close,1x2,P1,2026/27,60,0.18765764812303687,0.9705561284232377,0.587325122449857,0.7772423185149251
market_close,1x2,SC0,2016/17,226,0.18246100598548193,0.9279654664771924,0.5515278649908797,1.112750477204442
market_close,1x2,SC0,2017/18,224,0.1964019931227551,0.9761108415102874,0.5818120804121728,0.9025714166440162
market_close,1x2,SC0,2018/19,227,0.1916912653428408,0.9276045425835361,0.5493187111458182,1.05572881841068
market_close,1x2,SC0,2019/20,179,0.18082105962414857,0.9181517895163459,0.5428751145395193,0.9675444606351644
market_close,1x2,SC0,2020/21,218,0.18262207809830555,0.926015373617788,0.5505204512698549,1.0099718682053584
market_close,1x2,SC0,2021/22,228,0.18333038349076614,0.9445296611601077,0.5636735978560243,0.9620648169116288
market_close,1x2,SC0,2022/23,228,0.17925865873795666,0.866138493993609,0.5043009896330178,1.306770233905328
market_close,1x2,SC0,2023/24,228,0.1806541402668715,0.9338371200318578,0.5476194114310503,0.9725089491059731
market_close,1x2,SC0,2024/25,228,0.19975278008871966,0.9557994928695372,0.5629803793010582,0.8908520798291317
market_close,1x2,SC0,2025/26,216,0.18823336864146065,0.964660095642367,0.5743775005425567,0.9728444810193921
market_close,1x2,SC0,2026/27,42,0.21879412753679126,1.0042186922588485,0.6000408181930497,0.8650889835846118
market_close,1x2,SP1,2016/17,380,0.17701802180857265,0.899089268889089,0.5294063470062039,1.0850943132322854
market_close,1x2,SP1,2017/18,379,0.19531527979415222,0.9560955696041221,0.5672053581722643,0.9302773974387478
market_close,1x2,SP1,2018/19,380,0.198782234848562,1.0029124159285145,0.5969541582931607,0.8483881890960611
market_close,1x2,SP1,2019/20,378,0.19505460862910845,0.979095979262171,0.58624038659325,0.9984816305523246
market_close,1x2,SP1,2020/21,380,0.19023569237498578,0.9800953898942495,0.5804108467421841,1.000239840131938
market_close,1x2,SP1,2021/22,379,0.19341826362445624,0.9908676297305106,0.5901836542599066,0.9839404255543083
market_close,1x2,SP1,2022/23,380,0.20115643834187077,0.975282908272085,0.5807326980272474,1.081220634778295
market_close,1x2,SP1,2023/24,380,0.18256100038847317,0.9494904736966551,0.5651264216328754,1.191495083916183
market_close,1x2,SP1,2024/25,380,0.18720124925786458,0.9453777168098931,0.5585191363650941,1.1322169548092016
market_close,1x2,SP1,2025/26,349,0.1951794485448155,0.9654350404867593,0.5725168611462856,1.1665795852683818
market_close,1x2,SP1,2026/27,69,0.1875374112459983,0.9233304340172055,0.5475846976319548,1.1777524217153874
market_close,1x2,SP2,2016/17,455,0.20630412989865232,1.0429307189529962,0.6306174296264003,1.0475642929242686
market_close,1x2,SP2,2017/18,452,0.20137669731662475,1.0066241142781418,0.602915882839533,1.25492961073654
market_close,1x2,SP2,2018/19,441,0.1988384603596963,1.023444109843947,0.6151313366194576,1.124936464788331
market_close,1x2,SP2,2019/20,460,0.2138270658733433,1.078424182379635,0.6528120987694462,0.6959351986039705
market_close,1x2,SP2,2020/21,459,0.21131887420064133,1.0404525182209525,0.6248525692001533,1.1311180913928716
market_close,1x2,SP2,2021/22,461,0.2065023569900067,1.0271347653758598,0.6176007344409362,1.1334802844017031
market_close,1x2,SP2,2022/23,462,0.20071923732668145,1.0339264022852623,0.6236247691370865,1.070035022585761
market_close,1x2,SP2,2023/24,460,0.20863905255579154,1.0413532009038293,0.6275089458669075,1.0285486672668542
market_close,1x2,SP2,2024/25,462,0.20312757216861096,1.011392550877675,0.6069161257517884,1.1854064803868178
market_close,1x2,SP2,2025/26,424,0.2135938737116168,1.024249897714659,0.6135375366279436,1.0984467643724036
market_close,1x2,SP2,2026/27,82,0.21825042765194766,1.0344037786268574,0.6217111067172163,1.0088489936307352
market_close,1x2,T1,2016/17,301,0.20480546208872355,0.9783513558368917,0.5829887610769369,1.083091646846249
market_close,1x2,T1,2017/18,295,0.19116441830878417,0.9374366868291074,0.5547207653789397,1.330823062634749
market_close,1x2,T1,2018/19,306,0.20429345384592035,1.0199471210122406,0.6105233277115624,0.9284029201210068
market_close,1x2,T1,2019/20,302,0.20488852492067017,1.007557659183919,0.6021761374759839,0.9711819156618495
market_close,1x2,T1,2020/21,420,0.2081669128182198,1.0240498898545747,0.6125822300381549,0.9893736444683024
market_close,1x2,T1,2021/22,379,0.20510876541704354,0.9934845298658482,0.5932396501121489,1.270105578856444
market_close,1x2,T1,2022/23,313,0.19706844947174418,0.9645780894478088,0.5704568790407094,1.2611732911207187
market_close,1x2,T1,2023/24,379,0.1837527812926036,0.9384875007523144,0.5553145408318053,1.288443977879081
market_close,1x2,T1,2024/25,340,0.17969492421760783,0.9135628666142421,0.5353872200990397,1.2468295822686775
market_close,1x2,T1,2025/26,287,0.18253288698114414,0.9577027440007833,0.5717440263340242,1.0916202065954486
market_close,1x2,T1,2026/27,53,0.2264644848430098,1.0266194284494132,0.6165310455723892,0.8378401513585233
lgb_goals,1x2,B1,2016/17,231,0.19955700732009016,0.9813423345104401,0.5832116332218007,1.1083070782593625
lgb_goals,1x2,B1,2017/18,238,0.2165901459800118,1.0513034749387806,0.6341538673509176,0.7086317680869519
lgb_goals,1x2,B1,2018/19,239,0.21058058035326155,1.0168590178377344,0.6061371803990646,0.8839315163910075
lgb_goals,1x2,B1,2019/20,232,0.19675885867999982,0.9462876467136934,0.5601000436411426,1.2251452533094283
lgb_goals,1x2,B1,2020/21,305,0.2330647240618601,1.0655495553672554,0.6437503620895296,0.6604973606676435
lgb_goals,1x2,B1,2021/22,305,0.2088644134505795,0.9968298656116458,0.5933305493241747,1.1952070673263457
lgb_goals,1x2,B1,2022/23,304,0.20681022433603205,0.9832435279683903,0.5823496275387188,0.9750322474660498
lgb_goals,1x2,B1,2023/24,312,0.19975864243187608,0.9904851158851602,0.5901944243344099,1.059645842684217
lgb_goals,1x2,B1,2024/25,311,0.1982803715912913,1.0082849294416327,0.6013244671513653,0.9462375428764995
lgb_goals,1x2,B1,2025/26,283,0.2180937172825326,1.048019388469729,0.631870759127997,0.7392567592776983
lgb_goals,1x2,B1,2026/27,61,0.17984027552466625,0.8718454779815025,0.5088114451334138,2.117416152985678
lgb_goals,1x2,D1,2016/17,306,0.2103942154305224,1.013610163976669,0.6082249872501952,0.8287034530238784
lgb_goals,1x2,D1,2017/18,306,0.20828486007154232,1.0191143827043658,0.6111772518045367,0.8335450021446938
lgb_goals,1x2,D1,2018/19,305,0.2011450210236244,0.9803468301463114,0.5827343831239608,0.9641925322086154
lgb_goals,1x2,D1,2019/20,306,0.2108762826477898,0.9982863907146111,0.5938426027515212,0.8740550325565857
lgb_goals,1x2,D1,2020/21,306,0.20322690468014362,1.0045970738157939,0.6002316170410582,0.8697562979458691
lgb_goals,1x2,D1,2021/22,306,0.20996023289369667,1.0057457371170198,0.5997841213126922,0.9445452690300066
lgb_goals,1x2,D1,2022/23,306,0.20594270667272976,1.0007586518941534,0.5981571620867178,0.9044217777298256
lgb_goals,1x2,D1,2023/24,306,0.19201676591617084,0.9667842763369793,0.5750709642179325,1.081943072388501
lgb_goals,1x2,D1,2024/25,306,0.21276354867843678,1.025622034839616,0.6154978377095349,0.7876409296411151
lgb_goals,1x2,D1,2025/26,288,0.19342588932546026,0.9558361595852927,0.564944533892178,1.1399387798489633
lgb_goals,1x2,D1,2026/27,36,0.20867795363927927,0.966835770778095,0.5742704794783916,1.060497350022181
lgb_goals,1x2,D2,2016/17,305,0.21737596145958596,1.0584727485217187,0.6388222638430243,1.0484800688268614
lgb_goals,1x2,D2,2017/18,306,0.22977546203801077,1.1010206150385553,0.6683998426743564,0.4582848097738343
lgb_goals,1x2,D2,2018/19,306,0.2236537399755824,1.0795985764501714,0.6517585078035653,0.6980762862588343
lgb_goals,1x2,D2,2019/20,305,0.21643380587904282,1.075329957633625,0.6507700575736296,0.8078128381689681
lgb_goals,1x2,D2,2020/21,302,0.22627241049225924,1.0535211862451843,0.6344453109013422,1.2675831281918721
lgb_goals,1x2,D2,2021/22,305,0.219725333134026,1.0632760717388303,0.6421620605841032,1.0448084674400409
lgb_goals,1x2,D2,2022/23,306,0.21869718234319968,1.032690660620237,0.619564550302471,1.1943486914791122
lgb_goals,1x2,D2,2023/24,306,0.22000963792355707,1.0319671512360715,0.6186913445798425,1.093243448656656
lgb_goals,1x2,D2,2024/25,306,0.22483047232987427,1.077242389354981,0.6518699382065358,0.6872352563873834
lgb_goals,1x2,D2,2025/26,285,0.22431648400604187,1.0490621327718748,0.6317193847888739,1.100073581572819
lgb_goals,1x2,D2,2026/27,54,0.224432382048219,1.0816079457639862,0.6530348532124899,0.7432944641930846
lgb_goals,1x2,E0,2016/17,380,0.19048441696645507,0.935474442884815,0.5521468989523811,1.1573245142216946
lgb_goals,1x2,E0,2017/18,380,0.18798811505011642,0.9534648515584948,0.5660606025399296,0.9286139221218241
lgb_goals,1x2,E0,2018/19,380,0.18737103226854732,0.8951035167458166,0.5230258690679451,1.1576687131499934
lgb_goals,1x2,E0,2019/20,380,0.19817629973306553,0.967788992611183,0.5750853891309078,0.9412302861369014
lgb_goals,1x2,E0,2020/21,380,0.22030333047347966,1.0291500346423628,0.6120531811784374,0.7662700801097329
lgb_goals,1x2,E0,2021/22,380,0.1959455551834862,0.9593498209130388,0.5679774673614046,1.069562089365727
lgb_goals,1x2,E0,2022/23,380,0.20250964946348232,0.9760435658987857,0.5806885618552917,0.9266549252493522
lgb_goals,1x2,E0,2023/24,380,0.1911864784948423,0.9351428905809528,0.5508554513638437,1.1316446562594369
lgb_goals,1x2,E0,2024/25,380,0.20518977836551464,0.9984062088120511,0.5959754695078995,0.8431767643438998
lgb_goals,1x2,E0,2025/26,358,0.21277282468130995,1.0446040994393522,0.6287686051425933,0.7195880802586101
lgb_goals,1x2,E0,2026/27,50,0.19602939322929752,1.010741931829727,0.6065862915886426,0.9456794724601989
lgb_goals,1x2,E1,2016/17,552,0.22078446764788684,1.0388293243574056,0.6239380202999042,1.0804348768083851
lgb_goals,1x2,E1,2017/18,552,0.21814415524120234,1.051697961025163,0.6345855079378436,0.868593177991599
lgb_goals,1x2,E1,2018/19,551,0.21065946955789075,1.0442727102518676,0.6292235844260123,0.985605709259155
lgb_goals,1x2,E1,2019/20,551,0.2230468215427477,1.0643764424109194,0.6420124025579055,0.8401487384762325
lgb_goals,1x2,E1,2020/21,549,0.22217370646452603,1.0528068389294747,0.634563174529339,1.007620231140927
lgb_goals,1x2,E1,2021/22,552,0.22280457466992107,1.0533689728799351,0.63411834548354,1.0040986409753898
lgb_goals,1x2,E1,2022/23,552,0.2212424614304419,1.0617301818366591,0.6407244414802158,0.8301302957529799
lgb_goals,1x2,E1,2023/24,552,0.2240994800246052,1.0433892701889378,0.6264500657848583,0.9762940671866042
lgb_goals,1x2,E1,2024/25,552,0.20785809592469437,1.029017907801326,0.6196207331393959,1.0797286992191228
lgb_goals,1x2,E1,2025/26,516,0.22319218490787346,1.065227925392716,0.6435826426660326,0.8818451699235872
lgb_goals,1x2,E1,2026/27,90,0.22405290454248908,1.082704521979331,0.6555367707576739,0.6805602814853448
lgb_goals,1x2,E2,2016/17,552,0.21688563799218458,1.0512804354315541,0.6343134367468356,0.9699812999797784
lgb_goals,1x2,E2,2017/18,552,0.2206916151985061,1.0578661333913102,0.6390809245739625,0.8434088633483681
lgb_goals,1x2,E2,2018/19,552,0.2187968711907661,1.0491327868769464,0.6340395096566986,0.993366364257091
lgb_goals,1x2,E2,2019/20,390,0.2106638123643056,1.0313366296747812,0.6193976888994619,1.1989795181839322
lgb_goals,1x2,E2,2020/21,546,0.22890592277009417,1.0630435741323712,0.6420323251943332,0.8387615531545797
lgb_goals,1x2,E2,2021/22,552,0.21282251347151088,1.0311241004322749,0.6181713369732458,1.3301433561902452
lgb_goals,1x2,E2,2022/23,552,0.21051123481236575,1.018634972175877,0.6107311356737859,1.0389534757134973
lgb_goals,1x2,E2,2023/24,552,0.2175620917658295,1.0338436510655493,0.6205615187706569,1.0383633028777752
lgb_goals,1x2,E2,2024/25,552,0.21660569200857163,1.026696238187879,0.6171508285935162,1.1279781165337774
lgb_goals,1x2,E2,2025/26,519,0.220836699216821,1.0480535774739894,0.6303215972711432,1.0283399350048288
lgb_goals,1x2,E2,2026/27,90,0.22975814007101425,1.1376265547794577,0.6935839033585439,0.08642802246285006
lgb_goals,1x2,E3,2016/17,551,0.2256132603548764,1.0654898750223294,0.6429306115982032,0.8709423417713934
lgb_goals,1x2,E3,2017/18,551,0.2234120845341273,1.0590418380117597,0.6387100735939703,0.964637552149812
lgb_goals,1x2,E3,2018/19,549,0.2245341654613216,1.0675585863016759,0.6449964787690858,0.8435901739800677
lgb_goals,1x2,E3,2019/20,426,0.21988805682755702,1.0707542717222922,0.6469797699549938,0.880969090587672
lgb_goals,1x2,E3,2020/21,552,0.23031725941993098,1.091018087621706,0.6615060696688025,0.6648712577528947
lgb_goals,1x2,E3,2021/22,552,0.21756427517194277,1.0516709156977222,0.6331194286074664,1.329963559116984
lgb_goals,1x2,E3,2022/23,551,0.2203570647124277,1.0689320795500583,0.6471408768417406,0.8722954589067305
lgb_goals,1x2,E3,2023/24,552,0.22668850778358957,1.0544208984621115,0.6358970699941895,0.995765528629119
lgb_goals,1x2,E3,2024/25,550,0.22347899270956734,1.0781006072100212,0.6519513183669436,0.7876347969245642
lgb_goals,1x2,E3,2025/26,525,0.22209809643512263,1.0479261493609395,0.6314572047676303,1.1159896538649339
lgb_goals,1x2,E3,2026/27,99,0.207523751519609,1.0651355485825782,0.6444159608215617,0.9970426777444705
lgb_goals,1x2,F1,2016/17,378,0.19531220397568658,0.9652536483724925,0.572295993624766,1.1110241743247151
lgb_goals,1x2,F1,2017/18,377,0.19574350723079567,0.9686265689610255,0.5758637884782011,0.9411799550602311
lgb_goals,1x2,F1,2018/19,379,0.21057410358660597,1.0352715727602926,0.6225497931813727,0.7852794776252512
lgb_goals,1x2,F1,2019/20,279,0.20670191350599648,1.0075081942977118,0.6038426248896209,0.962301056907373
lgb_goals,1x2,F1,2020/21,378,0.21647575562387691,1.032910017652934,0.6176041771822963,0.8280880929904705
lgb_goals,1x2,F1,2021/22,380,0.20843805952588892,1.0227328833495992,0.6130560719326039,0.9711859149834695
lgb_goals,1x2,F1,2022/23,380,0.2002758341649663,0.9777694242435676,0.5802079897483969,0.9979622814257536
lgb_goals,1x2,F1,2023/24,306,0.21501985126781697,1.040977112996523,0.627055597666562,0.8326354021271172
lgb_goals,1x2,F1,2024/25,306,0.20431471724622674,0.9641824864720644,0.5710446686970996,1.1482036136327558
lgb_goals,1x2,F1,2025/26,287,0.20861640590032576,1.0013148700643741,0.5968596894934438,0.9434138357534733
lgb_goals,1x2,F1,2026/27,45,0.21004535679463723,1.047600217693924,0.6246292324428734,0.9443775468058406
lgb_goals,1x2,F2,2016/17,376,0.22207098392135163,1.082358218206182,0.6546438534206837,0.7046991787611467
lgb_goals,1x2,F2,2017/18,379,0.22179618295878442,1.0410564337289825,0.6235626246252335,1.0050216641103669
lgb_goals,1x2,F2,2018/19,377,0.21737809155444035,1.0588803927229793,0.6400636399213189,0.8200465165589133
lgb_goals,1x2,F2,2019/20,277,0.2233663941140397,1.0822965293239581,0.6532581049363644,0.7187260737578764
lgb_goals,1x2,F2,2020/21,379,0.20743028590537768,1.0554871581287042,0.6379266298137222,1.1433019510436593
lgb_goals,1x2,F2,2021/22,380,0.21688287601919023,1.0542847027312452,0.635791280618734,1.1447951362321642
lgb_goals,1x2,F2,2022/23,375,0.21946389002062702,1.057456431411911,0.6376446754607334,0.9855284469231125
lgb_goals,1x2,F2,2023/24,379,0.22579747705365857,1.0862949845519803,0.6568289384223993,0.6438111654073825
lgb_goals,1x2,F2,2024/25,306,0.21777767119361102,1.0309985393421341,0.6189686540441338,1.216749514205646
lgb_goals,1x2,F2,2025/26,281,0.21883571194180582,1.0730344932096967,0.6496664558882449,0.7780894485815539
lgb_goals,1x2,F2,2026/27,61,0.2137623077677458,1.10177340311441,0.673954906370823,0.4127371303123945
lgb_goals,1x2,G1,2016/17,191,0.190070256064828,0.9711456480663874,0.5769779441604473,1.0269226206062438
lgb_goals,1x2,G1,2017/18,180,0.18580695421058616,0.9923756280716649,0.5955787437769067,0.8642674816073702
lgb_goals,1x2,G1,2018/19,208,0.17370378107199244,0.886220895294844,0.5185874443274264,1.2499240170429646
lgb_goals,1x2,G1,2019/20,220,0.17322810117770654,0.9099568615654737,0.5382180459578875,1.1578677535307622
lgb_goals,1x2,G1,2020/21,223,0.19293544435076931,0.9826424712587615,0.5868040714394541,0.874776450376378
lgb_goals,1x2,G1,2021/22,240,0.20180619895090238,0.9899873049678002,0.5883908996872609,0.9861399444051345
lgb_goals,1x2,G1,2022/23,239,0.17832256714295752,0.9448096614432518,0.5654684683832424,0.9795363123902704
lgb_goals,1x2,G1,2023/24,240,0.17848861848744846,0.9134962835473035,0.5393180486128489,1.0747977226504288
lgb_goals,1x2,G1,2024/25,233,0.21137758232403533,1.0057028163105382,0.5973762848310376,0.7871284472486019
lgb_goals,1x2,G1,2025/26,208,0.18091738962363824,0.9409517549696074,0.5592900980763595,1.0189680005345927
lgb_goals,1x2,G1,2026/27,32,0.16774248860981064,0.8698277081203246,0.49920010896076317,1.185629835988878
lgb_goals,1x2,I1,2016/17,377,0.18713699017961183,0.9162011869115333,0.5384208807233317,1.1743208926409303
lgb_goals,1x2,I1,2017/18,379,0.19156532257026382,0.9350149966207034,0.5509583308298726,0.9920171902730496
lgb_goals,1x2,I1,2018/19,380,0.18801326106078448,0.9715892783295831,0.5767090529455592,0.9226020677920572
lgb_goals,1x2,I1,2019/20,380,0.2054471043926665,0.9834538940990469,0.5831658377278063,0.9499060083034099
lgb_goals,1x2,I1,2020/21,378,0.18732094420422998,0.953273631678068,0.5630026929343165,1.0338235846987829
lgb_goals,1x2,I1,2021/22,379,0.19816192406677707,0.9811596859865886,0.5842407096565297,0.9532445791470172
lgb_goals,1x2,I1,2022/23,380,0.19925243297763623,0.9912909373343948,0.5909361063770195,0.8998807016498865
lgb_goals,1x2,I1,2023/24,380,0.1888906332535759,0.9805171852108545,0.5851987874200071,0.9840050625782765
lgb_goals,1x2,I1,2024/25,380,0.1912894774348865,0.9757076651885483,0.5841677866523984,0.9908913371221607
lgb_goals,1x2,I1,2025/26,359,0.20381952806316797,0.995755692533471,0.5917070808449546,0.948243423968322
lgb_goals,1x2,I1,2026/27,50,0.1892641277032686,0.9064600542852744,0.5294875688680739,1.524787980791391
lgb_goals,1x2,I2,2016/17,443,0.20500322448427646,1.0516678316846977,0.6371298511931826,0.951684169286678
lgb_goals,1x2,I2,2017/18,455,0.20731348052119802,1.0601208981627677,0.6418472326645173,0.8484039403641827
lgb_goals,1x2,I2,2018/19,323,0.20582658504337323,1.0460057862276526,0.6322092515860152,1.0817906094662795
lgb_goals,1x2,I2,2019/20,371,0.21990562716072742,1.0607906401922662,0.6398123878256207,0.8509122994550867
lgb_goals,1x2,I2,2020/21,372,0.21025028223707412,1.0675649283257111,0.646352894450737,0.9248953151398877
lgb_goals,1x2,I2,2021/22,380,0.21132072090272883,1.0531753824520886,0.6354983611191367,1.0703995649095253
lgb_goals,1x2,I2,2022/23,377,0.21666732446207118,1.0760628069304843,0.6496470826047692,0.7881880833415355
lgb_goals,1x2,I2,2023/24,379,0.21843548879942964,1.0817555498260052,0.6555252843150926,0.7035523305080132
lgb_goals,1x2,I2,2024/25,380,0.21269470433381268,1.0724267261600235,0.6488870633083658,0.8061684353750783
lgb_goals,1x2,I2,2025/26,342,0.20027976593164706,1.0234705240456905,0.6161130414751621,1.2202114628703955
lgb_goals,1x2,I2,2026/27,47,0.23432057925638508,1.107716499351337,0.6652693570344361,0.44505697220766943
lgb_goals,1x2,N1,2016/17,303,0.19037526582265346,0.9473302151515456,0.5650439068158347,1.0088054971027982
lgb_goals,1x2,N1,2017/18,290,0.19714298848902745,0.9722120260744717,0.5780480610140644,0.926154547208222
lgb_goals,1x2,N1,2018/19,302,0.19587624413998644,0.9334968737093193,0.5487259261521858,1.0612999329606578
lgb_goals,1x2,N1,2019/20,232,0.19969250317406326,0.9540688113701725,0.5618302943543475,0.9638607986747593
lgb_goals,1x2,N1,2020/21,306,0.19127590760102386,0.9651732247183854,0.5732674663818343,0.9347401820640088
lgb_goals,1x2,N1,2021/22,306,0.20321348212065593,0.9609185419248603,0.5691324801016244,0.9971657625647176
lgb_goals,1x2,N1,2022/23,306,0.18424868819625248,0.9290982351310532,0.5500117527031472,1.0227399982780598
lgb_goals,1x2,N1,2023/24,306,0.17783449518463124,0.9153226507663745,0.539529088363716,1.1161512260376105
lgb_goals,1x2,N1,2024/25,306,0.1937973059645877,0.9657412996811144,0.5757082185038132,0.8680501796822078
lgb_goals,1x2,N1,2025/26,287,0.19740999646896867,0.9801925830982059,0.5832572569957801,0.9177996234163731
lgb_goals,1x2,N1,2026/27,63,0.193931577035438,0.9795818583995634,0.5903388938530084,0.8632041295370677
lgb_goals,1x2,P1,2016/17,305,0.19377394666104467,0.971588937218159,0.5788401019089534,0.9227242110213983
lgb_goals,1x2,P1,2017/18,299,0.18012405364778827,0.8838115353146188,0.5171361237500918,1.3100295761315062
lgb_goals,1x2,P1,2018/19,298,0.18694724197649112,0.9065370745598678,0.5319185745495406,1.1419290270814508
lgb_goals,1x2,P1,2019/20,305,0.20359246520463428,0.9966662482629353,0.5935491480049084,0.7979858700914174
lgb_goals,1x2,P1,2020/21,305,0.19165111192832532,0.9608556169494095,0.5699071792562833,1.0717092434026887
lgb_goals,1x2,P1,2021/22,306,0.1798810056985934,0.9349950287155407,0.5528253894162971,1.1730521482543435
lgb_goals,1x2,P1,2022/23,306,0.18276848155394568,0.8781268240746297,0.5097449622715,1.2215414409234897
lgb_goals,1x2,P1,2023/24,305,0.18139718345011924,0.9201595640315069,0.5409454944750326,1.1054009818546644
lgb_goals,1x2,P1,2024/25,306,0.1887122935120661,0.9466387176368566,0.5627784322572396,0.9413759989778537
lgb_goals,1x2,P1,2025/26,282,0.17291585127538056,0.9098694811908059,0.5383044240096806,1.0289562582532825
lgb_goals,1x2,P1,2026/27,60,0.18633398107080254,0.9750461122854552,0.5845331142657053,0.7901938789161961
lgb_goals,1x2,SC0,2016/17,226,0.19106677835946537,0.9569928847499394,0.567923115869644,1.2578517773674822
lgb_goals,1x2,SC0,2017/18,224,0.20954604888381387,1.017645409063362,0.6091895165989657,0.7819176418813298
lgb_goals,1x2,SC0,2018/19,227,0.1943096074310535,0.935879283578663,0.5535431773174936,1.1263849735049676
lgb_goals,1x2,SC0,2019/20,179,0.1849463541722227,0.93548897549223,0.5534560302876078,1.0292008844886182
lgb_goals,1x2,SC0,2020/21,218,0.1932357716817258,0.967976236138717,0.5742108137413845,0.9944311956204647
lgb_goals,1x2,SC0,2021/22,228,0.18854365337932497,0.9698930220398884,0.5764426723152839,1.0106815419619226
lgb_goals,1x2,SC0,2022/23,228,0.18495270396305485,0.8778078717302894,0.5135308460333293,1.3956286895279848
lgb_goals,1x2,SC0,2023/24,228,0.18607675070440577,0.9524474059007347,0.5613623122908994,1.0056378176922927
lgb_goals,1x2,SC0,2024/25,228,0.2062582604783405,0.9692426606361143,0.5754326918006533,0.9241371376343055
lgb_goals,1x2,SC0,2025/26,216,0.18972275939480013,0.9716611378612087,0.5783298944883148,0.9529960725137052
lgb_goals,1x2,SC0,2026/27,42,0.21492649530142383,0.9839980272150457,0.5865996231791415,0.9207219073344703
lgb_goals,1x2,SP1,2016/17,380,0.184579766900521,0.9238057877957729,0.5459481170222937,1.1082008443021458
lgb_goals,1x2,SP1,2017/18,379,0.19974616716725752,0.9722509475430088,0.5786997955983849,0.8718446166403048
lgb_goals,1x2,SP1,2018/19,380,0.20401843825442184,1.0222362695672214,0.6109431410699332,0.8228525602724801
lgb_goals,1x2,SP1,2019/20,378,0.20166947997819734,1.0024930736308233,0.6018557224442358,0.9128070832304159
lgb_goals,1x2,SP1,2020/21,380,0.19764257703258772,1.0026724335663064,0.5976412669928809,0.9425207362620877
lgb_goals,1x2,SP1,2021/22,379,0.19849599680004187,1.0116570403150367,0.6051935823689981,0.9178416317151219
lgb_goals,1x2,SP1,2022/23,380,0.2064482448677749,0.9921024517054186,0.591738531580544,0.9488809726953228
lgb_goals,1x2,SP1,2023/24,380,0.18650381973074767,0.9634193215833475,0.5726893532571802,1.1322911181083894
lgb_goals,1x2,SP1,2024/25,380,0.19466678592111863,0.967782783338123,0.5755688875625793,1.0532829469637979
lgb_goals,1x2,SP1,2025/26,349,0.19968496625405405,0.9775067928659553,0.5795668940996233,1.0005062835506855
lgb_goals,1x2,SP1,2026/27,69,0.1955081042117046,0.9579841278402151,0.5665539195469309,1.2164745924793583
lgb_goals,1x2,SP2,2016/17,455,0.20844069402198379,1.0491756574882933,0.6336153955162175,1.1587624991267513
lgb_goals,1x2,SP2,2017/18,452,0.207042827157065,1.0251052322199012,0.615791934715121,1.2252728354548201
lgb_goals,1x2,SP2,2018/19,441,0.20540448406497788,1.0436790498967605,0.631001565581552,1.0091713003694072
lgb_goals,1x2,SP2,2019/20,460,0.2175688737421199,1.090971826534058,0.6612139042262113,0.5751999760736738
lgb_goals,1x2,SP2,2020/21,459,0.21899475805225088,1.0639107858148373,0.6423188293503025,1.0106409974578427
lgb_goals,1x2,SP2,2021/22,461,0.2131333781372343,1.0507452713494552,0.633277128983475,1.2817965325019272
lgb_goals,1x2,SP2,2022/23,462,0.20384479664837754,1.0468824413766171,0.6316921329948875,0.9916835759340022
lgb_goals,1x2,SP2,2023/24,460,0.2131133173650217,1.0541139782830071,0.6372767706383758,0.9959879455202424
lgb_goals,1x2,SP2,2024/25,462,0.20893929968223676,1.028645030528199,0.6178577619442792,1.2374501969339495
lgb_goals,1x2,SP2,2025/26,424,0.22407792924799416,1.057113913064851,0.6360228424743892,0.9186777030485949
lgb_goals,1x2,SP2,2026/27,82,0.22294547005207282,1.0536438031261701,0.6360956620939295,0.9216673300467426
lgb_goals,1x2,T1,2016/17,301,0.2099654972941787,0.9944210747602956,0.5935625848898177,0.9387725941707115
lgb_goals,1x2,T1,2017/18,295,0.19528281515115725,0.9526115129590647,0.5669146260798145,1.2014100972111907
lgb_goals,1x2,T1,2018/19,306,0.2088117310363714,1.03867486841736,0.6229652735246739,0.7388419331497674
lgb_goals,1x2,T1,2019/20,302,0.21083481956435468,1.0251507627170122,0.6141060698976141,0.8312196973714645
lgb_goals,1x2,T1,2020/21,420,0.21071685250223585,1.0333520326831265,0.6201216818416107,0.8915861429783312
lgb_goals,1x2,T1,2021/22,379,0.21233618696610537,1.0176961104509186,0.6102540982428155,1.1594652917572656
lgb_goals,1x2,T1,2022/23,313,0.20613979614556718,0.9898387259728666,0.5884702171891064,1.14551058426623
lgb_goals,1x2,T1,2023/24,379,0.19339970353723376,0.9683168826696888,0.5744609018781718,1.0667071906414123
lgb_goals,1x2,T1,2024/25,340,0.19094984725022462,0.9430136399913477,0.5578762837619654,1.1299283403085931
lgb_goals,1x2,T1,2025/26,287,0.19125791114810992,0.9817961841268579,0.5884708450114524,0.914876057133395
lgb_goals,1x2,T1,2026/27,53,0.24784922693067793,1.095501445064561,0.665039024938931,0.49552203723659605
lgb_xg,1x2,B1,2016/17,231,0.19883940606682177,0.9774486606414254,0.5809754728422225,1.1223997563916033
lgb_xg,1x2,B1,2017/18,238,0.2144984256225484,1.0413892942455922,0.6278566028560737,0.8515080932798594
lgb_xg,1x2,B1,2018/19,239,0.20862340378776173,1.0113341500707702,0.6019602586103372,0.9122111112034506
lgb_xg,1x2,B1,2019/20,232,0.19366441779363272,0.9362803761317633,0.5531482384856732,1.2358322694371089
lgb_xg,1x2,B1,2020/21,305,0.23107183136643336,1.060901998774701,0.6405146911787621,0.6732354166210697
lgb_xg,1x2,B1,2021/22,305,0.20466733369951162,0.982666421145876,0.583426504361363,1.2584804643907586
lgb_xg,1x2,B1,2022/23,304,0.204425092773185,0.9756844384203321,0.5781312882455953,0.9995932498951098
lgb_xg,1x2,B1,2023/24,312,0.19706442924671058,0.9831832397745168,0.5855345747881905,0.9130374388485584
lgb_xg,1x2,B1,2024/25,311,0.19552718609529024,1.0025526149193047,0.5962860158433171,0.9160450541458434
lgb_xg,1x2,B1,2025/26,283,0.2151197597728309,1.039675688146913,0.6263050586600593,0.7527841423931672
lgb_xg,1x2,B1,2026/27,61,0.17931615841512646,0.8732086741129989,0.5081566223482363,1.928964879216728
lgb_xg,1x2,D1,2016/17,306,0.20910613347518522,1.0087607700502987,0.6050516656095878,0.854298663850858
lgb_xg,1x2,D1,2017/18,306,0.20558498310340062,1.0123733290117907,0.6060570027422997,0.8731382925808967
lgb_xg,1x2,D1,2018/19,305,0.19936843161926834,0.9752784269741496,0.5792310374293137,0.9972133673782161
lgb_xg,1x2,D1,2019/20,306,0.21096671076553566,0.9991545869893863,0.5948473620125607,0.8496954844937926
lgb_xg,1x2,D1,2020/21,306,0.2001838040247542,0.9930249842529395,0.5928952921573503,0.9004360999854851
lgb_xg,1x2,D1,2021/22,306,0.20913494365910282,1.0026913247457858,0.5978834319332681,0.9715408695080624
lgb_xg,1x2,D1,2022/23,306,0.2044173694348108,0.9937159010604663,0.593903695374969,0.9360033903366016
lgb_xg,1x2,D1,2023/24,306,0.1941941809069245,0.9739422963586851,0.5798485127973637,0.9301782962969047
lgb_xg,1x2,D1,2024/25,306,0.20931080749149883,1.0151716614548563,0.6084191723044956,0.8159157607059561
lgb_xg,1x2,D1,2025/26,288,0.1925703885731906,0.9522261000724195,0.5632557580666101,1.1871481675834403
lgb_xg,1x2,D1,2026/27,36,0.2080097735736232,0.9732887511302525,0.5757250462938998,1.0285434989085744
lgb_xg,1x2,D2,2016/17,305,0.2168953033635639,1.0573265083111458,0.6378618136713253,1.0207181159882595
lgb_xg,1x2,D2,2017/18,306,0.22897307628940128,1.098114853071016,0.6661548301831357,0.5003858897226547
lgb_xg,1x2,D2,2018/19,306,0.22388953282068477,1.0799412196578424,0.6522795538531311,0.6941457540306497
lgb_xg,1x2,D2,2019/20,305,0.21621033155186004,1.0753795357957006,0.6503349709602015,0.7696691640097326
lgb_xg,1x2,D2,2020/21,302,0.225909557187572,1.0546659265736145,0.6352879635921677,1.2089789332586363
lgb_xg,1x2,D2,2021/22,305,0.2174655961838735,1.0579644387002045,0.638495709191283,1.0689698521711333
lgb_xg,1x2,D2,2022/23,306,0.21699183773283445,1.0277496573469627,0.6163368667288032,1.1936872654763484
lgb_xg,1x2,D2,2023/24,306,0.216382175671464,1.0218649566993958,0.6106780582944513,0.9376961655767156
lgb_xg,1x2,D2,2024/25,306,0.22330313903718346,1.0722431668167942,0.6483490481010886,0.7010472457080309
lgb_xg,1x2,D2,2025/26,285,0.22044285456812365,1.0370425223730535,0.6232515858348282,1.1574863957840769
lgb_xg,1x2,D2,2026/27,54,0.2281063430331016,1.0910387474601932,0.6620698064103757,0.5612769393422669
lgb_xg,1x2,E0,2016/17,380,0.18944298339409807,0.9334968095439715,0.5507472242332849,1.15343095919552
lgb_xg,1x2,E0,2017/18,380,0.1884059112735665,0.9544332872251229,0.5659965071330268,0.881265804025464
lgb_xg,1x2,E0,2018/19,380,0.1861273934547729,0.8933263604281592,0.5217707372234416,1.1990112037004208
lgb_xg,1x2,E0,2019/20,380,0.1963119501269743,0.9635168154160701,0.5706216238158532,0.9306937607618364
lgb_xg,1x2,E0,2020/21,380,0.21830307847874847,1.023806443177835,0.6084732106623831,0.7805612581494791
lgb_xg,1x2,E0,2021/22,380,0.19488050597246098,0.9547214514322417,0.5654114464582475,1.1030007774803439
lgb_xg,1x2,E0,2022/23,380,0.20253237510470465,0.9782913835694809,0.5811548321185527,0.8938439505792262
lgb_xg,1x2,E0,2023/24,380,0.19055632936870104,0.9308643492800092,0.5491527306035051,1.0140223084045956
lgb_xg,1x2,E0,2024/25,380,0.20310779522094197,0.9914680928210893,0.5932438779926315,0.8161598974266944
lgb_xg,1x2,E0,2025/26,358,0.21088086005265771,1.0390159936555468,0.6250509406861504,0.7275317674134041
lgb_xg,1x2,E0,2026/27,50,0.20110138130498953,1.0272144643528194,0.6182238209760673,0.8529908190936932
lgb_xg,1x2,E1,2016/17,552,0.21888336128334362,1.032419349025696,0.6195348589553561,1.10288369729016
lgb_xg,1x2,E1,2017/18,552,0.2170728035643427,1.0489573916309483,0.6332397444973946,0.8524870433765038
lgb_xg,1x2,E1,2018/19,551,0.21040288701505702,1.0418620880069165,0.6279882869443768,0.9742706769776444
lgb_xg,1x2,E1,2019/20,551,0.22110571031689288,1.0581680631420116,0.6373769459059093,0.8424716863445003
lgb_xg,1x2,E1,2020/21,549,0.2215931702539248,1.0535895711004988,0.6349529818862617,0.9444575229200652
lgb_xg,1x2,E1,2021/22,552,0.22366950097024793,1.0548229248708274,0.635443015009643,0.9174208597385143
lgb_xg,1x2,E1,2022/23,552,0.22040762301315533,1.0588588332067583,0.6391017341451279,0.828365335326194
lgb_xg,1x2,E1,2023/24,552,0.2217984087037698,1.0382860562319425,0.6218657644633712,0.8463766616183044
lgb_xg,1x2,E1,2024/25,552,0.2068266867159807,1.0255467283123239,0.6174198645797447,1.0214750812079425
lgb_xg,1x2,E1,2025/26,516,0.22318289537523137,1.0664908296720697,0.6445400784450024,0.8214179452213042
lgb_xg,1x2,E1,2026/27,90,0.21813770827178208,1.0690220065391332,0.645811903359979,0.7876349481270762
lgb_xg,1x2,E2,2016/17,552,0.21404173737829113,1.0447020879496356,0.6292914193492851,0.9625178902982843
lgb_xg,1x2,E2,2017/18,552,0.22092162301815196,1.0570693311693582,0.638722771845327,0.806705781063951
lgb_xg,1x2,E2,2018/19,552,0.21820935414016712,1.048038643868257,0.6328246546051354,0.9417228392329877
lgb_xg,1x2,E2,2019/20,390,0.20628100550383605,1.0189394101609854,0.6111355481907124,1.163268364134548
lgb_xg,1x2,E2,2020/21,546,0.22715854051990736,1.0595276915471075,0.6395548160214118,0.8290584589099954
lgb_xg,1x2,E2,2021/22,552,0.20899823938508028,1.019504598861197,0.6098950741476173,1.3808056283128656
lgb_xg,1x2,E2,2022/23,552,0.21090911737615847,1.0190609004054285,0.6116822497304291,0.9613234395691197
lgb_xg,1x2,E2,2023/24,552,0.21793276702888695,1.0368361753251398,0.6217952029208023,0.8709121104830913
lgb_xg,1x2,E2,2024/25,552,0.21737913912117304,1.0303385617072547,0.6198623447124119,1.000086466043852
lgb_xg,1x2,E2,2025/26,519,0.21824520975839462,1.0410654763642342,0.6254786379457615,1.086856646473527
lgb_xg,1x2,E2,2026/27,90,0.22307141660015084,1.111522854951592,0.6754409307236122,0.35795695296016145
lgb_xg,1x2,E3,2016/17,551,0.22517432319346153,1.0635014733381192,0.64151700315622,0.831892797924473
lgb_xg,1x2,E3,2017/18,551,0.22140861643659376,1.0535251124860172,0.6348269587591372,0.9836841126193259
lgb_xg,1x2,E3,2018/19,549,0.22349217600151575,1.0632998028591387,0.6423155252269462,0.8653878841855117
lgb_xg,1x2,E3,2019/20,426,0.21956835693129828,1.0719862912142946,0.6470553138367322,0.8267907645252728
lgb_xg,1x2,E3,2020/21,552,0.22822150622876342,1.0845931708328094,0.6572970774231826,0.7386643132364691
lgb_xg,1x2,E3,2021/22,552,0.21734324900657293,1.0515474531118465,0.6333196878835635,1.297424623855844
lgb_xg,1x2,E3,2022/23,551,0.21995803079435147,1.06942021800252,0.6473247434858895,0.8319740876675504
lgb_xg,1x2,E3,2023/24,552,0.22887835013126673,1.062436591113278,0.6413730868928679,0.7315519024607589
lgb_xg,1x2,E3,2024/25,550,0.22033431758362607,1.0691510774010202,0.645930241350462,0.8436909685671338
lgb_xg,1x2,E3,2025/26,525,0.219748594478134,1.0425960155507674,0.6274427321375448,1.1195685475248458
lgb_xg,1x2,E3,2026/27,99,0.2148105932320161,1.086509470829522,0.6607243323202405,0.6121214598211173
lgb_xg,1x2,F1,2016/17,378,0.19698642914224643,0.9721064881132259,0.5767332562636817,1.1112292902154144
lgb_xg,1x2,F1,2017/18,377,0.19485927403058925,0.9685764703019933,0.5749917401748633,0.9421657381914678
lgb_xg,1x2,F1,2018/19,379,0.20941804476842674,1.0327722690361953,0.6211284622866579,0.8075597163190459
lgb_xg,1x2,F1,2019/20,279,0.20537319402402363,1.003905502921535,0.6015522415828879,0.9539493233256093
lgb_xg,1x2,F1,2020/21,378,0.21333589944874334,1.0228129162596464,0.6106828554367826,0.8748264344990507
lgb_xg,1x2,F1,2021/22,380,0.20682800805102547,1.017662296370482,0.6097442695092393,1.0344026821728185
lgb_xg,1x2,F1,2022/23,380,0.1994358321796865,0.9747410147149651,0.5794368532140513,0.9975330249209775
lgb_xg,1x2,F1,2023/24,306,0.21305523273968785,1.0337234684720291,0.6222395413363004,0.7772709337748535
lgb_xg,1x2,F1,2024/25,306,0.20535243011297252,0.968753697441039,0.5734971919753322,1.0599629151203807
lgb_xg,1x2,F1,2025/26,287,0.20412078151452234,0.9844096513207554,0.5855844480869651,0.9752085153353627
lgb_xg,1x2,F1,2026/27,45,0.2176935559951802,1.0671938848072933,0.6388926680687086,0.7255656385309142
lgb_xg,1x2,F2,2016/17,376,0.22219555534089902,1.0835403194427797,0.6552309098492548,0.6827865249987868
lgb_xg,1x2,F2,2017/18,379,0.21977780214853074,1.0323088332008914,0.6179762354937643,1.251522445357225
lgb_xg,1x2,F2,2018/19,377,0.21777813526872836,1.0598667627694713,0.6411973123930345,0.7932002541279523
lgb_xg,1x2,F2,2019/20,277,0.22177606991147517,1.0779737132059994,0.6497394563671005,0.7293998775207516
lgb_xg,1x2,F2,2020/21,379,0.2055984459802959,1.0493820382284222,0.6339524743418042,1.1407271852702423
lgb_xg,1x2,F2,2021/22,380,0.21440525601634655,1.0453753108875157,0.6304466546267152,1.3077347101851358
lgb_xg,1x2,F2,2022/23,375,0.2164971512406048,1.0473101192271446,0.630350031826557,1.1234304061437737
lgb_xg,1x2,F2,2023/24,379,0.2264772822194561,1.0902028137088224,0.6586904920795317,0.5646250861941315
lgb_xg,1x2,F2,2024/25,306,0.2152151583088434,1.0232876236642396,0.6128511129709937,1.2269609024820198
lgb_xg,1x2,F2,2025/26,281,0.2180870997305278,1.070190937058669,0.6472469510583683,0.8032381406286869
lgb_xg,1x2,F2,2026/27,61,0.2107637254469371,1.0934505344090235,0.6663948178366471,0.5255268694793128
lgb_xg,1x2,G1,2016/17,191,0.1900700459722208,0.9713047328739954,0.5766341548540816,1.0118318144507532
lgb_xg,1x2,G1,2017/18,180,0.18217000946757314,0.9875510437751222,0.5898322412482406,1.0040136111478246
lgb_xg,1x2,G1,2018/19,208,0.17207112416581657,0.8816309127998514,0.5153416392574278,1.3508076879482516
lgb_xg,1x2,G1,2019/20,220,0.16907339725772638,0.8929637843165835,0.5274339388202103,1.167500134809798
lgb_xg,1x2,G1,2020/21,223,0.19036655530615368,0.9696591595512948,0.5770274603738227,0.9902659634610625
lgb_xg,1x2,G1,2021/22,240,0.20225547420611978,0.9901736808008336,0.5899844612470453,1.0442579089172843
lgb_xg,1x2,G1,2022/23,239,0.17351782808334873,0.9252532736328178,0.5523400976592459,1.0402681120696537
lgb_xg,1x2,G1,2023/24,240,0.18261761050191314,0.9252181084814001,0.5481568211841775,0.8411578868686655
lgb_xg,1x2,G1,2024/25,233,0.20942745060633564,1.0004313532310125,0.593380454281615,0.7315184156771211
lgb_xg,1x2,G1,2025/26,208,0.18047883200359932,0.9410288527159992,0.5580934443585518,0.9645180456141521
lgb_xg,1x2,G1,2026/27,32,0.17175755734980191,0.8831084002618724,0.5076977243622317,1.1748651881212104
lgb_xg,1x2,I1,2016/17,377,0.1861739281270565,0.9118832199897459,0.5356863665717327,1.1948554481309164
lgb_xg,1x2,I1,2017/18,379,0.1875742165994679,0.9222489074637398,0.5419719390514622,1.0023456331000165
lgb_xg,1x2,I1,2018/19,380,0.18769450490940962,0.9708818300857601,0.5757274867890245,0.9186776037071885
lgb_xg,1x2,I1,2019/20,380,0.20449733801616563,0.9825983794254928,0.5822966468436884,0.9706624907631117
lgb_xg,1x2,I1,2020/21,378,0.1861493235221743,0.95019951150098,0.5609181553288367,1.0473945412733725
lgb_xg,1x2,I1,2021/22,379,0.19624130551059668,0.9759782248457719,0.5806037416100087,0.973688693154858
lgb_xg,1x2,I1,2022/23,380,0.19832556547578556,0.9876282375432079,0.5890905112667932,0.8965736727628295
lgb_xg,1x2,I1,2023/24,380,0.1875520775967608,0.9769303001245815,0.581710766802726,0.9504075238908472
lgb_xg,1x2,I1,2024/25,380,0.18840054515932889,0.9662474557836369,0.5788999707536914,1.0233764610142948
lgb_xg,1x2,I1,2025/26,359,0.20104412743672548,0.98633552088193,0.585428939931948,0.9575996719614355
lgb_xg,1x2,I1,2026/27,50,0.19327459403139868,0.9242688271471249,0.5413414544350404,1.379065744931339
lgb_xg,1x2,I2,2016/17,443,0.20497064618843155,1.0520831721462718,0.6375681569338287,0.9302761367693347
lgb_xg,1x2,I2,2017/18,455,0.20665101764832974,1.0578599383689795,0.6399931647135525,1.093779990094897
lgb_xg,1x2,I2,2018/19,323,0.2036033839108235,1.0400055463819367,0.6272678816506665,1.152162730414774
lgb_xg,1x2,I2,2019/20,371,0.21905858479250384,1.0577941020298718,0.6375493272898872,0.8448237642165967
lgb_xg,1x2,I2,2020/21,372,0.2093833432547339,1.066947500456063,0.6458958706343291,0.8568830786892396
lgb_xg,1x2,I2,2021/22,380,0.2094473990920617,1.0481496155147465,0.6322731384045954,1.148729637415136
lgb_xg,1x2,I2,2022/23,377,0.2160250295279022,1.074184249986868,0.6483548525678059,0.8056389525405618
lgb_xg,1x2,I2,2023/24,379,0.22009837677525276,1.0896609628561975,0.6586272467105793,0.571856177872504
lgb_xg,1x2,I2,2024/25,380,0.21209618630247484,1.0697083240635814,0.647184451029766,0.8622083182154081
lgb_xg,1x2,I2,2025/26,342,0.19992112857781208,1.0218563609980946,0.6139878418838083,1.2425041534430903
lgb_xg,1x2,I2,2026/27,47,0.23943041135056692,1.124792307243786,0.6767823276936252,0.2180789939888953
lgb_xg,1x2,N1,2016/17,303,0.19045846854905057,0.947046286167626,0.5654325871218225,1.0061520457957052
lgb_xg,1x2,N1,2017/18,290,0.19588503642082924,0.9686165489777189,0.5749050110232065,0.8928885035434673
lgb_xg,1x2,N1,2018/19,302,0.1957997553906655,0.9310079856687618,0.5474662553526165,1.0290445992342219
lgb_xg,1x2,N1,2019/20,232,0.19949754857661284,0.9564745329954419,0.5625449384897769,0.8771115962551544
lgb_xg,1x2,N1,2020/21,306,0.18809812467188078,0.9562496876753757,0.5662932523840433,0.9282233699956967
lgb_xg,1x2,N1,2021/22,306,0.20233176427814456,0.9566419542089412,0.5670378001488111,0.9727255684451197
lgb_xg,1x2,N1,2022/23,306,0.18252115927187487,0.9227520217678143,0.5468642420749282,0.9743445932890585
lgb_xg,1x2,N1,2023/24,306,0.17709173876713585,0.9091593837116007,0.5391533395418727,0.94372937462031
lgb_xg,1x2,N1,2024/25,306,0.19288037656083937,0.9660023459623475,0.5755395457282453,0.818576013201768
lgb_xg,1x2,N1,2025/26,287,0.1957609948717612,0.9775534260782729,0.5819496775851406,0.8792874681734051
lgb_xg,1x2,N1,2026/27,63,0.18525041452110144,0.9454873456863903,0.5670540116202887,0.8884782970563181
lgb_xg,1x2,P1,2016/17,305,0.19347218366042418,0.9700370842693543,0.5779928803998813,0.9347969693547824
lgb_xg,1x2,P1,2017/18,299,0.18459206043185708,0.8953866984013626,0.5247740006295385,1.4032218296760883
lgb_xg,1x2,P1,2018/19,298,0.18654633667086876,0.905928559621951,0.531169881837852,1.148817051508824
lgb_xg,1x2,P1,2019/20,305,0.2021800649539557,0.9940580771229667,0.5909152354396411,0.7675777687634949
lgb_xg,1x2,P1,2020/21,305,0.19006488597049334,0.9556960020669564,0.5664271498039776,1.1033786872467515
lgb_xg,1x2,P1,2021/22,306,0.17794363769445704,0.9298085297459737,0.549520232391797,1.1399007574941948
lgb_xg,1x2,P1,2022/23,306,0.18101200549776317,0.8677025089142707,0.5047357470134968,1.2524423638413913
lgb_xg,1x2,P1,2023/24,305,0.17988604093836771,0.9137646011106797,0.5380232225327681,0.9213648598815177
lgb_xg,1x2,P1,2024/25,306,0.1853477032846211,0.9355359113189715,0.5557532816438736,0.8937532045563158
lgb_xg,1x2,P1,2025/26,282,0.1726582247562025,0.9082831415118144,0.5379963735692542,1.0144760118997758
lgb_xg,1x2,P1,2026/27,60,0.19009066945244912,0.9825821917683712,0.5924862533158978,0.7735138297367291
lgb_xg,1x2,SC0,2016/17,226,0.18932769955376055,0.9511555668753561,0.5647088985341652,1.185173457474154
lgb_xg,1x2,SC0,2017/18,224,0.20499214212735412,1.0059182225349521,0.6000118468605312,0.7963292594083566
lgb_xg,1x2,SC0,2018/19,227,0.19289390874277695,0.9311348958628821,0.5502827105934678,1.0810490788683456
lgb_xg,1x2,SC0,2019/20,179,0.18306831780644683,0.932111803130687,0.5504327762614601,0.959045206520613
lgb_xg,1x2,SC0,2020/21,218,0.1924702335834721,0.9676225419783763,0.5746825044218455,0.933776702802217
lgb_xg,1x2,SC0,2021/22,228,0.19078037370732268,0.9749356784741402,0.5814948324745243,0.9105011221863587
lgb_xg,1x2,SC0,2022/23,228,0.18133967356128766,0.8674738251944136,0.506045297059581,1.3106057180458646
lgb_xg,1x2,SC0,2023/24,228,0.18582800795442808,0.9627143197812189,0.5625628785425119,0.785776727664573
lgb_xg,1x2,SC0,2024/25,228,0.20348159541055721,0.9633947098737332,0.570436633456739,0.8832976136654914
lgb_xg,1x2,SC0,2025/26,216,0.19065271106218037,0.9736795037245787,0.5802919679809401,0.8728144294202729
lgb_xg,1x2,SC0,2026/27,42,0.21201855846489734,0.98742132590612,0.5850305813635941,0.9066248018607899
lgb_xg,1x2,SP1,2016/17,380,0.18473548895704833,0.9257593248038506,0.5467567342329208,1.1290884782882051
lgb_xg,1x2,SP1,2017/18,379,0.20038044234166114,0.97338419627543,0.5799518985986338,0.9030398917190686
lgb_xg,1x2,SP1,2018/19,380,0.20237649503279273,1.0167594518525371,0.6073574522354097,0.8679072818255198
lgb_xg,1x2,SP1,2019/20,378,0.20041878330443233,0.9968102064403848,0.5979271057227615,0.9309358166241023
lgb_xg,1x2,SP1,2020/21,380,0.19468507144146208,0.9930697611759723,0.5913391377543558,0.9915900290574702
lgb_xg,1x2,SP1,2021/22,379,0.1966122096577072,1.0033517865033907,0.5996485335434435,0.942205188200981
lgb_xg,1x2,SP1,2022/23,380,0.20435479467150844,0.984208051789115,0.5869328546586952,0.9692965114745662
lgb_xg,1x2,SP1,2023/24,380,0.18549899553210294,0.9603093071876176,0.5721415255797179,1.0355694707379712
lgb_xg,1x2,SP1,2024/25,380,0.19157229832769218,0.9586955769590947,0.568541341892611,1.0577239057591532
lgb_xg,1x2,SP1,2025/26,349,0.20143842860104708,0.9844776152711378,0.58425968614215,0.9458100857491849
lgb_xg,1x2,SP1,2026/27,69,0.18806098486622072,0.9332175797714929,0.5500691829006628,1.359012441379604
lgb_xg,1x2,SP2,2016/17,455,0.20833883097390354,1.0495381877624987,0.6336270964617795,1.1165866148360397
lgb_xg,1x2,SP2,2017/18,452,0.2091697404497526,1.0335678705538782,0.6210707107806668,1.2134135123969136
lgb_xg,1x2,SP2,2018/19,441,0.20352096847430018,1.0388280558016794,0.6270148093171259,1.0567858788994748
lgb_xg,1x2,SP2,2019/20,460,0.21659556986793324,1.0893810076739705,0.6591906570200978,0.5802208815633043
lgb_xg,1x2,SP2,2020/21,459,0.21765124348565312,1.062255189704859,0.6410715263264264,1.0092109839381056
lgb_xg,1x2,SP2,2021/22,461,0.21281613752616957,1.0495909374736647,0.6322314457769627,1.3222077110972843
lgb_xg,1x2,SP2,2022/23,462,0.20253633643830737,1.043074187918025,0.6291649561337431,1.029861542915433
lgb_xg,1x2,SP2,2023/24,460,0.21472745083614062,1.0587523777921288,0.6404349900337761,0.774873198902131
lgb_xg,1x2,SP2,2024/25,462,0.20689340037385476,1.023878503535391,0.6150620277918679,1.2121483728534737
lgb_xg,1x2,SP2,2025/26,424,0.2223960556783317,1.0519844009670485,0.6320675059836431,0.9619252396669464
lgb_xg,1x2,SP2,2026/27,82,0.2201018982195468,1.0437227641872664,0.6287666585223153,1.0164997637053281
lgb_xg,1x2,T1,2016/17,301,0.2107455863113575,0.9975536200982339,0.5952825769126594,0.9244769083365396
lgb_xg,1x2,T1,2017/18,295,0.20023600625949106,0.9698646765233437,0.5780502876714835,1.3906272790594294
lgb_xg,1x2,T1,2018/19,306,0.2088149578411733,1.0384994168085664,0.62267634332692,0.7572638685557022
lgb_xg,1x2,T1,2019/20,302,0.20897514537510936,1.0211589858561119,0.6106578724606447,0.8347896785652154
lgb_xg,1x2,T1,2020/21,420,0.21035462644443456,1.03314857446066,0.6199579281269452,0.8889366331128324
lgb_xg,1x2,T1,2021/22,379,0.2108341800930759,1.0118935933301498,0.6058696685343077,1.2147966423269205
lgb_xg,1x2,T1,2022/23,313,0.20503559849889055,0.9852168751908489,0.5858419662504215,1.0950663971599637
lgb_xg,1x2,T1,2023/24,379,0.1898947473408663,0.9560611550307684,0.5675598378213639,0.9915650541415535
lgb_xg,1x2,T1,2024/25,340,0.18854597022705047,0.9349161433054666,0.5529815892811566,1.1714873394505396
lgb_xg,1x2,T1,2025/26,287,0.19001387129194255,0.9791001963130094,0.5876771467748454,0.8886614214940867
lgb_xg,1x2,T1,2026/27,53,0.24088751931779195,1.0737761092403784,0.6498041096177392,0.5990628694338033
cb_goals,1x2,B1,2016/17,231,0.20043596303220296,0.9838224855748466,0.585237834858507,1.161335193668874
cb_goals,1x2,B1,2017/18,238,0.2142801600889197,1.0401614125836802,0.6273102288875033,0.7769113793733554
cb_goals,1x2,B1,2018/19,239,0.21100253248332607,1.0167714449154037,0.6074934156277861,0.9462599132546091
cb_goals,1x2,B1,2019/20,232,0.19694603556488433,0.9476803212966881,0.561054660723317,1.2629280087064543
cb_goals,1x2,B1,2020/21,305,0.2326056224977343,1.0671279772429272,0.6444833058035808,0.6628475661366419
cb_goals,1x2,B1,2021/22,305,0.20758611138501573,0.9924112756257352,0.590203751943846,1.1914992426909525
cb_goals,1x2,B1,2022/23,304,0.20648468169659587,0.981529828906513,0.5815584662267131,0.9767628116011382
cb_goals,1x2,B1,2023/24,312,0.19893117146306588,0.9869967710232483,0.5883276918025998,1.0419346569059247
cb_goals,1x2,B1,2024/25,311,0.19840095822104406,1.0062996206208517,0.6005279407841578,0.9694478697853443
cb_goals,1x2,B1,2025/26,283,0.21710014892326215,1.0447155631311205,0.6293772129481292,0.7817141444006298
cb_goals,1x2,B1,2026/27,61,0.1835291186533872,0.8881316669720399,0.5199706073807362,1.9285602173418774
cb_goals,1x2,D1,2016/17,306,0.20766555285143706,1.003681256209913,0.6018540047103544,0.9296972167320565
cb_goals,1x2,D1,2017/18,306,0.21095471555202755,1.0302322222447409,0.6191182515071708,0.753948743780951
cb_goals,1x2,D1,2018/19,305,0.20177773344952926,0.9826091343415253,0.5848952632163155,1.0407733229917167
cb_goals,1x2,D1,2019/20,306,0.21175445392316594,1.002614554840938,0.5968175263772527,0.8718872954605993
cb_goals,1x2,D1,2020/21,306,0.2037476335283452,1.0068838071472666,0.6013244724956965,0.8635762292523511
cb_goals,1x2,D1,2021/22,306,0.21015290849039855,1.0060288502691936,0.6001113574278858,0.9623784520424467
cb_goals,1x2,D1,2022/23,306,0.20662509927600653,1.0005661256402385,0.5988135851850297,0.8988089031787548
cb_goals,1x2,D1,2023/24,306,0.1907544294662582,0.9620047225566635,0.5723104246712061,1.0448105116096809
cb_goals,1x2,D1,2024/25,306,0.21234394184737077,1.0233968671779297,0.6144463379277458,0.8153839624902955
cb_goals,1x2,D1,2025/26,288,0.19336811446033922,0.954076315585945,0.5641571591735275,1.150056724501714
cb_goals,1x2,D1,2026/27,36,0.20862921858732672,0.9771531534154086,0.5784808133966937,1.0177040250005311
cb_goals,1x2,D2,2016/17,305,0.2181411538936798,1.06239592575543,0.641605238712604,0.9080853968894014
cb_goals,1x2,D2,2017/18,306,0.23324673956237044,1.11228709696027,0.6762269520534235,0.36797608145928284
cb_goals,1x2,D2,2018/19,306,0.22352245561625833,1.0797604929065654,0.6514587809355948,0.6746311530569039
cb_goals,1x2,D2,2019/20,305,0.21742782032023705,1.0802948775338395,0.6544672257036958,0.6743989835463733
cb_goals,1x2,D2,2020/21,302,0.2247625828709172,1.0463439176854497,0.6299445017552534,1.0785792206679399
cb_goals,1x2,D2,2021/22,305,0.22061541396129303,1.0674746973334621,0.6449456033524498,0.8401100098226624
cb_goals,1x2,D2,2022/23,306,0.21858714874634527,1.0300986145001885,0.6176613632416275,1.0351891706475207
cb_goals,1x2,D2,2023/24,306,0.2186324023229062,1.02732252862124,0.6152871304040923,0.9913421349821999
cb_goals,1x2,D2,2024/25,306,0.22508033172836095,1.077010308273577,0.6518918597582557,0.6604263803105213
cb_goals,1x2,D2,2025/26,285,0.22465680413999145,1.0506032743278164,0.6329684574015915,0.9789629178360196
cb_goals,1x2,D2,2026/27,54,0.2250915389324631,1.0800265319807256,0.6524430230028833,0.6959054611420165
cb_goals,1x2,E0,2016/17,380,0.19283194502625045,0.9424791751449371,0.5567811152115266,1.2609605665926753
cb_goals,1x2,E0,2017/18,380,0.19053660534667294,0.963545293176281,0.5733065387832431,0.8829677886991308
cb_goals,1x2,E0,2018/19,380,0.19006498653199358,0.9057295776726009,0.5298264847375307,1.28187010710365
cb_goals,1x2,E0,2019/20,380,0.19786206157418612,0.9662441167977961,0.5740886752943218,1.026930526313858
cb_goals,1x2,E0,2020/21,380,0.21876428136915235,1.0255548548568933,0.6101825121627796,0.8398205840088344
cb_goals,1x2,E0,2021/22,380,0.19619859002624257,0.960437087727148,0.5686420717488385,1.1106082252083787
cb_goals,1x2,E0,2022/23,380,0.2034094333243587,0.9789200430160201,0.5832640278193805,0.9600107337126704
cb_goals,1x2,E0,2023/24,380,0.1913549485914264,0.9349441511234838,0.5510121913532919,1.15660978494536
cb_goals,1x2,E0,2024/25,380,0.2061493176683607,0.9982724248634707,0.5963194980543247,0.9232175811890541
cb_goals,1x2,E0,2025/26,358,0.21113631922501833,1.0384468679022014,0.6242343815545539,0.7838163675881621
cb_goals,1x2,E0,2026/27,50,0.19688572409703425,1.0089555974413775,0.6076834980758151,0.995997530048828
cb_goals,1x2,E1,2016/17,552,0.22086305309642892,1.0387508266440475,0.6236098167759409,1.0832391589367183
cb_goals,1x2,E1,2017/18,552,0.21874984802598985,1.057685639840411,0.6374648997148318,0.761673606277398
cb_goals,1x2,E1,2018/19,551,0.21078273503530026,1.0443390757459565,0.6296712286713849,0.9748106725582885
cb_goals,1x2,E1,2019/20,551,0.22314686681452248,1.0632778355470291,0.6416357442476138,0.8386249377377439
cb_goals,1x2,E1,2020/21,549,0.22308578679322877,1.0568422967411784,0.6372054679456166,0.9377894325690089
cb_goals,1x2,E1,2021/22,552,0.22303572074226038,1.0538025385325132,0.6345527629037377,0.9476725315393477
cb_goals,1x2,E1,2022/23,552,0.22107525621273594,1.0610717658069628,0.6405806459533255,0.8371121349783744
cb_goals,1x2,E1,2023/24,552,0.2245989023100928,1.044921068881714,0.627405635908085,0.92213914933706
cb_goals,1x2,E1,2024/25,552,0.20845457938484077,1.0303783368972037,0.621059472238938,1.0271707683109226
cb_goals,1x2,E1,2025/26,516,0.22285997930299892,1.0638593802252192,0.6428659179793667,0.8832239606837896
cb_goals,1x2,E1,2026/27,90,0.22169500506477313,1.0746994629069833,0.6503766696734306,0.7650204611369305
cb_goals,1x2,E2,2016/17,552,0.2147663103473476,1.0458495596754926,0.6307823737512944,1.0151314231983637
cb_goals,1x2,E2,2017/18,552,0.2217411337945688,1.0634782134926453,0.6422945359332324,0.7291226434230509
cb_goals,1x2,E2,2018/19,552,0.21914450422164924,1.0500659518300528,0.6347223760835077,0.9442430968320579
cb_goals,1x2,E2,2019/20,390,0.21051407294380314,1.0284976690329108,0.6179332561044153,1.1847528225522275
cb_goals,1x2,E2,2020/21,546,0.22980286035706918,1.0681350743117026,0.6452610004121108,0.7535200028954394
cb_goals,1x2,E2,2021/22,552,0.21127256539961667,1.0247187304650156,0.6137969602534947,1.3185965939453406
cb_goals,1x2,E2,2022/23,552,0.21045342603019818,1.0183546819384415,0.610763857419494,1.0042486792646144
cb_goals,1x2,E2,2023/24,552,0.21759718907051345,1.0346929050857687,0.6212639826303276,0.9842394345194639
cb_goals,1x2,E2,2024/25,552,0.21717333229402924,1.0305329609645986,0.6195263342095322,1.0838711105549566
cb_goals,1x2,E2,2025/26,519,0.2207480451277613,1.0482861031530346,0.6302320767809418,1.0658016645799813
cb_goals,1x2,E2,2026/27,90,0.23114798053602964,1.1472278343016689,0.6989339899073435,-0.04146181095435137
cb_goals,1x2,E3,2016/17,551,0.225866978997055,1.0657469783685976,0.6430125183106538,0.8512350226575233
cb_goals,1x2,E3,2017/18,551,0.22300142492294012,1.0596608919564485,0.6383918316335349,0.7874123722713163
cb_goals,1x2,E3,2018/19,549,0.22471706626585616,1.0681701948260627,0.6453229758493774,0.7909973349820003
cb_goals,1x2,E3,2019/20,426,0.22021437808714053,1.072753848654777,0.6478725957262229,0.8215836609192104
cb_goals,1x2,E3,2020/21,552,0.23143043299794488,1.0932065605554624,0.6630257170678825,0.5859591451243076
cb_goals,1x2,E3,2021/22,552,0.21608913278555156,1.046816825400047,0.6297600644853412,1.2346879941152757
cb_goals,1x2,E3,2022/23,551,0.22032093789089047,1.0695941728066265,0.6473017726883901,0.8280211687784187
cb_goals,1x2,E3,2023/24,552,0.2274568112197775,1.0570129901367429,0.6377678000798985,0.8914509825611758
cb_goals,1x2,E3,2024/25,550,0.22422015718202343,1.0795713379391592,0.6529928233268403,0.7198636565331654
cb_goals,1x2,E3,2025/26,525,0.22196827634316102,1.0478476978154652,0.6316872894268616,1.0266183481141178
cb_goals,1x2,E3,2026/27,99,0.20685360813314033,1.0637035879088252,0.6441988656660791,0.8986212203133135
cb_goals,1x2,F1,2016/17,378,0.1966843152898026,0.9701956060679247,0.5760155725613203,1.116835217138668
cb_goals,1x2,F1,2017/18,377,0.19537864193220317,0.9691697909506791,0.5759874855506064,0.9282328220073396
cb_goals,1x2,F1,2018/19,379,0.21045516667544123,1.0345489962431895,0.6223772022419134,0.8381058890452752
cb_goals,1x2,F1,2019/20,279,0.2070057258390963,1.0074627463410435,0.6040260718321298,0.9786503116339359
cb_goals,1x2,F1,2020/21,378,0.21540415788687273,1.0285034202589203,0.6152561099232642,0.8318522182007037
cb_goals,1x2,F1,2021/22,380,0.20880632347047656,1.0238483115425452,0.613362613640372,0.9358359475861086
cb_goals,1x2,F1,2022/23,380,0.19968816606466436,0.9768767524572112,0.5795203176308167,0.9919933339628988
cb_goals,1x2,F1,2023/24,306,0.21537322566301165,1.0424113341640056,0.6283607209269549,0.7886330793039847
cb_goals,1x2,F1,2024/25,306,0.20311340847791606,0.960575342657813,0.5688305176232785,1.1578783154149717
cb_goals,1x2,F1,2025/26,287,0.20822912733362114,0.9967455483410119,0.5939030894241348,0.949645176652979
cb_goals,1x2,F1,2026/27,45,0.209883082125966,1.044218426024775,0.6220689489148927,0.9396892478424218
cb_goals,1x2,F2,2016/17,376,0.2218576181966053,1.0817257263802944,0.6542834226242403,0.7122460467514482
cb_goals,1x2,F2,2017/18,379,0.2205781166803324,1.0291172434459461,0.616227760954126,0.9417883217890136
cb_goals,1x2,F2,2018/19,377,0.2171660481806339,1.0578901464946142,0.6392356291632085,0.803910350046256
cb_goals,1x2,F2,2019/20,277,0.22541214100928822,1.0908026567082219,0.6585512855215344,0.5891627407074778
cb_goals,1x2,F2,2020/21,379,0.20716722284949174,1.0559111532066936,0.6386690119323785,1.0306632464918664
cb_goals,1x2,F2,2021/22,380,0.21707215177879605,1.0549828207955207,0.6366097378525523,0.9867606381873546
cb_goals,1x2,F2,2022/23,375,0.21993743651038933,1.056458470668235,0.6371769341677118,0.9770175049739543
cb_goals,1x2,F2,2023/24,379,0.2254278383264032,1.0853250627181459,0.655652770633048,0.6367715888805104
cb_goals,1x2,F2,2024/25,306,0.2183293005149583,1.0320044944774298,0.6191396913211199,1.1041658502650538
cb_goals,1x2,F2,2025/26,281,0.21947025405849488,1.0749552049650708,0.6512169282947815,0.7385988129647085
cb_goals,1x2,F2,2026/27,61,0.21543054249316826,1.102893179724424,0.6752570129891848,0.4100887676462439
cb_goals,1x2,G1,2016/17,191,0.19047985011623034,0.9721083493513739,0.5789465133138106,1.1332874776271529
cb_goals,1x2,G1,2017/18,180,0.18658723086720647,0.9898837098556571,0.5955629408880335,0.8955969313088448
cb_goals,1x2,G1,2018/19,208,0.1755920252834739,0.8947783301666784,0.5235140525305181,1.44245289856858
cb_goals,1x2,G1,2019/20,220,0.17382278311803634,0.9116389315646377,0.5391890606333684,1.203079306276598
cb_goals,1x2,G1,2020/21,223,0.19227266630274015,0.9821793410019387,0.5856622183866824,0.9585085399723151
cb_goals,1x2,G1,2021/22,240,0.20135505088937009,0.9881402059723932,0.5871798159266637,1.0709125520494756
cb_goals,1x2,G1,2022/23,239,0.17553679710246978,0.9367588635853725,0.5576800363905625,1.166490361851595
cb_goals,1x2,G1,2023/24,240,0.17918758183556793,0.9146735247191107,0.5406448915700727,1.0502141728766419
cb_goals,1x2,G1,2024/25,233,0.2099820239618288,0.9992136230484214,0.5943570683645956,0.874484265395155
cb_goals,1x2,G1,2025/26,208,0.1818853813621537,0.9461585900979786,0.5628212317923994,1.0578417019243875
cb_goals,1x2,G1,2026/27,32,0.16965668001303186,0.8734388719798138,0.5060244929948294,1.259496387071704
cb_goals,1x2,I1,2016/17,377,0.18863661024967454,0.9184437637318155,0.541111019840531,1.2385929777998914
cb_goals,1x2,I1,2017/18,379,0.19046988080998334,0.9324255215332252,0.5494593292894743,0.99670250319556
cb_goals,1x2,I1,2018/19,380,0.18800024577072552,0.9695633659658223,0.5753298267667103,1.019481648019332
cb_goals,1x2,I1,2019/20,380,0.20482201840331077,0.9813272160660667,0.5818026443258026,0.9731935074157417
cb_goals,1x2,I1,2020/21,378,0.18756542046943436,0.9546230172985305,0.5630567436210532,1.0275145397413483
cb_goals,1x2,I1,2021/22,379,0.1985169320322895,0.9827065196144333,0.5853700715191205,0.9507811873306691
cb_goals,1x2,I1,2022/23,380,0.19925886376410104,0.989939332733916,0.5901911703261417,0.9289891857663082
cb_goals,1x2,I1,2023/24,380,0.18818026852507203,0.9776076500195643,0.5836620347525806,0.9705005291248585
cb_goals,1x2,I1,2024/25,380,0.19208660777543943,0.9811362884615936,0.587533311001633,1.0041686065713742
cb_goals,1x2,I1,2025/26,359,0.20535168924024097,1.0006522897446335,0.5961290207451012,0.9166161620443593
cb_goals,1x2,I1,2026/27,50,0.1851216974773493,0.8912107202480999,0.5189076639006708,1.6743655299554612
cb_goals,1x2,I2,2016/17,443,0.20518884551419486,1.0544692217880516,0.6387646893287425,0.9087689461607941
cb_goals,1x2,I2,2017/18,455,0.20963734085577457,1.0747781641374436,0.6504168488072186,0.666096485301874
cb_goals,1x2,I2,2018/19,323,0.20620941708551152,1.0511118430546085,0.6344220116441428,0.9621084302253857
cb_goals,1x2,I2,2019/20,371,0.2200248556418925,1.0588405604710847,0.6384536900756297,0.8052710131529414
cb_goals,1x2,I2,2020/21,372,0.21104111513111903,1.0742361364319901,0.6503022933362014,0.7856130634927715
cb_goals,1x2,I2,2021/22,380,0.21100110479985898,1.0528903307102224,0.6353354858321086,0.9414277118957459
cb_goals,1x2,I2,2022/23,377,0.21639897119825427,1.0753739663398745,0.6493713281944024,0.7871918944477017
cb_goals,1x2,I2,2023/24,379,0.2193838429469757,1.0852158708431348,0.6584973107027533,0.6210137158774676
cb_goals,1x2,I2,2024/25,380,0.21397410978015183,1.0784299270524018,0.6530178804645963,0.6959947245358747
cb_goals,1x2,I2,2025/26,342,0.1998970477002569,1.0246137969491367,0.6164020403329703,1.087253702647753
cb_goals,1x2,I2,2026/27,47,0.23484542818186052,1.107800489193341,0.6673166972304728,0.4329696911577824
cb_goals,1x2,N1,2016/17,303,0.19024090748369984,0.9484785271508709,0.5652092343687641,1.0312323010899769
cb_goals,1x2,N1,2017/18,290,0.19912904085480618,0.9806465036033842,0.5807220530846922,0.8327577927797121
cb_goals,1x2,N1,2018/19,302,0.1969467499540971,0.9362274485233691,0.5507543530614265,1.1285826741754248
cb_goals,1x2,N1,2019/20,232,0.1994788713541106,0.9539893524725273,0.561789480246053,0.960593681586531
cb_goals,1x2,N1,2020/21,306,0.19126485732997137,0.9658847784227255,0.5733018333780177,0.9340404142699547
cb_goals,1x2,N1,2021/22,306,0.20271154375713502,0.9585661215493224,0.5678378484832691,1.0128207383313892
cb_goals,1x2,N1,2022/23,306,0.18258973971846038,0.9211204944940236,0.5452718568275292,1.0676230947239946
cb_goals,1x2,N1,2023/24,306,0.1772736111415746,0.9135280670218389,0.5393397376236411,1.0524828332842873
cb_goals,1x2,N1,2024/25,306,0.1930028737605675,0.9628295686244781,0.5730334591884867,0.9232517707476707
cb_goals,1x2,N1,2025/26,287,0.19855803167607003,0.9847891265711771,0.5859138341132754,0.9202221454715838
cb_goals,1x2,N1,2026/27,63,0.18933924838616276,0.9641718642925313,0.5784026918027074,0.9569425190549851
cb_goals,1x2,P1,2016/17,305,0.19304942138946243,0.9684102328161335,0.576225592699575,0.9652382248949826
cb_goals,1x2,P1,2017/18,299,0.17897188525245677,0.8805189152290361,0.5146580340651826,1.1684846833039781
cb_goals,1x2,P1,2018/19,298,0.18810118798050954,0.9136702031496582,0.5357001286895132,1.2558443775987886
cb_goals,1x2,P1,2019/20,305,0.2027574221575608,0.9938972862724715,0.5921306262999966,0.8387971367840495
cb_goals,1x2,P1,2020/21,305,0.1921688122265251,0.9626979200558973,0.5706171711996043,1.095944864050908
cb_goals,1x2,P1,2021/22,306,0.181168111784992,0.9406701279471218,0.5559849718281311,1.1921064347419872
cb_goals,1x2,P1,2022/23,306,0.18249628863563191,0.877377378175889,0.5091499212419558,1.3402787327157821
cb_goals,1x2,P1,2023/24,305,0.1826877849696161,0.9231260965268885,0.5434290832657006,1.0758784310796854
cb_goals,1x2,P1,2024/25,306,0.18855950789930198,0.9471290758184344,0.5626551348216408,1.0212250014321924
cb_goals,1x2,P1,2025/26,282,0.17254783093668677,0.9093673055050991,0.5377710012131944,1.0618277548578035
cb_goals,1x2,P1,2026/27,60,0.18874532101903194,0.9765917669264377,0.5872366388174441,0.8131480485474221
cb_goals,1x2,SC0,2016/17,226,0.19383203676684593,0.9630543126825587,0.5730499467148839,1.1911606986043053
cb_goals,1x2,SC0,2017/18,224,0.20957205820864408,1.008890062115186,0.6064032237153351,0.7773353475494121
cb_goals,1x2,SC0,2018/19,227,0.19486423636795322,0.9389392056613364,0.5549833663549646,1.1374380777845001
cb_goals,1x2,SC0,2019/20,179,0.18606999381899844,0.9365897498571222,0.5560502598307987,0.9679026641792975
cb_goals,1x2,SC0,2020/21,218,0.19421715740190326,0.9669983251580573,0.5742225604314175,0.9865145601177906
cb_goals,1x2,SC0,2021/22,228,0.18789557689358136,0.9671135905871613,0.5748031361733086,1.017568110103764
cb_goals,1x2,SC0,2022/23,228,0.18386880779573261,0.879394903873393,0.513884032579471,1.3790498736414347
cb_goals,1x2,SC0,2023/24,228,0.1865129461016067,0.9518537224590531,0.561085315147314,0.9776259333313145
cb_goals,1x2,SC0,2024/25,228,0.2048974605857248,0.9681051654265834,0.5733438365474082,0.9667574757926786
cb_goals,1x2,SC0,2025/26,216,0.1909932217249056,0.9722959418078382,0.5799164004310557,0.9418858998374534
cb_goals,1x2,SC0,2026/27,42,0.22050350555864742,1.0034870732419567,0.5987602646092949,0.8361188075222344
cb_goals,1x2,SP1,2016/17,380,0.18558588843881077,0.9296030486875084,0.5486083804485731,1.1833535821598118
cb_goals,1x2,SP1,2017/18,379,0.2019112241533746,0.9765156018542546,0.5815601433945056,0.8639583378764449
cb_goals,1x2,SP1,2018/19,380,0.20411176610987233,1.0185166309526572,0.6095899029317718,0.9191502976567995
cb_goals,1x2,SP1,2019/20,378,0.20266440746779069,1.0045953134551548,0.6039556254321526,0.9153904917596745
cb_goals,1x2,SP1,2020/21,380,0.19634807395230988,0.9966011086066018,0.5936089779354677,0.9775988220535315
cb_goals,1x2,SP1,2021/22,379,0.19821716569720876,1.008778151473341,0.6035165529256408,0.9459517673300855
cb_goals,1x2,SP1,2022/23,380,0.20583846702124703,0.9908859765962895,0.5909636655444243,0.9669033131084735
cb_goals,1x2,SP1,2023/24,380,0.18554649432978548,0.9582965470794845,0.5701373007695673,1.1267443958542454
cb_goals,1x2,SP1,2024/25,380,0.19600098295297474,0.9735706060185686,0.578936422092412,1.0691288015149498
cb_goals,1x2,SP1,2025/26,349,0.19954649417859022,0.9798741686180804,0.5805789796623224,1.0005166230998777
cb_goals,1x2,SP1,2026/27,69,0.19614683136650748,0.9625918564140143,0.5708442156748367,1.16371764997148
cb_goals,1x2,SP2,2016/17,455,0.20824168180263095,1.0479760847006863,0.6329924280110326,1.064408536513269
cb_goals,1x2,SP2,2017/18,452,0.20736431840031105,1.025697800229428,0.6160120792574193,1.0439308821921396
cb_goals,1x2,SP2,2018/19,441,0.2051010053718025,1.043867729272466,0.6315629244624289,1.0031883183116885
cb_goals,1x2,SP2,2019/20,460,0.21809401075616494,1.0920220818646136,0.6615434588924151,0.5635554335769308
cb_goals,1x2,SP2,2020/21,459,0.2199669955764799,1.0683717637035501,0.6453054202021169,0.9200936724618278
cb_goals,1x2,SP2,2021/22,461,0.2135657055528279,1.0528299058763644,0.6345493613012998,1.1517602787158165
cb_goals,1x2,SP2,2022/23,462,0.2042600937995652,1.04648721788538,0.6314817068910894,1.029092892442704
cb_goals,1x2,SP2,2023/24,460,0.21434247941525808,1.058584159769278,0.6404921966599783,0.8890432168656038
cb_goals,1x2,SP2,2024/25,462,0.20920261250869276,1.0311542550453952,0.6192711261001537,1.1792406725954192
cb_goals,1x2,SP2,2025/26,424,0.223598749895532,1.0550406660744163,0.634546269760167,0.9263889465103151
cb_goals,1x2,SP2,2026/27,82,0.22237832785628908,1.049827077231568,0.6340658079901763,0.8992779842232895
cb_goals,1x2,T1,2016/17,301,0.21267850187165158,1.0018665610229298,0.5991203729824526,0.9155973322692308
cb_goals,1x2,T1,2017/18,295,0.19675091023442254,0.95536136329696,0.5698993099773383,1.0277266390371933
cb_goals,1x2,T1,2018/19,306,0.2067024846483391,1.0307304263686665,0.6178820960868141,0.8162938995042336
cb_goals,1x2,T1,2019/20,302,0.21034466083177203,1.025463265716251,0.6134339559010846,0.8034146992713918
cb_goals,1x2,T1,2020/21,420,0.21007215479328195,1.0312597869087243,0.6190549775312378,0.8831370220027827
cb_goals,1x2,T1,2021/22,379,0.21257283922701137,1.0204158424564806,0.6121220747476886,1.0811332068229724
cb_goals,1x2,T1,2022/23,313,0.20625870865313606,0.9890419119280227,0.58806940782462,1.110123882670589
cb_goals,1x2,T1,2023/24,379,0.19292031767762433,0.9651748516522519,0.5730254950206413,1.026811552082318
cb_goals,1x2,T1,2024/25,340,0.19094820175266575,0.9443521887078943,0.5582330074339107,1.1817820674879538
cb_goals,1x2,T1,2025/26,287,0.19124852311718296,0.9831556542189497,0.5891435273619419,0.9118793392096374
cb_goals,1x2,T1,2026/27,53,0.2453985354166947,1.0849392290097692,0.6582127547076593,0.5439601771973099
cb_xg,1x2,B1,2016/17,231,0.2002709476200952,0.9821686352919671,0.5845654196098001,1.2109365147452682
cb_xg,1x2,B1,2017/18,238,0.21623112501386957,1.0529326077356826,0.633935055960584,0.7732764869267336
cb_xg,1x2,B1,2018/19,239,0.20965726210701466,1.016918367851403,0.6061013832280875,0.9050328591606008
cb_xg,1x2,B1,2019/20,232,0.1950878955728132,0.9427340345093831,0.5567073069425047,1.2477769153716831
cb_xg,1x2,B1,2020/21,305,0.22935333722839626,1.054636802768251,0.6367814197322744,0.7177323782309176
cb_xg,1x2,B1,2021/22,305,0.20623111052958135,0.9911530694034408,0.5888887030193201,1.1928307355532748
cb_xg,1x2,B1,2022/23,304,0.20525372197444836,0.9793305290111112,0.5808221309045045,0.992956951673698
cb_xg,1x2,B1,2023/24,312,0.19775522776694454,0.9836741442321306,0.5855216509578444,0.9733547528042487
cb_xg,1x2,B1,2024/25,311,0.19496850654506354,0.9980979193864445,0.593963745205081,0.9648643819071189
cb_xg,1x2,B1,2025/26,283,0.21555071212252955,1.041346998997016,0.6274017088684104,0.7542626076635806
cb_xg,1x2,B1,2026/27,61,0.18206091385714657,0.8814880337448842,0.5150732353038188,1.842430944885113
cb_xg,1x2,D1,2016/17,306,0.20612924215847495,0.9983899549825587,0.5977684654771382,0.9410402307417319
cb_xg,1x2,D1,2017/18,306,0.20685272851708603,1.0170561672178513,0.6066082620516646,0.7991546416785069
cb_xg,1x2,D1,2018/19,305,0.20034845915376362,0.9825008092848431,0.5837673064641599,0.9916936123309013
cb_xg,1x2,D1,2019/20,306,0.20993018360177176,0.9946510147043242,0.5923110429968353,0.862334654733206
cb_xg,1x2,D1,2020/21,306,0.19928120516172762,0.994335752670273,0.5935654713783017,0.8753896912453089
cb_xg,1x2,D1,2021/22,306,0.21030967906675496,1.010368358772465,0.600581579847451,0.9017266754329045
cb_xg,1x2,D1,2022/23,306,0.20437090035399968,0.9912450686688595,0.5932455553215723,0.9620428626273323
cb_xg,1x2,D1,2023/24,306,0.19038601515545403,0.9594934730024166,0.5705369989755253,1.046698642466203
cb_xg,1x2,D1,2024/25,306,0.21033610151053067,1.0168443498641362,0.6099425838080429,0.8217590905021475
cb_xg,1x2,D1,2025/26,288,0.19198107125789762,0.9491421695694728,0.5613680708032847,1.226856326615434
cb_xg,1x2,D1,2026/27,36,0.21424594213845022,0.9992296306664608,0.5930109181724362,0.8858331383456514
cb_xg,1x2,D2,2016/17,305,0.2176796234736656,1.0614369467590765,0.6406238766955552,0.907793796251172
cb_xg,1x2,D2,2017/18,306,0.2304083741387494,1.1037229660863448,0.6703798837376758,0.4466565503276334
cb_xg,1x2,D2,2018/19,306,0.22255189933983238,1.0757729705153127,0.6490746799209607,0.7089159838366871
cb_xg,1x2,D2,2019/20,305,0.21676976143111318,1.077268355612178,0.6522166154434249,0.6905132210462724
cb_xg,1x2,D2,2020/21,302,0.22435412140067507,1.0468829155973642,0.6300008769912544,1.1238671477029272
cb_xg,1x2,D2,2021/22,305,0.21869192963163858,1.0655608746610312,0.6428488653261937,0.8878871341673363
cb_xg,1x2,D2,2022/23,306,0.21595390556774252,1.0221242035340146,0.6129725277330045,1.165902059182762
cb_xg,1x2,D2,2023/24,306,0.21592167324185857,1.019145290069718,0.609812959734525,1.0507268695169765
cb_xg,1x2,D2,2024/25,306,0.22220557760837628,1.0701899623231335,0.6467435913647089,0.7178054859890651
cb_xg,1x2,D2,2025/26,285,0.21998983143659753,1.0355457230497809,0.6225208655481885,1.1172543418346672
cb_xg,1x2,D2,2026/27,54,0.2285246283102698,1.0868781459586923,0.6592547584786418,0.6132252377861964
cb_xg,1x2,E0,2016/17,380,0.1897502861445388,0.9334896944705459,0.5508959500310382,1.179031610469465
cb_xg,1x2,E0,2017/18,380,0.18922449104796366,0.9580904738112062,0.5694421460855138,0.8265628832082401
cb_xg,1x2,E0,2018/19,380,0.18940036651435038,0.904329056966356,0.5289519935312001,1.2188680323126844
cb_xg,1x2,E0,2019/20,380,0.19613172748625846,0.9617957815684693,0.569555962761371,0.9758047888419934
cb_xg,1x2,E0,2020/21,380,0.21707649798700154,1.0210757955983902,0.6053264303283284,0.8120909086731485
cb_xg,1x2,E0,2021/22,380,0.19569844708807216,0.9586616052169616,0.5685734492821349,1.056733838668544
cb_xg,1x2,E0,2022/23,380,0.20252127958195737,0.9776052263867625,0.5810965341982602,0.9169283115290298
cb_xg,1x2,E0,2023/24,380,0.18922937969038658,0.9299697017913496,0.5468715839320991,1.1210099224109153
cb_xg,1x2,E0,2024/25,380,0.20226368577674797,0.9858208333399411,0.5890422647162861,0.8918216051291155
cb_xg,1x2,E0,2025/26,358,0.20920714595411888,1.0313977013787508,0.6213268428628311,0.7696439417495938
cb_xg,1x2,E0,2026/27,50,0.19771906064455189,1.0173946987797957,0.612521462400977,0.899933676713771
cb_xg,1x2,E1,2016/17,552,0.21824897038453622,1.029857420381868,0.6171939987384498,1.1120323953647615
cb_xg,1x2,E1,2017/18,552,0.21907056587745305,1.0566449688370718,0.6380777657717265,0.7644188925546186
cb_xg,1x2,E1,2018/19,551,0.21014389992834853,1.0421590966957233,0.6276767632714961,0.9442640255112438
cb_xg,1x2,E1,2019/20,551,0.22119559687290016,1.0574894041650915,0.6368272015607255,0.8491892120216372
cb_xg,1x2,E1,2020/21,549,0.22229161993145022,1.0548937498864264,0.636075701109239,0.9459692187375265
cb_xg,1x2,E1,2021/22,552,0.22353831654497314,1.0565704150318047,0.6360695405333833,0.8873473670094733
cb_xg,1x2,E1,2022/23,552,0.2198514856442726,1.0565295786307372,0.6378788179100603,0.8414512376953491
cb_xg,1x2,E1,2023/24,552,0.22116419272463306,1.0343998158630014,0.6200107832672538,0.9382825281495852
cb_xg,1x2,E1,2024/25,552,0.2063749873262438,1.0223800670032885,0.6157448979729334,1.037692855901538
cb_xg,1x2,E1,2025/26,516,0.22263828708905073,1.065664248615738,0.6439672658723037,0.8281233010203233
cb_xg,1x2,E1,2026/27,90,0.21729865887250233,1.0635305306964369,0.6420166068357729,0.8428999256562248
cb_xg,1x2,E2,2016/17,552,0.21369524714420124,1.04384890932355,0.6289059725347321,0.9966663585990374
cb_xg,1x2,E2,2017/18,552,0.221136814043332,1.0599320413026743,0.6405160297514494,0.7301570776261729
cb_xg,1x2,E2,2018/19,552,0.220593587902713,1.0568004284870114,0.6383874433531791,0.8186784841073305
cb_xg,1x2,E2,2019/20,390,0.20539431275853684,1.0154073290457306,0.6085352475396604,1.1895223146613143
cb_xg,1x2,E2,2020/21,546,0.22704791146932163,1.059283536647888,0.6394614896864004,0.8212843775735316
cb_xg,1x2,E2,2021/22,552,0.21017820475400156,1.021490333848777,0.6115366169321665,1.3615394889156058
cb_xg,1x2,E2,2022/23,552,0.21142801337696182,1.020416129382161,0.6125920381937261,0.9619057854459427
cb_xg,1x2,E2,2023/24,552,0.21648435758113707,1.0313827779850728,0.6187307563729376,0.9911858336586055
cb_xg,1x2,E2,2024/25,552,0.21712020488014894,1.0295460087327637,0.6192134871133889,1.0221865640817616
cb_xg,1x2,E2,2025/26,519,0.21800754110748197,1.040319411569841,0.6251063627979049,1.1408570172290484
cb_xg,1x2,E2,2026/27,90,0.2245319074322689,1.1174651083877847,0.6790536263980469,0.29753391792907763
cb_xg,1x2,E3,2016/17,551,0.22544662133400514,1.06429689519288,0.6420454812874474,0.8237530829093573
cb_xg,1x2,E3,2017/18,551,0.22043988425022018,1.0504525052191367,0.6324957835471813,0.8774314055741393
cb_xg,1x2,E3,2018/19,549,0.22583675149757512,1.074685260760157,0.6494247253531562,0.6975209261882587
cb_xg,1x2,E3,2019/20,426,0.2188353244032962,1.0684170940455002,0.64482544596272,0.8451969294714307
cb_xg,1x2,E3,2020/21,552,0.23028002873920764,1.092251625260651,0.662261001394426,0.6026521637492628
cb_xg,1x2,E3,2021/22,552,0.21815259864662048,1.0520281206247701,0.6340526730354664,1.2577676209638882
cb_xg,1x2,E3,2022/23,551,0.21895781804247694,1.0662943397300397,0.6453740574351629,0.8347707550747246
cb_xg,1x2,E3,2023/24,552,0.22665736994084318,1.0552044711817967,0.6368278596434372,0.8603418763004805
cb_xg,1x2,E3,2024/25,550,0.22001194588136455,1.0666806249063294,0.6443291903635542,0.8522199839449518
cb_xg,1x2,E3,2025/26,525,0.21862088144989208,1.0392879604667191,0.6252286070117175,1.091313148878423
cb_xg,1x2,E3,2026/27,99,0.21054337382019056,1.069790741515078,0.6502250287500552,0.7548396405548334
cb_xg,1x2,F1,2016/17,378,0.1958890476841945,0.9679793107397561,0.574181943482247,1.1666823295135993
cb_xg,1x2,F1,2017/18,377,0.19433091580998232,0.9666130907000554,0.5747941001060006,0.9316924636350697
cb_xg,1x2,F1,2018/19,379,0.20900491794851717,1.0313136384667623,0.6197957023619066,0.8327988907100874
cb_xg,1x2,F1,2019/20,279,0.20623407546858097,1.0053454662657584,0.602382288307666,0.9504255039769911
cb_xg,1x2,F1,2020/21,378,0.21226454815550672,1.021286893053513,0.6092193764301015,0.86755861849737
cb_xg,1x2,F1,2021/22,380,0.20888089382378078,1.0254387648913628,0.6144206034927925,0.9648024611566985
cb_xg,1x2,F1,2022/23,380,0.19897165093177435,0.9759483434380215,0.5790198832577105,1.0069634788838366
cb_xg,1x2,F1,2023/24,306,0.2140736864164514,1.0389311274547692,0.6259665292914002,0.802444064429982
cb_xg,1x2,F1,2024/25,306,0.20569817684419295,0.9691933224189363,0.5743738487118002,1.0588084169732153
cb_xg,1x2,F1,2025/26,287,0.20186120030475024,0.9750000808122862,0.5795145848344031,1.0241037395273125
cb_xg,1x2,F1,2026/27,45,0.21903892383762577,1.0703102855005864,0.6411206834922425,0.6709623207962176
cb_xg,1x2,F2,2016/17,376,0.22212655420265096,1.0824385512434669,0.6553594484191249,0.688102907361308
cb_xg,1x2,F2,2017/18,379,0.2174058210380334,1.017903259756753,0.6082733083408205,1.0800960219288218
cb_xg,1x2,F2,2018/19,377,0.2192053114610066,1.0667513675245635,0.6452681219111005,0.7160757319358493
cb_xg,1x2,F2,2019/20,277,0.22241792225593335,1.0815637596746819,0.6523832982355781,0.6850456121356493
cb_xg,1x2,F2,2020/21,379,0.20562955350826453,1.0532045552050762,0.6365741705873431,0.9792941659225578
cb_xg,1x2,F2,2021/22,380,0.21432315522850354,1.0479785201023295,0.6314031583484152,1.1267806600590264
cb_xg,1x2,F2,2022/23,375,0.21626870716421734,1.0458972063892638,0.62931729759724,1.0560763029762434
cb_xg,1x2,F2,2023/24,379,0.22302079843479586,1.079043659985827,0.6515325525551174,0.7007187393840768
cb_xg,1x2,F2,2024/25,306,0.21510634467078413,1.0226960038680832,0.6122422939261449,1.12247788580431
cb_xg,1x2,F2,2025/26,281,0.21926741561170465,1.0757743519283094,0.6503047598162617,0.711857523519331
cb_xg,1x2,F2,2026/27,61,0.21146688926300927,1.0905430304574737,0.6660283251848402,0.5410980588088709
cb_xg,1x2,G1,2016/17,191,0.1905448457422865,0.972034823802103,0.5780367539860994,1.2092171812220465
cb_xg,1x2,G1,2017/18,180,0.1837088708651593,0.9944781470928998,0.5960476631949531,0.9561096339296704
cb_xg,1x2,G1,2018/19,208,0.1746228586792292,0.8932234704763071,0.5227286194486782,1.353926666062422
cb_xg,1x2,G1,2019/20,220,0.172887967944309,0.9084052223083691,0.5364070987658444,1.2884877348348591
cb_xg,1x2,G1,2020/21,223,0.19308037417401935,0.9819665780787846,0.5856507216534872,0.956856294876037
cb_xg,1x2,G1,2021/22,240,0.20208039852783538,0.9926216646520535,0.5911528579226052,1.021094345785065
cb_xg,1x2,G1,2022/23,239,0.17329586988956333,0.9282576719718418,0.552646399253708,1.1238041585523366
cb_xg,1x2,G1,2023/24,240,0.17719048328291626,0.9091665375853263,0.5369679396895957,1.016929452510662
cb_xg,1x2,G1,2024/25,233,0.20792209879030005,0.9960510822687638,0.5907677177528735,0.7905913772494638
cb_xg,1x2,G1,2025/26,208,0.17883564192555015,0.9330483243539388,0.5538602150589252,1.0243776581439337
cb_xg,1x2,G1,2026/27,32,0.17129687318223863,0.8886119730941411,0.5085927124997669,1.2166000191701583
cb_xg,1x2,I1,2016/17,377,0.18870334157552524,0.9190092942311535,0.5412519731169843,1.2289697629291558
cb_xg,1x2,I1,2017/18,379,0.1870183089115026,0.9147087633181006,0.5395691889186114,0.9953275101567602
cb_xg,1x2,I1,2018/19,380,0.18784832432853998,0.9678367174237594,0.5744796190151013,0.9315563658351589
cb_xg,1x2,I1,2019/20,380,0.20471583610582933,0.9814837051416185,0.5816980670335627,0.9717314349825145
cb_xg,1x2,I1,2020/21,378,0.18568970445387412,0.9503408400556504,0.5598948224651873,1.0328163462632873
cb_xg,1x2,I1,2021/22,379,0.19671911010174323,0.9796818504393197,0.5826652447888238,0.896035580777532
cb_xg,1x2,I1,2022/23,380,0.19960929301714736,0.9926148522715746,0.5922919797960028,0.8714494810431
cb_xg,1x2,I1,2023/24,380,0.18810526558301105,0.9762870315002932,0.5829543843680098,0.9713782708100817
cb_xg,1x2,I1,2024/25,380,0.18784462955746448,0.9649058232408558,0.5776329908860973,1.0124778802442098
cb_xg,1x2,I1,2025/26,359,0.20178051707779626,0.9892146577511344,0.5873377288447875,0.9060617912801858
cb_xg,1x2,I1,2026/27,50,0.18785113870586506,0.9017211064729659,0.5278464982662829,1.4623623647833937
cb_xg,1x2,I2,2016/17,443,0.20545785848471862,1.0559247501804485,0.6394929718892004,0.8770391372694895
cb_xg,1x2,I2,2017/18,455,0.20859942935079692,1.0741088454091026,0.6497702006847701,0.7045184783208028
cb_xg,1x2,I2,2018/19,323,0.20508902435097617,1.0483132203418504,0.6318362340670196,0.9258949368952027
cb_xg,1x2,I2,2019/20,371,0.2186091828097824,1.0541505300535947,0.6354622230123194,0.8458261283772663
cb_xg,1x2,I2,2020/21,372,0.2099757261282808,1.0709694407977353,0.6476448991839666,0.7863977294068654
cb_xg,1x2,I2,2021/22,380,0.20885923291041694,1.0457864843485145,0.6310633043296756,1.1061897807098693
cb_xg,1x2,I2,2022/23,377,0.2148912937633948,1.0711263278057557,0.6463128583312566,0.8035298070594012
cb_xg,1x2,I2,2023/24,379,0.21843990017423198,1.08297552388056,0.6561649636089437,0.6468406606712948
cb_xg,1x2,I2,2024/25,380,0.2123156782008005,1.074230139110052,0.6503481515396252,0.7478788264663853
cb_xg,1x2,I2,2025/26,342,0.2001137918063347,1.0221098675547255,0.6144860603046004,1.1324262115740258
cb_xg,1x2,I2,2026/27,47,0.23421211079882565,1.1127832346229793,0.6701051404845547,0.3845142889654677
cb_xg,1x2,N1,2016/17,303,0.19060179581674375,0.9512152249899671,0.5663854889720623,1.0675356997475989
cb_xg,1x2,N1,2017/18,290,0.20104460358436999,0.9864826997060163,0.5862800821941029,0.808201342979957
cb_xg,1x2,N1,2018/19,302,0.19546590549359977,0.9283097714118441,0.546381551442062,1.0377032783424789
cb_xg,1x2,N1,2019/20,232,0.19855500824391586,0.9513213580877614,0.5601249340795107,0.9294767768603902
cb_xg,1x2,N1,2020/21,306,0.1877437611044374,0.9534170576050868,0.5649426872271204,0.9293272798083604
cb_xg,1x2,N1,2021/22,306,0.20221628730263555,0.9581259526318061,0.5669483899101572,0.9099346487687909
cb_xg,1x2,N1,2022/23,306,0.18185578441715536,0.9189088148844454,0.5450715842636212,0.9990976168772443
cb_xg,1x2,N1,2023/24,306,0.17797980032101993,0.9162018201910918,0.5415861864998638,1.008352329643204
cb_xg,1x2,N1,2024/25,306,0.19162578349438028,0.9600405744515245,0.5716518342553042,0.8402790704242044
cb_xg,1x2,N1,2025/26,287,0.19500406130461517,0.9758767224477138,0.5799518399435201,0.8808423114472381
cb_xg,1x2,N1,2026/27,63,0.18832107787373453,0.9537751449823083,0.5719037454227186,0.8617157870652964
cb_xg,1x2,P1,2016/17,305,0.193292496593857,0.9687624149682337,0.5767461026771874,1.0425405094039237
cb_xg,1x2,P1,2017/18,299,0.18092192567978194,0.888038122541398,0.518334744538453,1.2626729717509193
cb_xg,1x2,P1,2018/19,298,0.1871959496164338,0.9115765364938577,0.534009163177806,1.1774495514140928
cb_xg,1x2,P1,2019/20,305,0.20156946451938268,0.989657033972545,0.58931429652986,0.8567805143097433
cb_xg,1x2,P1,2020/21,305,0.19028272089183462,0.9575678167855666,0.5671827638739511,1.1098622068103863
cb_xg,1x2,P1,2021/22,306,0.17757345527115567,0.927780815937937,0.548618997605459,1.135182822975751
cb_xg,1x2,P1,2022/23,306,0.18020573907001888,0.8687691061180197,0.5042913579454521,1.3207595974464401
cb_xg,1x2,P1,2023/24,305,0.17992335697989928,0.9151112874083567,0.5381672787035992,1.0492299520394757
cb_xg,1x2,P1,2024/25,306,0.18563992222878534,0.9369479175680373,0.5567349947122118,0.9422950501751559
cb_xg,1x2,P1,2025/26,282,0.1728019279776957,0.9073984750955676,0.5377885304660556,1.0203204072407728
cb_xg,1x2,P1,2026/27,60,0.19235228130912246,0.9948430156587641,0.5990763515160702,0.7500432225432679
cb_xg,1x2,SC0,2016/17,226,0.19192640831609437,0.9599750889108224,0.570371442935044,1.17871898268845
cb_xg,1x2,SC0,2017/18,224,0.20438515394185858,0.9961991732443128,0.5980323954821508,0.7970826937657689
cb_xg,1x2,SC0,2018/19,227,0.1972148975556063,0.9436518173579292,0.5599720514892742,1.0005205280040406
cb_xg,1x2,SC0,2019/20,179,0.18154211338992723,0.9210666441184294,0.5450681028508126,1.0055188729270848
cb_xg,1x2,SC0,2020/21,218,0.1929082214559487,0.9678637382757833,0.5757210565413686,0.9113159507168728
cb_xg,1x2,SC0,2021/22,228,0.18833033295291182,0.9670582129203361,0.5757099673403695,0.8906948329388487
cb_xg,1x2,SC0,2022/23,228,0.18115154090309515,0.8701885696656816,0.5078126323975,1.3142994638939427
cb_xg,1x2,SC0,2023/24,228,0.18373493173945557,0.9444222601995397,0.5552909761279031,0.9499806748638072
cb_xg,1x2,SC0,2024/25,228,0.20285271621723802,0.9627086573996034,0.569262027887828,0.8822267982875329
cb_xg,1x2,SC0,2025/26,216,0.1905309766373477,0.9753536260633767,0.5809674626614699,0.8549254758351381
cb_xg,1x2,SC0,2026/27,42,0.21292396541150005,0.9851282823649399,0.5850013051150048,0.8920596918456418
cb_xg,1x2,SP1,2016/17,380,0.18567577902449528,0.9293410355948727,0.5483657918134006,1.2294218822907
cb_xg,1x2,SP1,2017/18,379,0.20159003851563573,0.977019666478952,0.5820526459944672,0.8860356398976493
cb_xg,1x2,SP1,2018/19,380,0.20382729249278692,1.0220764847980384,0.6101904816390491,0.8762871953831842
cb_xg,1x2,SP1,2019/20,378,0.2000898395354294,0.9981162256606604,0.5987301752935213,0.9526577008946352
cb_xg,1x2,SP1,2020/21,380,0.19475574575853252,0.9922954908773121,0.5901767013048149,0.9938597345218957
cb_xg,1x2,SP1,2021/22,379,0.19867161084540494,1.0103349543779465,0.6041520730104398,0.9092535576872062
cb_xg,1x2,SP1,2022/23,380,0.20293981747397777,0.9795185339814725,0.5835531185276925,0.9787405472595265
cb_xg,1x2,SP1,2023/24,380,0.18384985402103737,0.9530981056193369,0.5666514171366939,1.1936583009682447
cb_xg,1x2,SP1,2024/25,380,0.19340198694366587,0.966803419720923,0.5737872768649028,1.0459133428994718
cb_xg,1x2,SP1,2025/26,349,0.2011134796746775,0.9841401524742345,0.5840717040768003,0.9555862251593833
cb_xg,1x2,SP1,2026/27,69,0.19010166714714571,0.934460563070221,0.5524145643421883,1.3493617309866583
cb_xg,1x2,SP2,2016/17,455,0.2086933798436179,1.050037880335401,0.6340784097436921,1.067893425205372
cb_xg,1x2,SP2,2017/18,452,0.20787575482696868,1.027940187048903,0.6178803354064589,1.0867392341363826
cb_xg,1x2,SP2,2018/19,441,0.20396536259196568,1.0397388995740617,0.6287169574378504,0.9510702148923863
cb_xg,1x2,SP2,2019/20,460,0.21651459530394015,1.0896943595183533,0.6600294297738688,0.598371248687209
cb_xg,1x2,SP2,2020/21,459,0.21863492445919705,1.0691246628993616,0.6452801580767868,0.8762813507811775
cb_xg,1x2,SP2,2021/22,461,0.21151552129614215,1.0443713944354056,0.6285823546393232,1.313932030247522
cb_xg,1x2,SP2,2022/23,462,0.20292853387310855,1.043766848452749,0.6300509210799434,1.0055198020475518
cb_xg,1x2,SP2,2023/24,460,0.21429714367717875,1.0580630999497145,0.6398726343922331,0.901748671698136
cb_xg,1x2,SP2,2024/25,462,0.20740585127310734,1.0256879551947595,0.6161427689281551,1.1869120388583274
cb_xg,1x2,SP2,2025/26,424,0.2222427164300292,1.0511723439818472,0.631136127126455,0.9305357683446847
cb_xg,1x2,SP2,2026/27,82,0.222131905538229,1.0497623621308925,0.6326957507466462,0.8691303242665565
cb_xg,1x2,T1,2016/17,301,0.21135193195031915,1.0009040101990128,0.5978574221440404,0.9779059323256449
cb_xg,1x2,T1,2017/18,295,0.19964020586033757,0.9667245685959646,0.5751102525410204,1.1278316625910871
cb_xg,1x2,T1,2018/19,306,0.20976967447676514,1.0393249264907876,0.6223830013707357,0.7493552992975713
cb_xg,1x2,T1,2019/20,302,0.20822936940597817,1.0190205862290795,0.609027933335545,0.8531887770559664
cb_xg,1x2,T1,2020/21,420,0.21093393719593906,1.0342159287811625,0.6203199866591558,0.8427804950308356
cb_xg,1x2,T1,2021/22,379,0.21270943731506345,1.0203931229582086,0.6114736351784715,1.069145007089055
cb_xg,1x2,T1,2022/23,313,0.20461164637414025,0.9851204947132687,0.585268219586605,1.0689467684870608
cb_xg,1x2,T1,2023/24,379,0.19005783136257887,0.9565273258170922,0.5674574431447627,1.059049997924137
cb_xg,1x2,T1,2024/25,340,0.18937778207890885,0.9387052596020042,0.5550480569389928,1.1545811734989493
cb_xg,1x2,T1,2025/26,287,0.1913109577860743,0.9818091750396032,0.5898309969497366,0.8598199574673504
cb_xg,1x2,T1,2026/27,53,0.24139728916483377,1.0754339979433496,0.6503910770438804,0.586069350107509
lgbd_xg,1x2,B1,2016/17,231,0.19646641176357438,0.9688277687437039,0.5766018467515713,1.1484935544211825
lgbd_xg,1x2,B1,2017/18,238,0.21243296491609584,1.0371761214325275,0.6229343132381265,0.7488192282279397
lgbd_xg,1x2,B1,2018/19,239,0.2013560464570076,0.9894278062107661,0.5872877659740101,0.9068634743391047
lgbd_xg,1x2,B1,2019/20,232,0.1881581335449763,0.9210455683224513,0.542201282601663,1.2308800486677278
lgbd_xg,1x2,B1,2020/21,305,0.22640746240826734,1.0477802192217773,0.6311028623132094,0.7207621231420839
lgbd_xg,1x2,B1,2021/22,305,0.20071911099205808,0.9712966616127512,0.5752514655714683,0.9844334608774151
lgbd_xg,1x2,B1,2022/23,304,0.1998974124560109,0.9600800189406136,0.5684377688932937,1.1802862372368776
lgbd_xg,1x2,B1,2023/24,312,0.1966784596726028,0.9817634398685118,0.5840330609145561,1.0111317460346416
lgbd_xg,1x2,B1,2024/25,311,0.1950942471343366,0.9986106190114455,0.5947903370707176,0.9908767371556753
lgbd_xg,1x2,B1,2025/26,283,0.2213422386184652,1.1007115793569033,0.6372088432911912,0.5250862970663207
lgbd_xg,1x2,B1,2026/27,61,0.18523265776719358,0.8919055949955952,0.5190216217802357,1.777620107628709
lgbd_xg,1x2,D1,2016/17,306,0.2061045589798943,0.998162993716103,0.5991904525669022,0.8637547338598911
lgbd_xg,1x2,D1,2017/18,306,0.19987659092388235,0.9961808441608963,0.59575411021294,0.85257570592289
lgbd_xg,1x2,D1,2018/19,305,0.1954970954902779,0.9669754944661361,0.5729235321112046,0.9603345424124115
lgbd_xg,1x2,D1,2019/20,306,0.2047050391592918,0.9800377365589017,0.5829740101776663,0.8770883300595261
lgbd_xg,1x2,D1,2020/21,306,0.19752811613253263,0.985766799880699,0.5861032843110158,0.9134670303004728
lgbd_xg,1x2,D1,2021/22,306,0.2056500081438029,0.9927186121725383,0.5897522475051388,0.8372539277269702
lgbd_xg,1x2,D1,2022/23,306,0.20418932549782207,0.9955872967079005,0.5942010415717135,0.9319000600357611
lgbd_xg,1x2,D1,2023/24,306,0.18408699619239444,0.9432388826952395,0.5578370032494431,1.0521100966944466
lgbd_xg,1x2,D1,2024/25,306,0.20217734740276705,0.990696150042528,0.5916167222373461,0.875106045729265
lgbd_xg,1x2,D1,2025/26,288,0.18882294746929398,0.940234453350177,0.5543257940037254,1.3062478816270076
lgbd_xg,1x2,D1,2026/27,36,0.20362534516035247,0.9522904948314415,0.5632717462323871,1.185598204185467
lgbd_xg,1x2,D2,2016/17,305,0.2103420529704305,1.037816564924293,0.6237124205942348,1.3174946812292225
lgbd_xg,1x2,D2,2017/18,306,0.2259222854419007,1.0890070330056056,0.661149725938004,0.5731703565574522
lgbd_xg,1x2,D2,2018/19,306,0.2241065065366812,1.0806899178961187,0.6526067062620754,0.6490387643881536
lgbd_xg,1x2,D2,2019/20,305,0.21801942479756023,1.0792402059179549,0.6535195514426541,0.6680540153917599
lgbd_xg,1x2,D2,2020/21,302,0.22160036995883323,1.0388683997028916,0.6249081674265845,1.1241541788491745
lgbd_xg,1x2,D2,2021/22,305,0.2143879191466365,1.05208184715546,0.6352629673762179,0.787979333684898
lgbd_xg,1x2,D2,2022/23,306,0.21539017087827558,1.0223328312659319,0.6125475981600619,1.3015744318710143
lgbd_xg,1x2,D2,2023/24,306,0.2183869755320346,1.0238863400284794,0.6141788528422509,1.1252739977877637
lgbd_xg,1x2,D2,2024/25,306,0.21774342602778746,1.057539440111157,0.638102774015515,0.8097916799950031
lgbd_xg,1x2,D2,2025/26,285,0.21813509918315677,1.0315336325814457,0.6202076232628423,1.1728150729086475
lgbd_xg,1x2,D2,2026/27,54,0.22516526096769576,1.0738194084285386,0.654100168288397,0.6915204686625641
lgbd_xg,1x2,E0,2016/17,380,0.1806036049362556,0.90553160156385,0.5316014866096473,1.1832911968578887
lgbd_xg,1x2,E0,2017/18,380,0.18646791275708455,0.9478245726536201,0.5621354972194224,0.8486774654444773
lgbd_xg,1x2,E0,2018/19,380,0.18520513316201564,0.8901213830729411,0.5205854562112182,1.1628021874248091
lgbd_xg,1x2,E0,2019/20,380,0.197710943146009,0.9697658980804899,0.5728885733668406,0.8861333766328945
lgbd_xg,1x2,E0,2020/21,380,0.21425927680611756,1.0094824327887315,0.5992548671768746,0.8195720278559441
lgbd_xg,1x2,E0,2021/22,380,0.18849512866729773,0.9382898014033778,0.5552440688069794,0.9963817661096099
lgbd_xg,1x2,E0,2022/23,380,0.19936403547563525,0.9669967371060221,0.5744097600004557,0.9730514109939635
lgbd_xg,1x2,E0,2023/24,380,0.18313395949012629,0.9073989515381033,0.531942542554032,1.1217526177813688
lgbd_xg,1x2,E0,2024/25,380,0.19777033282259476,0.9716631144735068,0.5798720151678802,0.9094163085453948
lgbd_xg,1x2,E0,2025/26,358,0.2070896249824783,1.0239128052121143,0.6162041412970964,0.8025754823913036
lgbd_xg,1x2,E0,2026/27,50,0.20659707895693835,1.0486490755537552,0.6336286432755835,0.7011285601534138
lgbd_xg,1x2,E1,2016/17,552,0.21201954056898709,1.0117465883444174,0.6042911454932075,1.3034872965940858
lgbd_xg,1x2,E1,2017/18,552,0.2113976863590406,1.030356306141079,0.6208261520655823,0.9144259061003169
lgbd_xg,1x2,E1,2018/19,551,0.20480244279924212,1.024652185026507,0.6159681360192396,1.0857530461291667
lgbd_xg,1x2,E1,2019/20,551,0.21980488848746813,1.0548660845672326,0.6349061738632601,0.8291751570094158
lgbd_xg,1x2,E1,2020/21,549,0.21824713478457722,1.0404234398551646,0.6256441535349597,1.1247414160981732
lgbd_xg,1x2,E1,2021/22,552,0.21738401706549448,1.0363805800739625,0.6217828754479962,0.9412884566615506
lgbd_xg,1x2,E1,2022/23,552,0.220271089149174,1.0571759792803745,0.6384687055988288,0.8672164955954066
lgbd_xg,1x2,E1,2023/24,552,0.21469511611244738,1.0151937880399218,0.6072936149860253,0.9960731172282496
lgbd_xg,1x2,E1,2024/25,552,0.20756052907669725,1.026904857148792,0.6179335692161875,0.979078899554933
lgbd_xg,1x2,E1,2025/26,516,0.2178606345180885,1.0477718609481124,0.6329779812448809,0.8762536826921019
lgbd_xg,1x2,E1,2026/27,90,0.20790129485724126,1.0430553595017191,0.6272589282025298,0.9732137436406066
lgbd_xg,1x2,E2,2016/17,552,0.21013987308890014,1.0319031073742382,0.6205013637096016,1.1105837606024906
lgbd_xg,1x2,E2,2017/18,552,0.21964181523426113,1.0547313500586597,0.6376143008190681,0.7937626240627369
lgbd_xg,1x2,E2,2018/19,552,0.21487063986713623,1.0385687546598106,0.6256790124056375,1.07550274014691
lgbd_xg,1x2,E2,2019/20,390,0.20245181057681513,1.0057482885369158,0.6025492999697729,1.2027227123564401
lgbd_xg,1x2,E2,2020/21,546,0.221685129836695,1.0431851368787977,0.627705404329899,0.9736450050864367
lgbd_xg,1x2,E2,2021/22,552,0.20126894529177786,0.9960908374222666,0.5934028668685787,1.2039539238303376
lgbd_xg,1x2,E2,2022/23,552,0.20613791962449124,1.0047033257795237,0.6021513028275165,1.0847448541665772
lgbd_xg,1x2,E2,2023/24,552,0.21546895939708458,1.026697211737995,0.6158259856277949,1.0143788511256828
lgbd_xg,1x2,E2,2024/25,552,0.2119291846514341,1.0116380212340566,0.6068504739605106,1.034621004969427
lgbd_xg,1x2,E2,2025/26,519,0.21465463532562531,1.0386042060376803,0.620505493488249,1.0020008260044333
lgbd_xg,1x2,E2,2026/27,90,0.2263041242108823,1.122929720356965,0.6784104972786739,0.30197899999219757
lgbd_xg,1x2,E3,2016/17,551,0.22094283548069898,1.0506621294639227,0.6327513418064084,0.9603677072986602
lgbd_xg,1x2,E3,2017/18,551,0.2165957260729391,1.0377952592931727,0.6240238728484351,1.0498460778958987
lgbd_xg,1x2,E3,2018/19,549,0.21778465533732347,1.0456497249390089,0.62977228123971,1.0400349923740921
lgbd_xg,1x2,E3,2019/20,426,0.21467980899354522,1.0571639807563415,0.6367169944771227,1.042942429096902
lgbd_xg,1x2,E3,2020/21,552,0.22370529778575268,1.068891676263098,0.6460848640509613,0.8929485059410176
lgbd_xg,1x2,E3,2021/22,552,0.21558035420772312,1.0462530786942892,0.629769880272876,1.0851296719076335
lgbd_xg,1x2,E3,2022/23,551,0.21539367196660042,1.0554062345749686,0.6372412164037308,0.9264538828601006
lgbd_xg,1x2,E3,2023/24,552,0.22528804128166235,1.0493662831982482,0.6325798923675015,0.8617168104078289
lgbd_xg,1x2,E3,2024/25,550,0.21782066039279202,1.0614653597956067,0.6407271140870011,0.7939791104320554
lgbd_xg,1x2,E3,2025/26,525,0.21824826797967387,1.054020530312532,0.6295641133945923,0.8041676676157521
lgbd_xg,1x2,E3,2026/27,99,0.20969550651985386,1.0720135405659537,0.6510151776511973,0.705059049654159
lgbd_xg,1x2,F1,2016/17,378,0.19485906875062475,0.9643319498160509,0.5715418318525698,1.2273759093540324
lgbd_xg,1x2,F1,2017/18,377,0.1902047660589381,0.9506973663615614,0.5649866115694121,0.955220356427667
lgbd_xg,1x2,F1,2018/19,379,0.2004330222617752,1.002326150670177,0.60090362058609,0.9475971570475548
lgbd_xg,1x2,F1,2019/20,279,0.20254767477945376,0.9943799390868873,0.5931726734147124,1.0127289980697678
lgbd_xg,1x2,F1,2020/21,378,0.20524890508134205,0.9986230764663218,0.5938770581875313,0.9404882859130271
lgbd_xg,1x2,F1,2021/22,380,0.20375054188818936,1.0061637125585718,0.6017279162430558,0.8661092311942559
lgbd_xg,1x2,F1,2022/23,380,0.19795993140895604,0.9696199446138686,0.57553620163489,1.0282829765308659
lgbd_xg,1x2,F1,2023/24,306,0.20630899269571426,1.015035894599911,0.6103188333452992,0.9117223873818838
lgbd_xg,1x2,F1,2024/25,306,0.20292337527516943,0.9592247554603048,0.5670740554078535,1.0921032406231255
lgbd_xg,1x2,F1,2025/26,287,0.20046579934515296,0.9702124902520571,0.5770306811082068,1.0658811198593614
lgbd_xg,1x2,F1,2026/27,45,0.20218024610890034,1.01122215156786,0.603281621338753,0.9777113762225083
lgbd_xg,1x2,F2,2016/17,376,0.21309950485383183,1.055042494230838,0.6357992148780763,0.9751322164470032
lgbd_xg,1x2,F2,2017/18,379,0.2153578758952075,1.017262014420528,0.6071720696875434,1.0607802239024366
lgbd_xg,1x2,F2,2018/19,377,0.21812022038479542,1.061620288775027,0.6402670404074855,0.8388556181161375
lgbd_xg,1x2,F2,2019/20,277,0.21702549979035238,1.0667362529509812,0.640827578415431,0.8656329301998674
lgbd_xg,1x2,F2,2020/21,379,0.20010025243439886,1.030991766376093,0.6205136826770802,1.2684710868488056
lgbd_xg,1x2,F2,2021/22,380,0.20791086665884884,1.026575811486074,0.6170285453921125,1.2587805957594909
lgbd_xg,1x2,F2,2022/23,375,0.21325712542628852,1.0346903149298918,0.6206238421558556,1.248320433636217
lgbd_xg,1x2,F2,2023/24,379,0.22065067404178182,1.070368521263052,0.6457392204125134,0.7812641777990149
lgbd_xg,1x2,F2,2024/25,306,0.2137220411693963,1.0184298358153097,0.6080388676393571,1.141002098597189
lgbd_xg,1x2,F2,2025/26,281,0.2182312254395236,1.0760353959718993,0.6522310149950568,0.643739093170007
lgbd_xg,1x2,F2,2026/27,61,0.20615174102470882,1.0691272758960992,0.6502841476856245,0.761386061973725
lgbd_xg,1x2,G1,2016/17,191,0.1797929548953884,0.935458963131014,0.554737951576043,1.0046390080240424
lgbd_xg,1x2,G1,2017/18,180,0.1841156834072907,0.985264710002914,0.5928238510224026,0.7838060536661916
lgbd_xg,1x2,G1,2018/19,208,0.168215888234553,0.8652452908006774,0.5080481305441037,1.343766326551589
lgbd_xg,1x2,G1,2019/20,220,0.167613912761843,0.8868275230058185,0.525221418554924,1.1324289219302457
lgbd_xg,1x2,G1,2020/21,223,0.18779246585968845,0.9643294103930091,0.5768608862457705,0.982195394982289
lgbd_xg,1x2,G1,2021/22,240,0.20340160437905735,0.9925018414628519,0.5883745380627226,0.8794652677238922
lgbd_xg,1x2,G1,2022/23,239,0.16822402585471263,0.9072206611829211,0.5401434418719502,1.1053627388108394
lgbd_xg,1x2,G1,2023/24,240,0.17261345008416643,0.8976839302038814,0.5296255666486498,1.0302861919240556
lgbd_xg,1x2,G1,2024/25,233,0.20470010276984088,0.9833508395827208,0.5831350679747958,0.8077489290200405
lgbd_xg,1x2,G1,2025/26,208,0.18986381944340922,1.015844918678155,0.5865297784593948,0.6336113518860017
lgbd_xg,1x2,G1,2026/27,32,0.18719437443521048,0.9283001462212612,0.5477346607592473,0.9893619910201736
lgbd_xg,1x2,I1,2016/17,377,0.18158526390457355,0.8978179910133219,0.5257457543756218,1.232669540347451
lgbd_xg,1x2,I1,2017/18,379,0.1785718808214474,0.8931130718162057,0.5229211548906241,1.0285560306014714
lgbd_xg,1x2,I1,2018/19,380,0.1801178674412936,0.944403510448758,0.5583248422653739,1.0355395610662388
lgbd_xg,1x2,I1,2019/20,380,0.19802732627489675,0.963325189979241,0.5691087121456222,1.0082376220842124
lgbd_xg,1x2,I1,2020/21,378,0.1818807326584095,0.931637843095066,0.5493446462229333,1.138626676939942
lgbd_xg,1x2,I1,2021/22,379,0.19864492440055062,0.986900593563734,0.587819393287081,0.82682796156765
lgbd_xg,1x2,I1,2022/23,380,0.1964327701456872,0.9787516085992407,0.5839690316199175,1.0467608996759328
lgbd_xg,1x2,I1,2023/24,380,0.18463519743221088,0.9661149980867064,0.5757783251803331,1.1062856054801806
lgbd_xg,1x2,I1,2024/25,380,0.1832638568299718,0.9474177119957202,0.564606547314147,1.1402352199682058
lgbd_xg,1x2,I1,2025/26,359,0.19660221685333085,0.9743882154527403,0.5782799673133996,1.0156216166358705
lgbd_xg,1x2,I1,2026/27,50,0.19468354918014477,0.9354722911108818,0.5421816856266934,1.3280757007192234
lgbd_xg,1x2,I2,2016/17,443,0.2014874079240264,1.0395012293336525,0.6307620432824096,0.9632272268323566
lgbd_xg,1x2,I2,2017/18,455,0.20312805871919068,1.0501253891615925,0.6346519018711241,0.8217633004528869
lgbd_xg,1x2,I2,2018/19,323,0.20119852355559187,1.0334745687819145,0.6229093656361577,1.244346455568945
lgbd_xg,1x2,I2,2019/20,371,0.2192238803175217,1.0595006997376526,0.6382138722428325,0.928546395782433
lgbd_xg,1x2,I2,2020/21,372,0.20353526836880195,1.0473789525323243,0.6333510622682684,1.018539846157421
lgbd_xg,1x2,I2,2021/22,380,0.20500648182047096,1.0300539817747099,0.6202364662380279,1.1018788461267666
lgbd_xg,1x2,I2,2022/23,377,0.21290386535692002,1.0640360186103814,0.641196786831025,0.90366963072858
lgbd_xg,1x2,I2,2023/24,379,0.2102087272856722,1.055401990036951,0.6365004563871596,0.9557487440138628
lgbd_xg,1x2,I2,2024/25,380,0.20463754924895403,1.0486873834766945,0.6326389624580654,1.1295855264404102
lgbd_xg,1x2,I2,2025/26,342,0.19831700469926802,1.0212049174710673,0.6104255791934443,1.0843837156430367
lgbd_xg,1x2,I2,2026/27,47,0.23338578051620712,1.1176926297269232,0.6715956210015768,0.34964963738074456
lgbd_xg,1x2,N1,2016/17,303,0.18833265665266113,0.9415872034250763,0.5591301156445996,1.0243393997885204
lgbd_xg,1x2,N1,2017/18,290,0.1967275342097178,0.9722400270997323,0.5757859851257395,0.8354943108500794
lgbd_xg,1x2,N1,2018/19,302,0.19060352812271916,0.9127700973052872,0.5346909021437621,0.9787683064033743
lgbd_xg,1x2,N1,2019/20,232,0.18946371741440518,0.9232989382995463,0.5429243900941807,1.0157339153950138
lgbd_xg,1x2,N1,2020/21,306,0.1821667540233953,0.930261496110147,0.551444869843824,1.0120662000479665
lgbd_xg,1x2,N1,2021/22,306,0.19528992893147135,0.9341955242138803,0.5516427647203143,0.9544292264874329
lgbd_xg,1x2,N1,2022/23,306,0.1849756159544882,0.9281905756610103,0.5508298585332413,0.9906801123326608
lgbd_xg,1x2,N1,2023/24,306,0.17486216941916466,0.902010874900416,0.5331850550362407,1.0148995892801458
lgbd_xg,1x2,N1,2024/25,306,0.18783309505788487,0.9463084857464769,0.5631394094446439,0.9321089692412595
lgbd_xg,1x2,N1,2025/26,287,0.19588096348903805,0.9755566106027254,0.5796736896706008,0.9227918052878881
lgbd_xg,1x2,N1,2026/27,63,0.19894948523239295,1.0003841673440084,0.6021351745620332,0.7685294188301939
lgbd_xg,1x2,P1,2016/17,305,0.18650383946226515,0.9476904375617595,0.5644826348783009,1.0257603143516831
lgbd_xg,1x2,P1,2017/18,299,0.17548835638152274,0.8665956453485992,0.5040056435789985,1.260408304744873
lgbd_xg,1x2,P1,2018/19,298,0.1854003515338639,0.9017153349089835,0.5276974249203717,1.1836238387248637
lgbd_xg,1x2,P1,2019/20,305,0.19926113024489775,0.9832140910722542,0.5868307649372292,0.8050513159892272
lgbd_xg,1x2,P1,2020/21,305,0.18773262965848125,0.9473503396599592,0.559829085140908,1.1334189245923645
lgbd_xg,1x2,P1,2021/22,306,0.1767936184676607,0.9272894169098729,0.5498415801818392,1.065099387113941
lgbd_xg,1x2,P1,2022/23,306,0.17990873137591842,0.8677460554224845,0.50385378400468,1.3876182894271853
lgbd_xg,1x2,P1,2023/24,305,0.1775185313391289,0.9065329906151192,0.532561272618601,1.1027878676755418
lgbd_xg,1x2,P1,2024/25,306,0.18459359463724917,0.9320746310103607,0.5534401201924524,0.9601965586953326
lgbd_xg,1x2,P1,2025/26,282,0.17996238490030034,0.9445382628472497,0.5500769953111551,0.9154718322959196
lgbd_xg,1x2,P1,2026/27,60,0.1943227749195369,0.9996273483909577,0.6010037101238868,0.8076653826593667
lgbd_xg,1x2,SC0,2016/17,226,0.18337777252794552,0.9327117419046869,0.5538421261773276,1.1240542501935478
lgbd_xg,1x2,SC0,2017/18,224,0.19708100674058324,0.9810979998035201,0.5836110298506385,0.8077234940919887
lgbd_xg,1x2,SC0,2018/19,227,0.1928249912168454,0.9305599501545342,0.5515287588759975,1.0296592690431787
lgbd_xg,1x2,SC0,2019/20,179,0.18239134261054488,0.9288756335685459,0.547964659388045,0.9181871586877904
lgbd_xg,1x2,SC0,2020/21,218,0.18568476064936315,0.9322430651128718,0.555417029016161,1.0020763407762379
lgbd_xg,1x2,SC0,2021/22,228,0.1852792098543097,0.9557718763072708,0.5686694847216509,0.9416136126787237
lgbd_xg,1x2,SC0,2022/23,228,0.18066964764045212,0.8715968157978513,0.5070850962289581,1.3326993959100657
lgbd_xg,1x2,SC0,2023/24,228,0.17933255220053218,0.9320561063682146,0.5459160626013714,1.0007881683363176
lgbd_xg,1x2,SC0,2024/25,228,0.19830727916781685,0.9511066411011901,0.5604403482778317,0.922414327758261
lgbd_xg,1x2,SC0,2025/26,216,0.19297647363763487,1.0054777705707336,0.5901191931166826,0.853525015809895
lgbd_xg,1x2,SC0,2026/27,42,0.21246167711120498,0.9962131031623752,0.5966656480027596,0.9691583403374973
lgbd_xg,1x2,SP1,2016/17,380,0.17869812825831843,0.9044982317840786,0.5327733144294305,1.0737223683895316
lgbd_xg,1x2,SP1,2017/18,379,0.19695773184428025,0.9621970430070631,0.5712584192508343,0.8473458187977744
lgbd_xg,1x2,SP1,2018/19,380,0.20065831340766427,1.0094428524275871,0.6017597424487447,0.8302256601000738
lgbd_xg,1x2,SP1,2019/20,378,0.19584927065966967,0.9811057131258896,0.5876938064528427,1.0077820452438224
lgbd_xg,1x2,SP1,2020/21,380,0.19183882920858594,0.9840831569440309,0.5844033797132135,1.0253666982428022
lgbd_xg,1x2,SP1,2021/22,379,0.19051013742046316,0.9821019599577651,0.5839183181840751,1.0065012670697029
lgbd_xg,1x2,SP1,2022/23,380,0.2020262483344757,0.978825196272447,0.5827675698408008,1.081670645424698
lgbd_xg,1x2,SP1,2023/24,380,0.18162210468327733,0.9462775227400678,0.5626566566506984,1.2747199952011194
lgbd_xg,1x2,SP1,2024/25,380,0.18901055992689172,0.9496645557293119,0.5619920294694989,1.1297231460974546
lgbd_xg,1x2,SP1,2025/26,349,0.19547318186636609,0.9669575220353702,0.5734897599583576,1.1596906853068174
lgbd_xg,1x2,SP1,2026/27,69,0.1975073650292374,0.9631437456357549,0.5682837567496428,1.1813344753593942
lgbd_xg,1x2,SP2,2016/17,455,0.20583980603297325,1.0414369545286,0.6289093857818543,1.072036327403441
lgbd_xg,1x2,SP2,2017/18,452,0.20205384198546272,1.0095215680321543,0.6054200273403842,1.0959503609458385
lgbd_xg,1x2,SP2,2018/19,441,0.20013271798791132,1.0266324767473975,0.6182886817167945,1.0287889737221354
lgbd_xg,1x2,SP2,2019/20,460,0.21453618766043536,1.081481521724087,0.6534637891705539,0.6456630662493368
lgbd_xg,1x2,SP2,2020/21,459,0.21096629696533198,1.0380491571125796,0.6237281864968438,1.1760911382466255
lgbd_xg,1x2,SP2,2021/22,461,0.20603858861636729,1.0237494236514115,0.6148405005820474,1.1352247187902398
lgbd_xg,1x2,SP2,2022/23,462,0.20258420138939082,1.0403032901468119,0.627799491053546,1.0473572798526323
lgbd_xg,1x2,SP2,2023/24,460,0.20916377088614935,1.0418646705299313,0.6287404843394759,1.02696136867991
lgbd_xg,1x2,SP2,2024/25,462,0.20327737458926837,1.0120666560509448,0.6073458620366565,1.1880466358982127
lgbd_xg,1x2,SP2,2025/26,424,0.21883686972666613,1.0487629388443391,0.6306278514103766,0.8025701928666614
lgbd_xg,1x2,SP2,2026/27,82,0.21669879589471355,1.033154082800336,0.6195025300813752,0.9425810576592687
lgbd_xg,1x2,T1,2016/17,301,0.20762600559891453,0.9863256601120625,0.5885819526546715,1.0505576281205422
lgbd_xg,1x2,T1,2017/18,295,0.19072681455335233,0.9351731801908806,0.5542247755328246,1.171754480933032
lgbd_xg,1x2,T1,2018/19,306,0.20453578693364033,1.0215925337481286,0.6116836659718726,0.8821769806211737
lgbd_xg,1x2,T1,2019/20,302,0.2090109753611829,1.021012244799727,0.6119120765341047,0.8583229373763204
lgbd_xg,1x2,T1,2020/21,420,0.2082689742979593,1.0270481534837161,0.6138914128961344,0.9437665453395016
lgbd_xg,1x2,T1,2021/22,379,0.20639991525632784,0.9960207101683176,0.5952026998499376,1.1888363737192529
lgbd_xg,1x2,T1,2022/23,313,0.19899223170355174,0.9700889124903782,0.5744716530830127,1.228933293197494
lgbd_xg,1x2,T1,2023/24,379,0.18523163253375785,0.9439389125700755,0.5586130024599564,1.251097031604868
lgbd_xg,1x2,T1,2024/25,340,0.18036096291986617,0.915648878142165,0.5374525331338103,1.2484734041167276
lgbd_xg,1x2,T1,2025/26,287,0.17987885782530189,0.9679280178747038,0.571243916448556,0.9135743522326965
lgbd_xg,1x2,T1,2026/27,53,0.23149634631833488,1.047817302619284,0.628450159696394,0.714333092669887
dc,ou25,B1,2019/20,232,0.254125238910488,0.7023969472312014,0.508250477820976,0.1790701833221317
dc,ou25,B1,2020/21,305,0.23724329636392474,0.6700744662134166,0.4744865927278495,0.8696958835280605
dc,ou25,B1,2021/22,305,0.25005361591217934,0.694414769011192,0.5001072318243587,0.4687272003437299
dc,ou25,B1,2022/23,304,0.24065845805278274,0.6757989405802781,0.48131691610556543,0.8592872760801052
dc,ou25,B1,2023/24,312,0.24604761975637493,0.6850669319476691,0.4920952395127499,0.7383151269168408
dc,ou25,B1,2024/25,311,0.24832983190049246,0.6973533586455934,0.4966596638009851,0.37814537807721194
dc,ou25,B1,2025/26,272,0.260829674978336,0.717812698476254,0.521659349956672,0.06258389971861576
dc,ou25,B1,2026/27,61,0.2686808697660513,0.7329629441682953,0.5373617395321025,-0.21897946887249528
dc,ou25,D1,2019/20,306,0.23555907722792147,0.6634687035383803,0.47111815445584293,1.097908586627115
dc,ou25,D1,2020/21,301,0.23816870175354912,0.6696615376134513,0.47633740350709824,0.9860533616622125
dc,ou25,D1,2021/22,301,0.23027243063805278,0.6514592854048733,0.46054486127610555,1.0162590891554302
dc,ou25,D1,2022/23,292,0.23658594453595483,0.6661440672499791,0.47317188907190955,0.9869549352385366
dc,ou25,D1,2023/24,292,0.2367272263884315,0.6699262112607559,0.473454452776863,0.735225743116846
dc,ou25,D1,2024/25,296,0.22562289360237262,0.6433440904196513,0.45124578720474523,1.0106473492155557
dc,ou25,D1,2025/26,288,0.2367507555415847,0.6652123499249635,0.4735015110831694,0.8049314982832129
dc,ou25,D1,2026/27,36,0.24878453231649894,0.7223262766605884,0.4975690646329979,0.3353146449907165
dc,ou25,D2,2019/20,305,0.252573710038154,0.6986067868899448,0.505147420076308,0.3799522003689268
dc,ou25,D2,2020/21,302,0.26278655175141485,0.7193256642446929,0.5255731035028297,-0.8510192731449776
dc,ou25,D2,2021/22,305,0.24393783723745255,0.6808363048975787,0.4878756744749051,0.8420645677811265
dc,ou25,D2,2022/23,306,0.24413038714922042,0.6813715307649039,0.48826077429844084,1.0644348309608718
dc,ou25,D2,2023/24,306,0.24042518279540187,0.6742311488245607,0.48085036559080374,0.771326738536745
dc,ou25,D2,2024/25,306,0.24224707600207607,0.678954743683636,0.48449415200415213,0.6798648474196367
dc,ou25,D2,2025/26,285,0.2543539652760437,0.7025943505211324,0.5087079305520874,0.2975455274180154
dc,ou25,D2,2026/27,54,0.24663968783413612,0.698650786121971,0.49327937566827224,0.4029073218123705
dc,ou25,E0,2019/20,380,0.2356493547331747,0.6650048094855509,0.4712987094663494,1.1682800274192306
dc,ou25,E0,2020/21,380,0.2559205366685188,0.7070709491547369,0.5118410733370377,0.25891409047275254
dc,ou25,E0,2021/22,380,0.23983271784234705,0.6724957672846729,0.4796654356846941,1.0110108716106094
dc,ou25,E0,2022/23,379,0.2452588037244702,0.6831268043892772,0.4905176074489404,0.7608933091852311
dc,ou25,E0,2023/24,372,0.2485300092499749,0.6902562129577937,0.4970600184999499,0.5647134588614775
dc,ou25,E0,2024/25,377,0.2463351948102966,0.6859610143205759,0.4926703896205932,0.7345709828448397
dc,ou25,E0,2025/26,358,0.24579207717840484,0.6850142762132829,0.4915841543568096,0.7316390698255414
dc,ou25,E0,2026/27,50,0.2633544428408652,0.7334094062508462,0.5267088856817304,-0.054992981384416474
dc,ou25,E1,2019/20,551,0.25241359831091564,0.698125433806524,0.5048271966218313,0.3562500909568504
dc,ou25,E1,2020/21,549,0.2523226144672919,0.6995318621080742,0.5046452289345837,0.3568337689677445
dc,ou25,E1,2021/22,552,0.2521650101605533,0.6975665541902807,0.5043300203211066,0.31806240103631234
dc,ou25,E1,2022/23,552,0.24838099458432616,0.6900762435615654,0.49676198916865233,0.6175713500494399
dc,ou25,E1,2023/24,552,0.25156918599673356,0.6965248424604186,0.5031383719934671,0.38182114778402443
dc,ou25,E1,2024/25,551,0.24384590459923766,0.6833667018978856,0.4876918091984753,0.8171794650064582
dc,ou25,E1,2025/26,514,0.25508014453770594,0.7060769257529691,0.5101602890754119,0.2142262328392104
dc,ou25,E1,2026/27,90,0.2680268384421117,0.7349139252936046,0.5360536768842235,0.12220048222182912
dc,ou25,E2,2019/20,390,0.2513200758144358,0.6975300992182869,0.5026401516288715,0.3257697991490029
dc,ou25,E2,2020/21,546,0.24738955804498397,0.6885093386753849,0.4947791160899677,0.716831067856781
dc,ou25,E2,2021/22,552,0.25529978990269675,0.704576507048707,0.5105995798053935,0.2168695762116396
dc,ou25,E2,2022/23,552,0.26170815952924203,0.71952103330582,0.523416319058484,-0.2619308984255571
dc,ou25,E2,2023/24,552,0.25285613470374624,0.7012846995559348,0.5057122694074925,0.3061737483251978
dc,ou25,E2,2024/25,552,0.25459197087440466,0.7044436690720742,0.5091839417488093,0.23910368865685708
dc,ou25,E2,2025/26,519,0.25379566193097103,0.7037990901296816,0.5075913238619422,0.19924411993962454
dc,ou25,E2,2026/27,89,0.24593808189145666,0.6849790323719723,0.4918761637829133,0.5709383360560819
dc,ou25,E3,2019/20,426,0.25971500275571074,0.715803368743243,0.5194300055114215,0.053646002787249805
dc,ou25,E3,2020/21,552,0.24958273519557544,0.6945961707429145,0.4991654703911509,0.4504882973506242
dc,ou25,E3,2021/22,552,0.2503066000719661,0.6944805281009129,0.5006132001439322,0.45032551967479134
dc,ou25,E3,2022/23,551,0.2416895098038795,0.684169630618528,0.4833790196077591,0.6026405237203855
dc,ou25,E3,2023/24,552,0.2560245679579291,0.7114593292333092,0.5120491359158583,0.20642308366848378
dc,ou25,E3,2024/25,550,0.25421331789770635,0.7032309866681934,0.5084266357954127,0.28110755561922535
dc,ou25,E3,2025/26,525,0.25704949044850883,0.7141277223949274,0.5140989808970177,-0.052374427344097536
dc,ou25,E3,2026/27,99,0.2388959524670309,0.6753295930048162,0.4777919049340618,0.9171120644951551
dc,ou25,F1,2019/20,278,0.25185023454876365,0.6978467371717397,0.5037004690975273,0.40129009245977254
dc,ou25,F1,2020/21,378,0.2485513194478718,0.6911222086368896,0.49710263889574346,0.532591893054735
dc,ou25,F1,2021/22,380,0.25063675450790623,0.6954054229245784,0.5012735090158125,0.44382134881435953
dc,ou25,F1,2022/23,376,0.24581692426078988,0.6852126568330553,0.49163384852157976,0.677340103898519
dc,ou25,F1,2023/24,306,0.24575296493905988,0.6849795543239072,0.49150592987811975,0.7068344868518693
dc,ou25,F1,2024/25,303,0.24540885161665912,0.6839874016073836,0.49081770323331825,0.8166722117681499
dc,ou25,F1,2025/26,287,0.24800777428924095,0.6896528299833524,0.4960155485784818,0.5890005079253314
dc,ou25,F1,2026/27,45,0.24754019419483184,0.6868697595366942,0.4950803883896636,0.6180533585696827
dc,ou25,F2,2019/20,277,0.25424010777991063,0.7385195041796131,0.5084802155598213,0.14430397578474874
dc,ou25,F2,2020/21,379,0.25446164149615014,0.7133610716801416,0.5089232829923002,0.2811745270406431
dc,ou25,F2,2021/22,380,0.23914342048409032,0.6717001734807982,0.47828684096818064,0.7886565199232853
dc,ou25,F2,2022/23,375,0.253446427762252,0.7141942262666173,0.506892855524504,0.2700095093026813
dc,ou25,F2,2023/24,379,0.25841348623410426,0.7162421677922511,0.5168269724682085,0.2336521982637054
dc,ou25,F2,2024/25,306,0.25862764883177386,0.7117223726943414,0.5172552976635477,0.18116066204687478
dc,ou25,F2,2025/26,269,0.25199508705059254,0.7040387893740442,0.5039901741011851,0.31240332517518166
dc,ou25,F2,2026/27,58,0.2389265188780054,0.6785998244204048,0.47785303775601073,0.7373002205104819
dc,ou25,G1,2019/20,220,0.24386329786603056,0.6813330995004406,0.4877265957320612,0.6676810611821343
dc,ou25,G1,2020/21,223,0.2341532140273834,0.660934643620621,0.4683064280547668,0.9640582642416197
dc,ou25,G1,2021/22,240,0.24657605881749903,0.6896110552388424,0.49315211763499806,0.5296077562802894
dc,ou25,G1,2022/23,239,0.2379385655097296,0.6686853362845533,0.4758771310194592,0.8431988994575127
dc,ou25,G1,2023/24,240,0.2658495877144852,0.7257658321959551,0.5316991754289704,-0.010750150093332467
dc,ou25,G1,2024/25,233,0.25658774461656114,0.7242311011649583,0.5131754892331224,0.06328333627079392
dc,ou25,G1,2025/26,207,0.24550826858909158,0.6841427761506056,0.49101653717818317,0.7051925734801229
dc,ou25,G1,2026/27,32,0.290022462344122,0.7859465416979982,0.5800449246882438,-1.2548159496867992
dc,ou25,I1,2019/20,380,0.24642756007830377,0.6875838248307333,0.49285512015660754,0.6720112204108639
dc,ou25,I1,2020/21,378,0.24591483096706565,0.6851548688907612,0.4918296619341314,0.6951941180640325
dc,ou25,I1,2021/22,379,0.24960321467836294,0.694521988716815,0.4992064293567259,0.4575404693439158
dc,ou25,I1,2022/23,380,0.2613315500165624,0.718262981301915,0.5226631000331248,-0.12810810241336587
dc,ou25,I1,2023/24,380,0.245259841158489,0.6836551497967172,0.490519682316978,0.8895004255629068
dc,ou25,I1,2024/25,379,0.24649647540595357,0.6861248717444558,0.49299295081190714,0.745645153093161
dc,ou25,I1,2025/26,358,0.2592380379142494,0.7122601247800475,0.5184760758284988,0.03157471484097212
dc,ou25,I1,2026/27,50,0.24293118036077,0.6789341316784518,0.4858623607215399,0.9438538564904433
dc,ou25,I2,2019/20,371,0.2547572858829538,0.7058362242297654,0.5095145717659075,0.30671324170611897
dc,ou25,I2,2020/21,372,0.25602067673890955,0.7167360370890373,0.5120413534778192,0.17739450977948354
dc,ou25,I2,2021/22,380,0.25532439247675714,0.7075565679111402,0.5106487849535144,0.19155162124884012
dc,ou25,I2,2022/23,377,0.25601341424416735,0.7089475082223021,0.5120268284883347,0.22732410138923526
dc,ou25,I2,2023/24,379,0.26136724217997215,0.7334137442128893,0.5227344843599443,-0.18457201400746331
dc,ou25,I2,2024/25,380,0.2645755994663405,0.7281887248082691,0.5291511989326809,-0.08560483118963272
dc,ou25,I2,2025/26,340,0.25441020440016066,0.7030417983045766,0.5088204088003213,0.19220196561916278
dc,ou25,I2,2026/27,46,0.24948372690692605,0.6926486876321698,0.4989674538138522,0.5020324122188747
dc,ou25,N1,2019/20,227,0.23385870807137513,0.6590472501919614,0.46771741614275025,0.8124506499754051
dc,ou25,N1,2020/21,305,0.24592631336225984,0.6850362171216157,0.4918526267245197,0.5935371659145312
dc,ou25,N1,2021/22,306,0.23595881944420477,0.6641792050799111,0.47191763888840954,0.8091149407481467
dc,ou25,N1,2022/23,306,0.24482678166279107,0.6853046959632285,0.48965356332558213,0.5631467232494776
dc,ou25,N1,2023/24,306,0.22821538640897068,0.6485453934862885,0.4564307728179414,1.1450444906856863
dc,ou25,N1,2024/25,306,0.24299773400781527,0.6785368247115825,0.48599546801563054,0.756321849706832
dc,ou25,N1,2025/26,285,0.23517076825335306,0.6632158940938281,0.470341536506706,0.906338946929008
dc,ou25,N1,2026/27,62,0.2162237725833938,0.6289083003091891,0.4324475451667876,1.2250593537101628
dc,ou25,P1,2019/20,305,0.24606388736422705,0.6850049880637976,0.4921277747284541,0.6495149626431884
dc,ou25,P1,2020/21,305,0.2514802911554458,0.6967727121894032,0.5029605823108916,0.41661689685266967
dc,ou25,P1,2021/22,306,0.24974971469000493,0.6943148143559806,0.49949942938000996,0.46444159606971824
dc,ou25,P1,2022/23,306,0.24924033137355656,0.6944953449388599,0.498480662747113,0.44424012884629993
dc,ou25,P1,2023/24,305,0.25289615297737045,0.7029914029874915,0.5057923059547409,0.254460293079758
dc,ou25,P1,2024/25,306,0.2424387542305176,0.6781265631325271,0.4848775084610352,0.9170927964835373
dc,ou25,P1,2025/26,251,0.23896389856629377,0.6709073189737135,0.4779277971325875,1.0686201521754812
dc,ou25,P1,2026/27,55,0.25447937095264583,0.7069746856781669,0.5089587419052919,0.19933824622088875
dc,ou25,SC0,2019/20,179,0.24556801535271663,0.6844936106404473,0.49113603070543327,0.8367740021836461
dc,ou25,SC0,2020/21,218,0.24641837538658545,0.6861678448108665,0.4928367507731709,0.7331550875888616
dc,ou25,SC0,2021/22,228,0.24017785518072587,0.6730427475635983,0.48035571036145175,0.9282486518859752
dc,ou25,SC0,2022/23,228,0.2528891070950759,0.6992757990475549,0.5057782141901518,0.3509759400557072
dc,ou25,SC0,2023/24,228,0.23653561569784304,0.6655985784505172,0.47307123139568613,1.2202332886625058
dc,ou25,SC0,2024/25,228,0.24854264281432545,0.6902599525205618,0.49708528562865084,0.5662359296694062
dc,ou25,SC0,2025/26,212,0.24609466952991454,0.6868827635844647,0.49218933905982903,0.640658997770803
dc,ou25,SC0,2026/27,42,0.2602271927641954,0.7160538735691453,0.5204543855283909,-0.10679219727129331
dc,ou25,SP1,2019/20,378,0.24670848439472454,0.6889335070051216,0.4934169687894491,0.5403592222851306
dc,ou25,SP1,2020/21,379,0.25220844500710526,0.6996823373559853,0.5044168900142105,0.4051598192977302
dc,ou25,SP1,2021/22,379,0.25245032287469027,0.6991560871301213,0.5049006457493805,0.37888133064615126
dc,ou25,SP1,2022/23,380,0.24779522548153393,0.6901300818011682,0.4955904509630678,0.5599078992615867
dc,ou25,SP1,2023/24,379,0.235246921594767,0.664498383876223,0.4704938431895339,0.9363199365812385
dc,ou25,SP1,2024/25,378,0.24105619343911605,0.6754985054728605,0.4821123868782321,0.8293035243228781
dc,ou25,SP1,2025/26,349,0.24855902485374118,0.6900750302717344,0.49711804970748236,0.5424607690931066
dc,ou25,SP1,2026/27,69,0.22123047824387435,0.6294135877590965,0.4424609564877487,1.3527675549432234
dc,ou25,SP2,2019/20,461,0.23552996771775556,0.6637153939378756,0.4710599354355111,0.9149454808766778
dc,ou25,SP2,2020/21,459,0.23216715643834007,0.6610523185516205,0.46433431287668003,0.7501725924128877
dc,ou25,SP2,2021/22,461,0.25722462753170483,0.7238097898157668,0.5144492550634097,0.21107714520854884
dc,ou25,SP2,2022/23,462,0.22947621842798746,0.652567908425415,0.458952436855975,0.8159323878335769
dc,ou25,SP2,2023/24,460,0.2415544837262836,0.6771463088322365,0.4831089674525672,0.693182838993626
dc,ou25,SP2,2024/25,462,0.2593336228866883,0.7164285574683915,0.5186672457733766,0.17680262457920948
dc,ou25,SP2,2025/26,377,0.250028618346628,0.6980701849453702,0.500057236693256,0.39277178029627385
dc,ou25,SP2,2026/27,78,0.23861693329561248,0.668174846562791,0.47723386659122485,0.6755940333173146
dc,ou25,T1,2019/20,302,0.2516338533338787,0.6975905852237753,0.5032677066677574,0.40181672040387706
dc,ou25,T1,2020/21,420,0.2556854291213636,0.7055991502612846,0.5113708582427271,0.09179571856169665
dc,ou25,T1,2021/22,379,0.25207194711407005,0.6966805594742201,0.5041438942281401,0.41470218521646784
dc,ou25,T1,2022/23,313,0.24537833138992918,0.6853177730869038,0.49075666277985835,0.7201959204504713
dc,ou25,T1,2023/24,380,0.24715705903561963,0.6977173612387889,0.49431411807123926,0.34150862567358764
dc,ou25,T1,2024/25,340,0.24175127857591672,0.6791985164449812,0.48350255715183343,0.8292640371094481
dc,ou25,T1,2025/26,250,0.24570679967778314,0.6846027749546792,0.4914135993555663,0.6855240877627025
dc,ou25,T1,2026/27,49,0.2370510783245171,0.6746166930867535,0.4741021566490343,0.726384442689118
market_pre,ou25,B1,2019/20,232,0.24795513081884052,0.690047744981541,0.49591026163768104,0.571911584988934
market_pre,ou25,B1,2020/21,305,0.23676567471172755,0.6662828323563617,0.4735313494234551,1.4737992607609078
market_pre,ou25,B1,2021/22,305,0.24369353032737534,0.6803788793227773,0.4873870606547507,0.8888137851190809
market_pre,ou25,B1,2022/23,304,0.23746393098983243,0.6677931511865662,0.47492786197966486,1.5133224966432364
market_pre,ou25,B1,2023/24,312,0.24535717356932416,0.6836028589914434,0.4907143471386483,0.8016245457338038
market_pre,ou25,B1,2024/25,311,0.23892486503093657,0.6705478481823529,0.4778497300618733,1.4250574792774842
market_pre,ou25,B1,2025/26,272,0.2533391475981497,0.7118199164443216,0.5066782951962994,0.2766681983800259
market_pre,ou25,B1,2026/27,61,0.2593872294521295,0.7360636145260989,0.5187744589042589,-0.06514632724793584
market_pre,ou25,D1,2019/20,306,0.22272342321722324,0.6365078186850067,0.4454468464344465,1.133657099245169
market_pre,ou25,D1,2020/21,301,0.22939182634963626,0.6499231715822117,0.4587836526992725,1.1734944412090174
market_pre,ou25,D1,2021/22,301,0.23113486937180305,0.6532725849638177,0.4622697387436061,1.1790574508328044
market_pre,ou25,D1,2022/23,292,0.2362773438821395,0.6650936722735964,0.472554687764279,1.1938894322947853
market_pre,ou25,D1,2023/24,292,0.22725220845366031,0.6467939166009911,0.45450441690732063,1.242179545835169
market_pre,ou25,D1,2024/25,296,0.2274028777810429,0.6464691548468419,0.4548057555620857,1.2852497550239914
market_pre,ou25,D1,2025/26,288,0.22436128169043304,0.638647928892489,0.4487225633808661,1.239013165562534
market_pre,ou25,D1,2026/27,36,0.19002888762898984,0.5674900862605452,0.3800577752579797,1.5609740323751762
market_pre,ou25,D2,2019/20,305,0.2497020245403274,0.6925056329184194,0.4994040490806548,0.525959257566726
market_pre,ou25,D2,2020/21,302,0.23659511130958577,0.6660207779275292,0.47319022261917154,2.1447642006557643
market_pre,ou25,D2,2021/22,305,0.2425318898350578,0.6779842364015863,0.4850637796701156,1.1378760442458717
market_pre,ou25,D2,2022/23,306,0.24060269787325805,0.6743274336454157,0.4812053957465161,1.2786500706357975
market_pre,ou25,D2,2023/24,306,0.23973843277013257,0.6726108731571346,0.47947686554026514,0.909683901085249
market_pre,ou25,D2,2024/25,306,0.23362247058592708,0.6596560102366557,0.46724494117185417,1.3136255469906335
market_pre,ou25,D2,2025/26,285,0.24210127171062945,0.6776829790177656,0.4842025434212589,0.7229566992457223
market_pre,ou25,D2,2026/27,54,0.22775537510630584,0.6531129131863772,0.45551075021261167,0.8839344466629457
market_pre,ou25,E0,2019/20,380,0.2356443435959793,0.6635414380253148,0.4712886871919586,1.201847358463874
market_pre,ou25,E0,2020/21,380,0.24896588009722118,0.6917823166930427,0.4979317601944424,0.5432216608140319
market_pre,ou25,E0,2021/22,380,0.2446502461722201,0.6824156811712111,0.4893004923444402,0.8638481490785394
market_pre,ou25,E0,2022/23,379,0.2382763023806849,0.6689382389370636,0.4765526047613698,1.4646447303839651
market_pre,ou25,E0,2023/24,372,0.22836002358544516,0.6487797910682149,0.4567200471708903,1.2417503275930375
market_pre,ou25,E0,2024/25,377,0.24437878888924278,0.6819189799848822,0.48875757777848555,0.6810340847563406
market_pre,ou25,E0,2025/26,358,0.24770858581001629,0.6886439511418017,0.49541717162003257,0.6662127407803854
market_pre,ou25,E0,2026/27,50,0.24405012281249497,0.6822939532403847,0.4881002456249899,0.8178062866450212
market_pre,ou25,E1,2019/20,551,0.24886684171657003,0.6908364942167519,0.49773368343314006,0.6761510146655508
market_pre,ou25,E1,2020/21,549,0.24089040989299065,0.6748224612993372,0.4817808197859813,1.2209736832828952
market_pre,ou25,E1,2021/22,552,0.24635410587053638,0.6857685690220767,0.49270821174107277,0.9049467735506939
market_pre,ou25,E1,2022/23,552,0.24591707169331783,0.6849301989037556,0.4918341433866356,1.0664496373388104
market_pre,ou25,E1,2023/24,552,0.24432757052455215,0.6816777926722304,0.4886551410491043,1.1311705253928235
market_pre,ou25,E1,2024/25,551,0.2434419481410266,0.6798636078416735,0.4868838962820532,1.2047844679928152
market_pre,ou25,E1,2025/26,514,0.24885554952913577,0.6906901094097697,0.49771109905827154,0.66233346415178
market_pre,ou25,E1,2026/27,90,0.24278642744270787,0.6784750978531896,0.48557285488541574,1.9552820251222762
market_pre,ou25,E2,2019/20,390,0.2448344721537168,0.6828187710866056,0.4896689443074335,1.3878142194668377
market_pre,ou25,E2,2020/21,546,0.24579588381590894,0.6846689703171172,0.4915917676318179,1.3361933672813036
market_pre,ou25,E2,2021/22,552,0.2476654185493311,0.6884749446952909,0.4953308370986621,1.1405189930970812
market_pre,ou25,E2,2022/23,552,0.2505949843341402,0.6943416517227637,0.5011899686682804,0.3628207604877953
market_pre,ou25,E2,2023/24,552,0.24415114974759114,0.6813559709721735,0.4883022994951824,1.7506026303420652
market_pre,ou25,E2,2024/25,552,0.2418996479527074,0.6767567540648147,0.4837992959054148,1.5325434109186986
market_pre,ou25,E2,2025/26,519,0.24855005987862275,0.6915128354088682,0.4971001197572455,0.5173891779941684
market_pre,ou25,E2,2026/27,89,0.2582813864445286,0.7223862958682712,0.5165627728890572,-0.22954192757250028
market_pre,ou25,E3,2019/20,426,0.24898718795942565,0.6911277578616054,0.4979743759188513,0.7026359799522804
market_pre,ou25,E3,2020/21,552,0.24070453227023014,0.6743182813386756,0.4814090645404603,1.6468308995595298
market_pre,ou25,E3,2021/22,552,0.24630245908898163,0.6857382566378403,0.49260491817796326,0.9126033788102917
market_pre,ou25,E3,2022/23,551,0.24048108705389148,0.6738663125047244,0.48096217410778297,1.393888352050481
market_pre,ou25,E3,2023/24,552,0.24243008506873864,0.6777904944736449,0.4848601701374773,1.4233076633341757
market_pre,ou25,E3,2024/25,550,0.24668429281664214,0.686582421035675,0.4933685856332843,0.9526871505160205
market_pre,ou25,E3,2025/26,525,0.2559839915006052,0.7121406277117164,0.5119679830012104,-0.035751816199419854
market_pre,ou25,E3,2026/27,99,0.2473535410538371,0.6878654395755908,0.4947070821076741,1.0572741591477486
market_pre,ou25,F1,2019/20,278,0.23750880210287317,0.6670336701405882,0.47501760420574624,1.0607022683246279
market_pre,ou25,F1,2020/21,378,0.2444396157720405,0.681245904717504,0.488879231544081,0.8546244896307106
market_pre,ou25,F1,2021/22,380,0.24324849997564832,0.6794759555583629,0.48649699995129664,1.0456034965282035
market_pre,ou25,F1,2022/23,376,0.2394615301356928,0.6716439909605796,0.4789230602713857,1.3033346603833675
market_pre,ou25,F1,2023/24,306,0.24667986837464703,0.6862778430182718,0.493359736749294,0.7777547691727491
market_pre,ou25,F1,2024/25,303,0.24026141095836798,0.6733572068103206,0.48052282191673595,1.0793120801474076
market_pre,ou25,F1,2025/26,287,0.2408220334293959,0.6749770330435829,0.4816440668587918,1.055022288423429
market_pre,ou25,F1,2026/27,45,0.24306775946296458,0.6789864177380764,0.486135518925929,0.9422807613369015
market_pre,ou25,F2,2019/20,277,0.23798962887850428,0.6689593010860923,0.47597925775700844,0.878271650345703
market_pre,ou25,F2,2020/21,379,0.2398239251312743,0.672659338577196,0.4796478502625486,0.9390246614262273
market_pre,ou25,F2,2021/22,380,0.23613487855608373,0.665020331891699,0.47226975711216745,1.1865008132749413
market_pre,ou25,F2,2022/23,375,0.24450354083030834,0.6819622074269885,0.4890070816606166,0.8174154721144165
market_pre,ou25,F2,2023/24,379,0.24898205457662287,0.691096687268124,0.49796410915324574,0.5681313231351034
market_pre,ou25,F2,2024/25,306,0.24545513155824544,0.6841132109607472,0.4909102631164909,0.8817268816049606
market_pre,ou25,F2,2025/26,269,0.24409409892699177,0.6818898457944896,0.48818819785398354,0.8316776706939378
market_pre,ou25,F2,2026/27,58,0.2341242885506587,0.6611816343710452,0.46824857710131734,4.220891326734196
market_pre,ou25,G1,2019/20,220,0.23924672371440603,0.6713752432636872,0.47849344742881206,1.02452333784143
market_pre,ou25,G1,2020/21,223,0.2298036206884654,0.6519695597050846,0.45960724137693065,1.550090633457499
market_pre,ou25,G1,2021/22,240,0.24199185929026398,0.6769081535667522,0.48398371858052797,0.9611611438754626
market_pre,ou25,G1,2022/23,239,0.2349088859539098,0.6623170208435681,0.4698177719078196,1.3272125527585552
market_pre,ou25,G1,2023/24,240,0.24712996015514255,0.6870362819521458,0.49425992031028504,0.7187205477561155
market_pre,ou25,G1,2024/25,233,0.25065310884849334,0.6945936854333816,0.5013062176969867,0.4555948547954921
market_pre,ou25,G1,2025/26,207,0.27098819958062353,0.7601178585744877,0.5419763991612471,0.0910189730864253
market_pre,ou25,G1,2026/27,32,0.23015370566931564,0.6410879466038004,0.4603074113386313,0.9691645756909748
market_pre,ou25,I1,2019/20,380,0.23527057224171438,0.6634869893679113,0.47054114448342876,1.320668812649514
market_pre,ou25,I1,2020/21,378,0.24362983033497695,0.6805122905199078,0.4872596606699539,0.7823331294822347
market_pre,ou25,I1,2021/22,379,0.2431845824826411,0.6794540506780469,0.4863691649652822,0.9263491274484407
market_pre,ou25,I1,2022/23,380,0.244007496324206,0.6810864743453184,0.488014992648412,1.1150058245743093
market_pre,ou25,I1,2023/24,380,0.24394832315594933,0.6810477285842257,0.48789664631189866,1.0116539331692915
market_pre,ou25,I1,2024/25,379,0.24290642213103483,0.678955248298795,0.48581284426206967,1.1446339276134732
market_pre,ou25,I1,2025/26,358,0.252725097291455,0.6989629008566747,0.50545019458291,0.26155519094393226
market_pre,ou25,I1,2026/27,50,0.247135337598962,0.6876004392500645,0.494270675197924,0.7786753907027658
market_pre,ou25,I2,2019/20,371,0.24348292267273214,0.679993586227884,0.4869658453454641,1.2915860504978927
market_pre,ou25,I2,2020/21,372,0.24479925244051312,0.6827095199096208,0.48959850488102624,1.1230788319433533
market_pre,ou25,I2,2021/22,380,0.2422168201685245,0.6774826339417562,0.484433640337049,1.8333967348208917
market_pre,ou25,I2,2022/23,377,0.24188713417129504,0.676770142635944,0.4837742683425901,1.2191924659573854
market_pre,ou25,I2,2023/24,379,0.24990305722026177,0.6930112174340325,0.4998061144405235,0.50161174699946
market_pre,ou25,I2,2024/25,380,0.2528861446041154,0.6993430499447443,0.5057722892082309,0.2894353906389162
market_pre,ou25,I2,2025/26,340,0.2539983073082609,0.7114586201830155,0.5079966146165218,0.18712357839726595
market_pre,ou25,I2,2026/27,46,0.24541035070847697,0.6816455994340127,0.49082070141695394,0.8088592783059084
market_pre,ou25,N1,2019/20,227,0.23242882961734784,0.6556812113765266,0.4648576592346957,0.8585090306323069
market_pre,ou25,N1,2020/21,305,0.24175551647622742,0.6751162000392962,0.48351103295245496,0.7404677256197888
market_pre,ou25,N1,2021/22,306,0.22960967616692185,0.6511585926686163,0.4592193523338437,1.3675532186165846
market_pre,ou25,N1,2022/23,306,0.23921188427194537,0.6708234171975448,0.47842376854389074,0.8626061556778646
market_pre,ou25,N1,2023/24,306,0.22557505204838993,0.6427821063032675,0.4511501040967799,1.189858758951844
market_pre,ou25,N1,2024/25,306,0.24252007081061713,0.6771031969364241,0.48504014162123427,0.7874316657683134
market_pre,ou25,N1,2025/26,285,0.234515882706207,0.6697581071151484,0.469031765412414,0.6798855119975482
market_pre,ou25,N1,2026/27,62,0.2002658606021489,0.5898506359012367,0.4005317212042978,1.0291614984352588
market_pre,ou25,P1,2019/20,305,0.2450686573426428,0.68306363771516,0.4901373146852856,0.8141100547296861
market_pre,ou25,P1,2020/21,305,0.24439129077610441,0.6822628360543183,0.48878258155220883,0.8219852254781502
market_pre,ou25,P1,2021/22,306,0.24541015923197015,0.6839494418747414,0.4908203184639403,0.8775080224838259
market_pre,ou25,P1,2022/23,306,0.24145357371587317,0.6756221893020133,0.48290714743174634,1.0474522271585724
market_pre,ou25,P1,2023/24,305,0.2374415261331835,0.667796297261469,0.474883052266367,1.263523140386852
market_pre,ou25,P1,2024/25,306,0.23168009020225416,0.6553874146748015,0.4633601804045083,1.409949883812807
market_pre,ou25,P1,2025/26,251,0.24979468758735204,0.6985861577462953,0.4995893751747041,0.4018258481440044
market_pre,ou25,P1,2026/27,55,0.23145538108681435,0.6611616707487358,0.4629107621736287,0.937483525104303
market_pre,ou25,SC0,2019/20,179,0.2483093519985154,0.6900082558755093,0.4966187039970308,0.5876143355757661
market_pre,ou25,SC0,2020/21,218,0.24430427890889303,0.6816390600669192,0.488608557817786,0.8539042299585893
market_pre,ou25,SC0,2021/22,228,0.2421259221023711,0.6773713855153566,0.4842518442047422,0.9254875895039071
market_pre,ou25,SC0,2022/23,228,0.2375217949193714,0.6678848313923842,0.47504358983874284,1.1379501075671516
market_pre,ou25,SC0,2023/24,228,0.2341299975086174,0.6608150445348708,0.4682599950172348,1.3884804596101443
market_pre,ou25,SC0,2024/25,228,0.24196695154443704,0.6764768382332018,0.4839339030888741,0.8851647697676547
market_pre,ou25,SC0,2025/26,212,0.25308418906772967,0.7074467155289603,0.5061683781354593,0.28078393470921814
market_pre,ou25,SC0,2026/27,42,0.2708136890926479,0.7404940386376849,0.5416273781852958,-0.36127274702179424
market_pre,ou25,SP1,2019/20,378,0.23819019250725762,0.6693435742817988,0.47638038501451513,0.966231568957915
market_pre,ou25,SP1,2020/21,379,0.2424725677402073,0.6778128650120314,0.4849451354804146,0.8271981453329499
market_pre,ou25,SP1,2021/22,379,0.24230947536638803,0.6776942047384895,0.48461895073277605,0.9937873037986008
market_pre,ou25,SP1,2022/23,380,0.2406614842916775,0.6742799223540451,0.481322968583355,1.0256809475791033
market_pre,ou25,SP1,2023/24,379,0.23065901337489153,0.6539127420625707,0.46131802674978306,1.5259564541827364
market_pre,ou25,SP1,2024/25,378,0.2370392552388258,0.6667579415443388,0.47407851047765165,0.9652334801142146
market_pre,ou25,SP1,2025/26,349,0.24177494394919294,0.6763774853258337,0.4835498878983859,0.8108363436279633
market_pre,ou25,SP1,2026/27,69,0.20534350919513553,0.5990404831931114,0.410687018390271,2.277318184329739
market_pre,ou25,SP2,2019/20,461,0.23510714898484328,0.662965052425203,0.4702142979696865,1.0092658831635566
market_pre,ou25,SP2,2020/21,459,0.22139919095914187,0.6343021392637136,0.44279838191828375,1.1365172015989509
market_pre,ou25,SP2,2021/22,461,0.24487985068892368,0.6830192683709171,0.48975970137784736,0.6993485415384111
market_pre,ou25,SP2,2022/23,462,0.22593777348885513,0.6440820819737925,0.45187554697771026,1.224017487655551
market_pre,ou25,SP2,2023/24,460,0.23309422810689415,0.6587297370254473,0.4661884562137883,1.0612742800532546
market_pre,ou25,SP2,2024/25,462,0.24685318934479,0.6874878547111897,0.49370637868957995,0.6090406121489667
market_pre,ou25,SP2,2025/26,377,0.2516978525750931,0.7098506241330382,0.5033957051501862,0.3209165914767117
market_pre,ou25,SP2,2026/27,78,0.29178364458377337,0.8308640673628515,0.5835672891675467,22112634958.98786
market_pre,ou25,T1,2019/20,302,0.24258992591125073,0.6777178795363714,0.48517985182250145,1.0547079851917514
market_pre,ou25,T1,2020/21,420,0.24265667063938884,0.6779864777397844,0.48531334127877773,1.3429656403095975
market_pre,ou25,T1,2021/22,379,0.2484362212003461,0.6899603069362172,0.4968724424006922,0.7721005793137703
market_pre,ou25,T1,2022/23,313,0.24094933361926732,0.6749636199616219,0.48189866723853464,1.0919762219492595
market_pre,ou25,T1,2023/24,380,0.2433785404914307,0.6789805935583786,0.4867570809828614,0.9218123886025417
market_pre,ou25,T1,2024/25,340,0.23483887582667942,0.6608090940788215,0.4696777516533589,1.2168771090968953
market_pre,ou25,T1,2025/26,250,0.2448759139374604,0.6885879373915476,0.4897518278749208,0.5513727976225418
market_pre,ou25,T1,2026/27,49,0.2614337772358833,0.7539083223904878,0.5228675544717665,0.24159901139409184
market_close,ou25,B1,2019/20,232,0.24681588597474421,0.6877057549015325,0.4936317719494885,0.6145194144264662
market_close,ou25,B1,2020/21,305,0.23538349520086502,0.6631123210912614,0.47076699040173003,1.3467428044714247
market_close,ou25,B1,2021/22,305,0.24044972797941186,0.6735759484438553,0.4808994559588237,0.936961652350993
market_close,ou25,B1,2022/23,304,0.23691431416109476,0.6666527959991337,0.4738286283221895,1.4444587192411926
market_close,ou25,B1,2023/24,312,0.24259793546355923,0.6778807212330914,0.48519587092711847,0.9038365001021025
market_close,ou25,B1,2024/25,311,0.23776419856042869,0.668295597918354,0.47552839712085737,1.3824134959941698
market_close,ou25,B1,2025/26,272,0.24919374888459855,0.691498473648998,0.4983874977691972,0.560256484300212
market_close,ou25,B1,2026/27,61,0.2518558201184384,0.6979440578712752,0.5037116402368766,0.3785120272073168
market_close,ou25,D1,2019/20,306,0.22147176719821293,0.6330932073484359,0.44294353439642586,1.1288549696743269
market_close,ou25,D1,2020/21,301,0.22907969536484152,0.6493736920733978,0.45815939072968304,1.1637039569238516
market_close,ou25,D1,2021/22,301,0.22608702049828677,0.6426674062841328,0.45217404099657355,1.4016300668639983
market_close,ou25,D1,2022/23,292,0.23689748914505565,0.6662055345533965,0.4737949782901113,1.125004308314251
market_close,ou25,D1,2023/24,292,0.2253911946236648,0.6427326168943923,0.4507823892473296,1.3239459511796152
market_close,ou25,D1,2024/25,296,0.22311796346620258,0.6372363040915096,0.44623592693240516,1.4892594123212053
market_close,ou25,D1,2025/26,288,0.22400719090488191,0.637990820382359,0.44801438180976383,1.1939113859444772
market_close,ou25,D1,2026/27,36,0.1940570728794841,0.5758122741900481,0.3881141457589682,1.3265553443150357
market_close,ou25,D2,2019/20,305,0.2484655133881876,0.6899662853290827,0.4969310267763752,0.6117175893667022
market_close,ou25,D2,2020/21,302,0.23754839765448024,0.6679815841542592,0.4750967953089605,1.548936894474497
market_close,ou25,D2,2021/22,305,0.23877538789707795,0.6700725153696883,0.4775507757941559,1.3028631748331252
market_close,ou25,D2,2022/23,306,0.23886077488233962,0.670487474070155,0.47772154976467923,1.249390834652677
market_close,ou25,D2,2023/24,306,0.23944761185527685,0.671634812381032,0.4788952237105537,0.8911933050989956
market_close,ou25,D2,2024/25,306,0.23364918898304907,0.6594572180366179,0.46729837796609813,1.2146381469325265
market_close,ou25,D2,2025/26,285,0.2442622574134536,0.681535052323308,0.4885245148269072,0.844412391113662
market_close,ou25,D2,2026/27,54,0.23328429916622823,0.6590413577288338,0.4665685983324565,0.9600965378288848
market_close,ou25,E0,2019/20,380,0.23579772657982814,0.6637254791349548,0.4715954531596563,1.1104479589631213
market_close,ou25,E0,2020/21,380,0.24655351606556342,0.6870763772083078,0.4931070321311269,0.6827870000990215
market_close,ou25,E0,2021/22,380,0.24758008510301677,0.6883498518748928,0.49516017020603353,0.6415885046592621
market_close,ou25,E0,2022/23,379,0.23838866956606616,0.66909901764014,0.4767773391321323,1.333542904475335
market_close,ou25,E0,2023/24,372,0.22704152383390547,0.6459779502608337,0.45408304766781094,1.2703978310683093
market_close,ou25,E0,2024/25,377,0.24392844358965016,0.6811033783069177,0.4878568871793003,0.6990307682005147
market_close,ou25,E0,2025/26,358,0.24519706972549382,0.6836225864683396,0.49039413945098764,0.8344020950776977
market_close,ou25,E0,2026/27,50,0.24339133680731476,0.6800248631216682,0.48678267361462946,0.86018749283604
market_close,ou25,E1,2019/20,551,0.24837508828797708,0.6898890580645104,0.49675017657595416,0.6870188369456094
market_close,ou25,E1,2020/21,549,0.24183887191719977,0.6767635022299148,0.48367774383439943,1.065994669198905
market_close,ou25,E1,2021/22,552,0.24548197293188218,0.6840164657805282,0.49096394586376435,0.8840218914470673
market_close,ou25,E1,2022/23,552,0.2451949299554757,0.6834896426572777,0.4903898599109514,0.9618016753205363
market_close,ou25,E1,2023/24,552,0.2408358748959107,0.6746246418726168,0.4816717497918214,1.2963396860823437
market_close,ou25,E1,2024/25,551,0.24478970128237268,0.6825682639626027,0.48957940256474525,0.9515778686134941
market_close,ou25,E1,2025/26,514,0.2495581075934728,0.6924008733398039,0.4991162151869456,0.5515523298774225
market_close,ou25,E1,2026/27,90,0.24148088038784787,0.6757565116561253,0.48296176077569586,1.6187090791439382
market_close,ou25,E2,2019/20,390,0.24477832516009662,0.6826289993805822,0.48955665032019324,1.2215023255910769
market_close,ou25,E2,2020/21,546,0.24566638968594673,0.684478951186476,0.49133277937189346,1.0799803966610968
market_close,ou25,E2,2021/22,552,0.24710140022212054,0.6873544180337189,0.4942028004442411,0.9407633854820707
market_close,ou25,E2,2022/23,552,0.25085669672346267,0.6949629380166797,0.5017133934469253,0.37358788745656063
market_close,ou25,E2,2023/24,552,0.24391715374476403,0.6808368271349085,0.48783430748952805,1.3857290838364182
market_close,ou25,E2,2024/25,552,0.24059199642215662,0.6740304675985356,0.48118399284431324,1.4465732382790928
market_close,ou25,E2,2025/26,519,0.2472039882386935,0.6875737200398463,0.494407976477387,0.838005924926954
market_close,ou25,E2,2026/27,89,0.2551068278345661,0.70419390151353,0.5102136556691322,-0.044003011799184574
market_close,ou25,E3,2019/20,426,0.24704805984202408,0.687183202012352,0.49409611968404815,0.9173698125679408
market_close,ou25,E3,2020/21,552,0.2385849463729469,0.6699795849125701,0.47716989274589366,1.471469509224565
market_close,ou25,E3,2021/22,552,0.2438186822672835,0.6805512711508593,0.487637364534567,0.9636031554500715
market_close,ou25,E3,2022/23,551,0.23938912858702754,0.6715183596391758,0.4787782571740551,1.2079064410747247
market_close,ou25,E3,2023/24,552,0.2421995120534,0.6773563176003559,0.4843990241068,1.2861323695635212
market_close,ou25,E3,2024/25,550,0.24625905869401848,0.6856466963866487,0.49251811738803697,0.9043838464223821
market_close,ou25,E3,2025/26,525,0.25027224234665735,0.6949300069656341,0.5005444846933146,0.35248319559812225
market_close,ou25,E3,2026/27,99,0.24499013655268098,0.6830484551899362,0.48998027310536196,1.5093856298224666
market_close,ou25,F1,2019/20,278,0.2337139176288479,0.6588195288064469,0.4674278352576958,1.1861874717864758
market_close,ou25,F1,2020/21,378,0.24249514117357718,0.6773990900776803,0.48499028234715436,0.9413112835964188
market_close,ou25,F1,2021/22,380,0.23890890236555629,0.6704782479724497,0.47781780473111257,1.2548061191273405
market_close,ou25,F1,2022/23,376,0.2399586389129446,0.672593341491524,0.4799172778258892,1.1056839346519152
market_close,ou25,F1,2023/24,306,0.24325443244664535,0.6792107251820088,0.4865088648932907,0.9812984610877786
market_close,ou25,F1,2024/25,303,0.23972401745120336,0.6725237888553969,0.47944803490240673,1.0172888533651647
market_close,ou25,F1,2025/26,287,0.23809538647415687,0.6692034012204076,0.47619077294831375,1.1514225711877726
market_close,ou25,F1,2026/27,45,0.2376701707385986,0.6683110819235544,0.4753403414771972,1.1189621169559185
market_close,ou25,F2,2019/20,277,0.23800141201844324,0.6692396945642838,0.4760028240368865,0.8560827809372387
market_close,ou25,F2,2020/21,379,0.23690753901323366,0.6665808436510657,0.47381507802646733,1.0643240635444016
market_close,ou25,F2,2021/22,380,0.23100239131674152,0.6542328646544752,0.46200478263348305,1.2999085327430566
market_close,ou25,F2,2022/23,375,0.2448651724492301,0.6827412037328785,0.4897303448984602,0.7576999734869082
market_close,ou25,F2,2023/24,379,0.24778347257082994,0.6885563440843446,0.49556694514165983,0.6136872998912393
market_close,ou25,F2,2024/25,306,0.24457989675064518,0.6823046813075972,0.48915979350129024,0.9289183789080729
market_close,ou25,F2,2025/26,269,0.242580748636617,0.677892239406361,0.485161497273234,1.174649870720893
market_close,ou25,F2,2026/27,58,0.22951957843334836,0.651914694225621,0.4590391568666967,5.417595836260189
market_close,ou25,G1,2019/20,220,0.23760567419582107,0.6677682854718253,0.47521134839164214,0.9965254712603367
market_close,ou25,G1,2020/21,223,0.2277294658509068,0.6478531673705046,0.4554589317018136,1.2882751154285692
market_close,ou25,G1,2021/22,240,0.2417806796742212,0.6763128427789966,0.4835613593484424,0.8557574575018825
market_close,ou25,G1,2022/23,239,0.23309435018656724,0.6585518875126335,0.46618870037313453,1.2277223032575884
market_close,ou25,G1,2023/24,240,0.2454804289127949,0.6833435676941856,0.49096085782558974,0.7746339617020607
market_close,ou25,G1,2024/25,233,0.24893824929386263,0.6910142099738541,0.49787649858772526,0.5546987592819042
market_close,ou25,G1,2025/26,207,0.24038467929907809,0.6734708522572842,0.48076935859815617,1.2492755047035693
market_close,ou25,G1,2026/27,32,0.24255744784928482,0.6782867574900364,0.48511489569856964,1.268085277440499
market_close,ou25,I1,2019/20,380,0.23436185332727427,0.6619953033047771,0.4687237066545485,1.2075542748093782
market_close,ou25,I1,2020/21,378,0.24354068584326238,0.6801438644240242,0.48708137168652477,0.7821495808859271
market_close,ou25,I1,2021/22,379,0.241688537056197,0.6765462440829697,0.4833770741123941,0.9922061422488017
market_close,ou25,I1,2022/23,380,0.24356140677684715,0.6800083799173915,0.4871228135536943,0.9931237976925861
market_close,ou25,I1,2023/24,380,0.24134577628787815,0.6756964946567775,0.4826915525757563,1.0993172596675913
market_close,ou25,I1,2024/25,379,0.2421212370872772,0.677289228346206,0.4842424741745544,1.087758197229505
market_close,ou25,I1,2025/26,358,0.2538429915117501,0.7014203836135061,0.5076859830235002,0.22390663026843624
market_close,ou25,I1,2026/27,50,0.23772025907836064,0.6684109557903803,0.47544051815672117,1.281697198746179
market_close,ou25,I2,2019/20,371,0.24066607037430432,0.6742728668061293,0.4813321407486086,1.4859543028656905
market_close,ou25,I2,2020/21,372,0.24159498925169068,0.6761594615187801,0.48318997850338125,1.3843805142514976
market_close,ou25,I2,2021/22,380,0.24112603532143165,0.6752421367070247,0.4822520706428633,1.6572179434457872
market_close,ou25,I2,2022/23,377,0.24174422187353428,0.676513132176115,0.4834884437470687,1.058638299612873
market_close,ou25,I2,2023/24,379,0.25130687920414296,0.6960487914213362,0.5026137584082859,0.41972687210833737
market_close,ou25,I2,2024/25,380,0.25226583191806456,0.6982434203629876,0.5045316638361291,0.3438420015410285
market_close,ou25,I2,2025/26,340,0.24680130249930882,0.6868095649876091,0.49360260499861763,0.7559340981564836
market_close,ou25,I2,2026/27,46,0.2551449931882853,0.7034812825050195,0.5102899863765705,-0.5230335435373881
market_close,ou25,N1,2019/20,227,0.2303126770015294,0.6511192440501541,0.4606253540030588,0.8769831625528303
market_close,ou25,N1,2020/21,305,0.24062943119455188,0.6728631492589283,0.48125886238910376,0.7323576876523412
market_close,ou25,N1,2021/22,306,0.22727563363988298,0.645533541278779,0.45455126727976597,1.3279407597808124
market_close,ou25,N1,2022/23,306,0.23773426091830244,0.6678482245493721,0.4754685218366049,0.8601910244892906
market_close,ou25,N1,2023/24,306,0.2237824991894053,0.63815869869006,0.4475649983788106,1.1678388548603202
market_close,ou25,N1,2024/25,306,0.24354375441591264,0.679509777134881,0.4870875088318253,0.7166675104896465
market_close,ou25,N1,2025/26,285,0.22381296865626418,0.638477111213842,0.44762593731252837,1.1757588006234239
market_close,ou25,N1,2026/27,62,0.19550063238203153,0.5790666372441708,0.39100126476406305,1.2656788145324807
market_close,ou25,P1,2019/20,305,0.24670678008980235,0.6865310797951464,0.4934135601796047,0.6641729992477449
market_close,ou25,P1,2020/21,305,0.240037816955416,0.6732488907417037,0.480075633910832,0.9947225364751653
market_close,ou25,P1,2021/22,306,0.2435098132931741,0.67995728717943,0.48701962658634806,0.8951977280326886
market_close,ou25,P1,2022/23,306,0.24405654747218128,0.6804821607200562,0.48811309494436256,0.8200817427076591
market_close,ou25,P1,2023/24,305,0.23335584243645696,0.6590994769749707,0.4667116848729139,1.3359281937160605
market_close,ou25,P1,2024/25,306,0.22921945713754135,0.6502684556036706,0.4584389142750827,1.459956356381475
market_close,ou25,P1,2025/26,251,0.23813197833036132,0.6687045286585995,0.47626395666072263,1.1589110170659565
market_close,ou25,P1,2026/27,55,0.22955729005058054,0.65078396915301,0.4591145801011611,1.700891682158144
market_close,ou25,SC0,2019/20,179,0.24265099458280376,0.6785249876501388,0.4853019891656075,0.8478699679095604
market_close,ou25,SC0,2020/21,218,0.24073363654366367,0.6743478720289023,0.4814672730873273,0.9444272016581188
market_close,ou25,SC0,2021/22,228,0.24322447380541626,0.6797691153271332,0.4864489476108325,0.7699522358023864
market_close,ou25,SC0,2022/23,228,0.23616821424260842,0.6650469534049711,0.47233642848521684,1.0380972142222573
market_close,ou25,SC0,2023/24,228,0.23577920333648808,0.6641126738387796,0.4715584066729761,1.093647215653285
market_close,ou25,SC0,2024/25,228,0.24220125763843023,0.6772798227123492,0.48440251527686046,0.8478847861376558
market_close,ou25,SC0,2025/26,212,0.24769520717883622,0.6888522140729046,0.49539041435767245,0.6616321353829624
market_close,ou25,SC0,2026/27,42,0.2543314404220997,0.7028476678376828,0.5086628808441995,0.2628048856882687
market_close,ou25,SP1,2019/20,378,0.23810619755311516,0.66910268537695,0.4762123951062303,0.9050083982166168
market_close,ou25,SP1,2020/21,379,0.24140092810698235,0.6755344037991272,0.4828018562139647,0.8130152456086849
market_close,ou25,SP1,2021/22,379,0.2416132048119698,0.6763792817794276,0.4832264096239396,0.9401888699713831
market_close,ou25,SP1,2022/23,380,0.23999929880684065,0.6730036890848999,0.4799985976136813,0.9393569136377712
market_close,ou25,SP1,2023/24,379,0.23120658781596412,0.654995812436614,0.46241317563192813,1.2857849420321539
market_close,ou25,SP1,2024/25,378,0.23413254430065883,0.6607502631535308,0.46826508860131766,0.9783709109263132
market_close,ou25,SP1,2025/26,349,0.23877300853099234,0.670088868259985,0.4775460170619847,0.8886315496227443
market_close,ou25,SP1,2026/27,69,0.20561353942306543,0.5989841814491971,0.4112270788461308,2.0300111480733283
market_close,ou25,SP2,2019/20,461,0.23493283404278817,0.6625822807329,0.46986566808557634,0.9594316835855086
market_close,ou25,SP2,2020/21,459,0.2196268019181253,0.6305715678895092,0.43925360383625056,1.106598210500538
market_close,ou25,SP2,2021/22,461,0.24516217346265157,0.6835431495704947,0.49032434692530313,0.6717764485276122
market_close,ou25,SP2,2022/23,462,0.22490784980683845,0.6417101539921829,0.4498156996136769,1.1618269499909482
market_close,ou25,SP2,2023/24,460,0.23236470071369217,0.6572570726812965,0.4647294014273844,1.0366947519154492
market_close,ou25,SP2,2024/25,462,0.24482303874573197,0.6831987938757766,0.48964607749146394,0.6802672263412526
market_close,ou25,SP2,2025/26,377,0.24117049102061708,0.6752344630679953,0.48234098204123416,1.0738158924663492
market_close,ou25,SP2,2026/27,78,0.24182425843664185,0.6769211973036554,0.48364851687328364,1.2461733789106284
market_close,ou25,T1,2019/20,302,0.23900949878975336,0.6703189252591829,0.4780189975795067,1.1639180014427128
market_close,ou25,T1,2020/21,420,0.2444116261007893,0.6816305118431232,0.4888232522015786,1.0815112920419292
market_close,ou25,T1,2021/22,379,0.24741811615542825,0.6879161027604829,0.4948362323108565,0.7820686610318701
market_close,ou25,T1,2022/23,313,0.2379311269968713,0.6685495905385375,0.4758622539937426,1.0860815345566235
market_close,ou25,T1,2023/24,380,0.23861315027021007,0.6692468402811751,0.47722630054042015,1.1276319283781202
market_close,ou25,T1,2024/25,340,0.23074646179250694,0.6522362895133295,0.46149292358501387,1.2696647178508935
market_close,ou25,T1,2025/26,250,0.2325219584481872,0.6570067259170019,0.4650439168963744,1.8293397269141412
market_close,ou25,T1,2026/27,49,0.22423429607466186,0.6403629487721892,0.4484685921493237,2.3495133962959986
lgb_goals,ou25,B1,2019/20,232,0.2474371417766692,0.688209987501115,0.4948742835533384,0.8076778884409794
lgb_goals,ou25,B1,2020/21,305,0.24001149054226315,0.6730447447924254,0.4800229810845263,1.7550863556884106
lgb_goals,ou25,B1,2021/22,305,0.2450177178310339,0.6831153152371334,0.4900354356620678,0.9435262506173065
lgb_goals,ou25,B1,2022/23,304,0.24043480456103086,0.6737074052681884,0.4808696091220617,1.1152268380946362
lgb_goals,ou25,B1,2023/24,312,0.24314767524881434,0.679331384498752,0.4862953504976287,1.138495768626209
lgb_goals,ou25,B1,2024/25,311,0.24465438240053505,0.682118707102294,0.4893087648010701,0.778491977326062
lgb_goals,ou25,B1,2025/26,272,0.25228852733886786,0.6978426528372879,0.5045770546777357,0.20598794378079388
lgb_goals,ou25,B1,2026/27,61,0.24630526750354148,0.6856008603033715,0.49261053500708296,0.9165665872503935
lgb_goals,ou25,D1,2019/20,306,0.22690917552487697,0.6459626462907535,0.45381835104975393,1.4887762538276499
lgb_goals,ou25,D1,2020/21,301,0.23484663257731342,0.6619890783399929,0.46969326515462684,1.2098725849988898
lgb_goals,ou25,D1,2021/22,301,0.2336704707017032,0.6592416168475792,0.4673409414034064,1.2292629654732168
lgb_goals,ou25,D1,2022/23,292,0.2371397775525468,0.6665746948923209,0.4742795551050936,0.9945982190612284
lgb_goals,ou25,D1,2023/24,292,0.23540079832024624,0.6642754620288245,0.4708015966404925,1.1993890362991977
lgb_goals,ou25,D1,2024/25,296,0.23582741939457438,0.6639849438680541,0.47165483878914877,0.8418312259208872
lgb_goals,ou25,D1,2025/26,288,0.23112152584476048,0.6539292207705104,0.46224305168952096,1.3188814034626133
lgb_goals,ou25,D1,2026/27,36,0.2082032511209967,0.6076022959075604,0.4164065022419934,2.6660946295299772
lgb_goals,ou25,D2,2019/20,305,0.25256972231353675,0.6982971522177125,0.5051394446270735,-0.26211562380428527
lgb_goals,ou25,D2,2020/21,302,0.24305212299072937,0.6791607716348791,0.48610424598145874,2.5060883783807015
lgb_goals,ou25,D2,2021/22,305,0.24277499604424202,0.6785074168057369,0.48554999208848404,1.672083668941797
lgb_goals,ou25,D2,2022/23,306,0.2442543465667236,0.6817654274653776,0.4885086931334472,1.1008774329571342
lgb_goals,ou25,D2,2023/24,306,0.2411735223911955,0.6754835251619382,0.482347044782391,1.2568066161863058
lgb_goals,ou25,D2,2024/25,306,0.2360440414640432,0.6646033140630492,0.4720880829280863,1.0224574399478235
lgb_goals,ou25,D2,2025/26,285,0.24548738189606753,0.6840316269435284,0.49097476379213506,1.0329396173210283
lgb_goals,ou25,D2,2026/27,54,0.2406057353119062,0.6745264417179315,0.4812114706238124,1.3706752604016048
lgb_goals,ou25,E0,2019/20,380,0.2415503070422332,0.6759694227932473,0.4831006140844664,1.4112456405751574
lgb_goals,ou25,E0,2020/21,380,0.2502511681135787,0.6938075392223414,0.5005023362271575,0.4531002912204098
lgb_goals,ou25,E0,2021/22,380,0.2480949970365782,0.6894839318824166,0.4961899940731564,0.7117815741356718
lgb_goals,ou25,E0,2022/23,379,0.2405552584954119,0.6735227203976146,0.4811105169908238,1.3277740005148488
lgb_goals,ou25,E0,2023/24,372,0.23549379924031166,0.6638451559228101,0.4709875984806233,1.8229332015767552
lgb_goals,ou25,E0,2024/25,377,0.24698748443149893,0.6870727917995525,0.49397496886299785,0.6058785243318123
lgb_goals,ou25,E0,2025/26,358,0.2486439353804788,0.6903815613627255,0.4972878707609576,0.6912703682234088
lgb_goals,ou25,E0,2026/27,50,0.24863374141592115,0.69053045194685,0.4972674828318423,0.744418346631847
lgb_goals,ou25,E1,2019/20,551,0.2503719108477335,0.693909275791801,0.500743821695467,0.34561658112705074
lgb_goals,ou25,E1,2020/21,549,0.2460819109708463,0.685320425239438,0.4921638219416926,1.2144098218888486
lgb_goals,ou25,E1,2021/22,552,0.24932062808115713,0.691872208504364,0.49864125616231425,0.6123429004632779
lgb_goals,ou25,E1,2022/23,552,0.24620039282598358,0.6854968335308667,0.49240078565196715,1.1756898927166755
lgb_goals,ou25,E1,2023/24,552,0.24849598761279065,0.6901465493886935,0.4969919752255813,0.9596928953825653
lgb_goals,ou25,E1,2024/25,551,0.24808648918896611,0.6893362489059219,0.49617297837793223,0.9269402193159345
lgb_goals,ou25,E1,2025/26,514,0.25006785375157337,0.6933123966479976,0.5001357075031467,0.4778931662462041
lgb_goals,ou25,E1,2026/27,90,0.25052033430976445,0.6941654149433801,0.5010406686195289,0.3037582681439606
lgb_goals,ou25,E2,2019/20,390,0.24759491636205,0.6883362284462129,0.4951898327241,1.666366392104984
lgb_goals,ou25,E2,2020/21,546,0.24779827619752218,0.688721150654842,0.49559655239504435,1.3436059103489248
lgb_goals,ou25,E2,2021/22,552,0.24956911502906182,0.6922895463168005,0.49913823005812363,0.6881209118743682
lgb_goals,ou25,E2,2022/23,552,0.25211743150590255,0.6973856948659768,0.5042348630118051,-0.027160111445013586
lgb_goals,ou25,E2,2023/24,552,0.24879191329417652,0.6907342690161495,0.49758382658835304,0.9493687533650195
lgb_goals,ou25,E2,2024/25,552,0.2446287854846801,0.6823439487964796,0.4892575709693602,1.939686354398765
lgb_goals,ou25,E2,2025/26,519,0.24923432462863693,0.6916321171571573,0.49846864925727385,0.7636031734303715
lgb_goals,ou25,E2,2026/27,89,0.2522315753276592,0.697794824404374,0.5044631506553185,-0.292402982398914
lgb_goals,ou25,E3,2019/20,426,0.24952710079014565,0.6922165044153351,0.4990542015802913,0.6019180644323777
lgb_goals,ou25,E3,2020/21,552,0.24534751128699053,0.6837893380938633,0.49069502257398107,1.3543948201115459
lgb_goals,ou25,E3,2021/22,552,0.24651161233226346,0.6860822342753936,0.4930232246645269,1.013276300753878
lgb_goals,ou25,E3,2022/23,551,0.24337181498354532,0.6798638215110503,0.48674362996709064,1.2453348179933064
lgb_goals,ou25,E3,2023/24,552,0.25013137152388787,0.6934099809853757,0.5002627430477757,0.4503969459156637
lgb_goals,ou25,E3,2024/25,550,0.2496893632665064,0.6925106755624122,0.4993787265330128,0.5800107613073838
lgb_goals,ou25,E3,2025/26,525,0.249580962513152,0.6923112169141582,0.499161925026304,0.6063292158438534
lgb_goals,ou25,E3,2026/27,99,0.24381554754705925,0.6807230911706622,0.4876310950941185,2.5396772047875986
lgb_goals,ou25,F1,2019/20,278,0.24395089120974137,0.6805053359723594,0.48790178241948273,0.9137739419339547
lgb_goals,ou25,F1,2020/21,378,0.24696419635433675,0.6867883163390225,0.4939283927086735,0.8469751472578512
lgb_goals,ou25,F1,2021/22,380,0.24733858971677072,0.6878576512252326,0.49467717943354145,0.8932616475948493
lgb_goals,ou25,F1,2022/23,376,0.24163863991279125,0.6760342843048941,0.4832772798255825,1.3384062852043095
lgb_goals,ou25,F1,2023/24,306,0.2475460073903408,0.688146630631125,0.4950920147806816,0.8461554825648617
lgb_goals,ou25,F1,2024/25,303,0.24451444997216326,0.6826419132797621,0.4890288999443265,0.7935349443934572
lgb_goals,ou25,F1,2025/26,287,0.24669886361196808,0.6865032338472346,0.49339772722393616,0.8411018693408219
lgb_goals,ou25,F1,2026/27,45,0.24314781999456964,0.6793690717246635,0.4862956399891393,1.58975962434848
lgb_goals,ou25,F2,2019/20,277,0.2384470080911891,0.6699578419173152,0.4768940161823782,1.1412155616073947
lgb_goals,ou25,F2,2020/21,379,0.2431308635310304,0.6794052560896834,0.4862617270620608,0.9700054753932021
lgb_goals,ou25,F2,2021/22,380,0.24096709065229677,0.6749860530406169,0.48193418130459353,1.049453318306926
lgb_goals,ou25,F2,2022/23,375,0.24521312458430528,0.6836192341883898,0.49042624916861055,0.7742019074404353
lgb_goals,ou25,F2,2023/24,379,0.248737351098766,0.6906412036643897,0.497474702197532,0.6150646655416374
lgb_goals,ou25,F2,2024/25,306,0.2501105582044287,0.6934253578426999,0.5002211164088572,0.4806784913873377
lgb_goals,ou25,F2,2025/26,269,0.24808701592972154,0.6893540571589972,0.4961740318594431,0.7172143053693342
lgb_goals,ou25,F2,2026/27,58,0.23498696907269978,0.6628812558462343,0.46997393814539956,2.868789912671649
lgb_goals,ou25,G1,2019/20,220,0.2404656132215812,0.6739520188285749,0.4809312264431624,0.9740956875765471
lgb_goals,ou25,G1,2020/21,223,0.23025626912492156,0.653150714413347,0.4605125382498431,1.4326072377084909
lgb_goals,ou25,G1,2021/22,240,0.2501344053977993,0.6935802178058502,0.5002688107955986,0.4871108283988739
lgb_goals,ou25,G1,2022/23,239,0.23576993134299062,0.6644778210786638,0.47153986268598125,1.2167283597023026
lgb_goals,ou25,G1,2023/24,240,0.24419520444282572,0.6812399075800506,0.48839040888565144,1.0887372060804847
lgb_goals,ou25,G1,2024/25,233,0.2526748093570951,0.6987748078440073,0.5053496187141902,0.3320368837406228
lgb_goals,ou25,G1,2025/26,207,0.24749426932837018,0.6880963904007263,0.49498853865674036,0.6916791710572955
lgb_goals,ou25,G1,2026/27,32,0.2422517811435635,0.6777203567826688,0.484503562287127,1.9205677521525106
lgb_goals,ou25,I1,2019/20,380,0.24106176582796687,0.6753797608189829,0.48212353165593375,1.7415374472451017
lgb_goals,ou25,I1,2020/21,378,0.2450628659547943,0.6832227835724054,0.4901257319095886,0.8340682192917475
lgb_goals,ou25,I1,2021/22,379,0.2471255578780311,0.6874643559919058,0.4942511157560622,0.7598926680671474
lgb_goals,ou25,I1,2022/23,380,0.24846111574203777,0.6900387547941532,0.49692223148407555,0.74331445388847
lgb_goals,ou25,I1,2023/24,380,0.24595147864908637,0.6850152519783931,0.49190295729817274,1.3179134606090805
lgb_goals,ou25,I1,2024/25,379,0.25043783731000574,0.6941450082546012,0.5008756746200115,0.4390026933024167
lgb_goals,ou25,I1,2025/26,358,0.25126158686984235,0.6957378977615933,0.5025231737396847,0.19251953768191496
lgb_goals,ou25,I1,2026/27,50,0.2461460716805829,0.6852507782475528,0.4922921433611658,1.4577138295351653
lgb_goals,ou25,I2,2019/20,371,0.24670218077899678,0.6864670248907179,0.49340436155799355,0.8794098756475304
lgb_goals,ou25,I2,2020/21,372,0.24451953768917886,0.682193626012898,0.4890390753783577,0.946711085796535
lgb_goals,ou25,I2,2021/22,380,0.2434787591813105,0.6800030247754953,0.486957518362621,1.1921062739969437
lgb_goals,ou25,I2,2022/23,377,0.24309084902533384,0.6793527028942364,0.4861816980506677,0.9847918871011377
lgb_goals,ou25,I2,2023/24,379,0.2508608370589377,0.6949603752394439,0.5017216741178754,0.41025470831341976
lgb_goals,ou25,I2,2024/25,380,0.2518794819032841,0.6971247845842918,0.5037589638065681,0.24142669208495451
lgb_goals,ou25,I2,2025/26,340,0.25333714122899065,0.6999641368889323,0.5066742824579813,0.0871240870685517
lgb_goals,ou25,I2,2026/27,46,0.25306337490004416,0.6993811489899755,0.5061267498000883,0.08088907731395731
lgb_goals,ou25,N1,2019/20,227,0.23417067346550038,0.6602926154656839,0.46834134693100077,0.9958941780621144
lgb_goals,ou25,N1,2020/21,305,0.24664516638969403,0.6861278808100985,0.49329033277938805,0.6355118881503824
lgb_goals,ou25,N1,2021/22,306,0.2320726653735836,0.6561761248966549,0.4641453307471672,1.5045214336807076
lgb_goals,ou25,N1,2022/23,306,0.23918038730485935,0.6709148604798147,0.4783607746097187,0.8979978460453326
lgb_goals,ou25,N1,2023/24,306,0.22794989496613985,0.6478600333243089,0.4558997899322797,1.5248587166992686
lgb_goals,ou25,N1,2024/25,306,0.24922711180151985,0.6927433997572919,0.4984542236030397,0.4955989679261271
lgb_goals,ou25,N1,2025/26,285,0.22977508810378977,0.6512627955966682,0.45955017620757954,1.3517975646782794
lgb_goals,ou25,N1,2026/27,62,0.20638863640846264,0.603672593197037,0.4127772728169253,2.4074777480713063
lgb_goals,ou25,P1,2019/20,305,0.2451498448975189,0.6835111638082774,0.49029968979503785,0.8771753715164557
lgb_goals,ou25,P1,2020/21,305,0.24612408292663585,0.6854658582391953,0.4922481658532717,0.8468050026211881
lgb_goals,ou25,P1,2021/22,306,0.2465564194765147,0.6862554154397459,0.4931128389530294,0.8033128086855834
lgb_goals,ou25,P1,2022/23,306,0.24325072826753458,0.6795948799278848,0.48650145653506915,0.9335532789315452
lgb_goals,ou25,P1,2023/24,305,0.2421815314555596,0.6771877429865488,0.4843630629111192,1.3349807841714694
lgb_goals,ou25,P1,2024/25,306,0.23682739703133698,0.6662443116752499,0.4736547940626739,1.3081753087390264
lgb_goals,ou25,P1,2025/26,251,0.23786763556208093,0.6684366622709313,0.47573527112416186,1.6135095597039135
lgb_goals,ou25,P1,2026/27,55,0.23375173049929485,0.6600498016601157,0.4675034609985897,1.922400687354012
lgb_goals,ou25,SC0,2019/20,179,0.2464939871767095,0.6861812608812924,0.492987974353419,0.8686457434913819
lgb_goals,ou25,SC0,2020/21,218,0.24589530193184067,0.6847058678613535,0.49179060386368134,0.9712631626359811
lgb_goals,ou25,SC0,2021/22,228,0.24562358409318288,0.6842809861604205,0.49124716818636577,1.0109314016013882
lgb_goals,ou25,SC0,2022/23,228,0.23948422706822503,0.6718348320728833,0.47896845413645006,1.31495111515951
lgb_goals,ou25,SC0,2023/24,228,0.23856934991535472,0.670067933065499,0.47713869983070945,1.6807388343432104
lgb_goals,ou25,SC0,2024/25,228,0.23761069920652056,0.6678092272967739,0.4752213984130411,1.086369466746277
lgb_goals,ou25,SC0,2025/26,212,0.24830060136717685,0.6898623941354128,0.4966012027343537,0.6999784686393172
lgb_goals,ou25,SC0,2026/27,42,0.2441777651884942,0.6814594839269549,0.4883555303769884,1.409945370426467
lgb_goals,ou25,SP1,2019/20,378,0.24611911386745336,0.685281653251726,0.4922382277349067,0.9351161620441955
lgb_goals,ou25,SP1,2020/21,379,0.2445595852770046,0.6822004966434688,0.4891191705540092,1.3523532288076903
lgb_goals,ou25,SP1,2021/22,379,0.24497110673816613,0.6830788789049608,0.48994221347633227,1.1984012708297656
lgb_goals,ou25,SP1,2022/23,380,0.24788844679611693,0.6890588545955615,0.49577689359223387,0.6902556799392062
lgb_goals,ou25,SP1,2023/24,379,0.24055778912475972,0.6741870692278821,0.48111557824951945,1.9301158698637524
lgb_goals,ou25,SP1,2024/25,378,0.24161267389053576,0.6763706195844552,0.4832253477810715,1.1256182344005679
lgb_goals,ou25,SP1,2025/26,349,0.2392893394061652,0.6712944942567127,0.4785786788123304,1.4255139910799837
lgb_goals,ou25,SP1,2026/27,69,0.23723688062397125,0.6674060817288878,0.4744737612479425,1.9912626666692534
lgb_goals,ou25,SP2,2019/20,461,0.23752536649332903,0.667997101712582,0.47505073298665806,1.1047332707746207
lgb_goals,ou25,SP2,2020/21,459,0.22648235917429355,0.6454673960028003,0.4529647183485871,1.3221034558446392
lgb_goals,ou25,SP2,2021/22,461,0.2489695261350364,0.6912250126617453,0.4979390522700728,0.5434800796473236
lgb_goals,ou25,SP2,2022/23,462,0.2262341580890455,0.6448544671572655,0.452468316178091,1.274271339227544
lgb_goals,ou25,SP2,2023/24,460,0.2349044553214576,0.6626058608261117,0.4698089106429152,1.2709182780288422
lgb_goals,ou25,SP2,2024/25,462,0.25084327099500325,0.695042348137364,0.5016865419900065,0.4248360118549227
lgb_goals,ou25,SP2,2025/26,377,0.24879622047825764,0.6907482934645188,0.4975924409565153,0.6092671820799787
lgb_goals,ou25,SP2,2026/27,78,0.2483344114190213,0.6897999446855453,0.4966688228380426,0.6503638992295351
lgb_goals,ou25,T1,2019/20,302,0.24602713683768934,0.6850719715416241,0.4920542736753787,0.9237695108415026
lgb_goals,ou25,T1,2020/21,420,0.24791632789585474,0.6889341874117386,0.4958326557917095,0.8610768378496646
lgb_goals,ou25,T1,2021/22,379,0.24855802468475754,0.6901730696828351,0.4971160493695151,0.7612344164485709
lgb_goals,ou25,T1,2022/23,313,0.2455752385464469,0.6842218421621451,0.4911504770928938,0.8843988477384064
lgb_goals,ou25,T1,2023/24,380,0.24507982977940568,0.6828871139799786,0.49015965955881136,0.9440142863015409
lgb_goals,ou25,T1,2024/25,340,0.2390471787806848,0.6700282045464834,0.4780943575613696,0.9744316290495312
lgb_goals,ou25,T1,2025/26,250,0.2397712398627728,0.6722890193975916,0.4795424797255456,1.5390620555508208
lgb_goals,ou25,T1,2026/27,49,0.23420368979041392,0.6608805137112664,0.46840737958082784,2.358664020301121
lgb_xg,ou25,B1,2019/20,232,0.24522086075539967,0.6836128661535137,0.49044172151079934,1.2476129749963065
lgb_xg,ou25,B1,2020/21,305,0.24107772372237818,0.6751716742811044,0.48215544744475636,1.803464335868967
lgb_xg,ou25,B1,2021/22,305,0.24433587928901385,0.6816421300724932,0.4886717585780277,0.9310728262583822
lgb_xg,ou25,B1,2022/23,304,0.24071145749235706,0.6744059001734717,0.4814229149847141,1.7615149506446992
lgb_xg,ou25,B1,2023/24,312,0.24212385849573773,0.6771596211631762,0.48424771699147545,1.072618896349796
lgb_xg,ou25,B1,2024/25,311,0.24605202137639604,0.6850090948060703,0.49210404275279207,0.6709866714406112
lgb_xg,ou25,B1,2025/26,272,0.25122633067918687,0.6957570081049842,0.5024526613583737,0.3881473145410368
lgb_xg,ou25,B1,2026/27,61,0.2452714724494619,0.6840397090290138,0.4905429448989238,0.7356227448420702
lgb_xg,ou25,D1,2019/20,306,0.22487721692117282,0.6415355133582583,0.44975443384234565,1.4920183357012275
lgb_xg,ou25,D1,2020/21,301,0.23335302687436402,0.6587587465407873,0.46670605374872803,1.1294573380369928
lgb_xg,ou25,D1,2021/22,301,0.23405782359992397,0.6600546025874193,0.46811564719984794,1.0887874322721107
lgb_xg,ou25,D1,2022/23,292,0.23666462515910683,0.6659205889265404,0.47332925031821366,1.3186004483111498
lgb_xg,ou25,D1,2023/24,292,0.23320350031040493,0.6595635457800417,0.46640700062080986,1.154392484703048
lgb_xg,ou25,D1,2024/25,296,0.23373351466704426,0.6596315267968997,0.4674670293340885,0.8441351486655179
lgb_xg,ou25,D1,2025/26,288,0.22885714114373432,0.6488596629690723,0.45771428228746863,1.2271822309872382
lgb_xg,ou25,D1,2026/27,36,0.1948977335655321,0.5792023770437945,0.3897954671310642,1.8792525268554925
lgb_xg,ou25,D2,2019/20,305,0.25131257415610847,0.6958787174091412,0.5026251483122169,0.31319681487631496
lgb_xg,ou25,D2,2020/21,302,0.2419157938662196,0.6768709759202952,0.4838315877324392,2.3545732385004485
lgb_xg,ou25,D2,2021/22,305,0.24001484910033336,0.6728988405813701,0.4800296982006667,1.4063910484037672
lgb_xg,ou25,D2,2022/23,306,0.24414700779590323,0.6814178807342772,0.48829401559180646,1.052354091985296
lgb_xg,ou25,D2,2023/24,306,0.23956908920268502,0.6722237943519579,0.47913817840537004,1.0987924899529213
lgb_xg,ou25,D2,2024/25,306,0.23492646588217622,0.6623652139722185,0.46985293176435244,1.0836052589728529
lgb_xg,ou25,D2,2025/26,285,0.24459938419907232,0.6823183075141934,0.48919876839814463,0.986040869769768
lgb_xg,ou25,D2,2026/27,54,0.24076420621828684,0.6753891740908288,0.4815284124365737,0.7902505559811668
lgb_xg,ou25,E0,2019/20,380,0.2397116131363666,0.6722138406397161,0.4794232262727332,1.5656567922149298
lgb_xg,ou25,E0,2020/21,380,0.2497840071954588,0.693045185606201,0.4995680143909176,0.5018696788337955
lgb_xg,ou25,E0,2021/22,380,0.24752645176451132,0.6883433259881306,0.49505290352902265,0.7021185307306507
lgb_xg,ou25,E0,2022/23,379,0.2414984257290153,0.6757242696712331,0.4829968514580306,1.4596850340176144
lgb_xg,ou25,E0,2023/24,372,0.23376809750498212,0.6603303695381364,0.46753619500996424,1.5277344108983377
lgb_xg,ou25,E0,2024/25,377,0.24950669946170542,0.6929225640584807,0.49901339892341084,0.4973089485471827
lgb_xg,ou25,E0,2025/26,358,0.2489951689548802,0.6911250240948911,0.4979903379097604,0.6001230717662605
lgb_xg,ou25,E0,2026/27,50,0.2516173833438482,0.6969127599087515,0.5032347666876964,0.29762441977234844
lgb_xg,ou25,E1,2019/20,551,0.25070917027131234,0.6945720445950752,0.5014183405426247,0.23847676507223284
lgb_xg,ou25,E1,2020/21,549,0.24325955021631301,0.6796464746433455,0.48651910043262603,1.3159674105337271
lgb_xg,ou25,E1,2021/22,552,0.24861394060426997,0.6904251098950381,0.49722788120853983,0.656874096179389
lgb_xg,ou25,E1,2022/23,552,0.24475752242553728,0.6826109226328053,0.48951504485107455,1.3753439043961189
lgb_xg,ou25,E1,2023/24,552,0.2480626110235734,0.6892512474335721,0.4961252220471469,0.9530442608367174
lgb_xg,ou25,E1,2024/25,551,0.24570109878026797,0.6844643679202315,0.49140219756053594,1.3734533599074694
lgb_xg,ou25,E1,2025/26,514,0.25112458291390755,0.6954627758144809,0.5022491658278151,0.28687587210683485
lgb_xg,ou25,E1,2026/27,90,0.24673886448825463,0.6866380522565844,0.49347772897650927,1.4928985958994976
lgb_xg,ou25,E2,2019/20,390,0.248135835981791,0.6894071826836429,0.496271671963582,1.3733611542868343
lgb_xg,ou25,E2,2020/21,546,0.24681821948660215,0.6867680106434488,0.4936364389732042,1.390597469500169
lgb_xg,ou25,E2,2021/22,552,0.24958431194578884,0.6923253102311417,0.4991686238915777,0.6554955205433268
lgb_xg,ou25,E2,2022/23,552,0.2508588187675205,0.6948759616598336,0.501717637535041,0.14289890438332714
lgb_xg,ou25,E2,2023/24,552,0.24795013841347352,0.6890270444193367,0.49590027682694693,1.1451331953277413
lgb_xg,ou25,E2,2024/25,552,0.24663973224168576,0.6863795505543122,0.4932794644833715,1.2883007372989403
lgb_xg,ou25,E2,2025/26,519,0.25025946920362463,0.6937037157200638,0.5005189384072493,0.44720536664646815
lgb_xg,ou25,E2,2026/27,89,0.2535987936869888,0.700907379889116,0.5071975873739776,-0.051082934109992956
lgb_xg,ou25,E3,2019/20,426,0.2482330241415287,0.6896017437773106,0.4964660482830574,0.9764300776198819
lgb_xg,ou25,E3,2020/21,552,0.24379503571122765,0.6806241761307327,0.4875900714224553,1.4146287555459534
lgb_xg,ou25,E3,2021/22,552,0.24610733813359972,0.685275947221437,0.49221467626719945,0.9652619042340853
lgb_xg,ou25,E3,2022/23,551,0.24173056589745268,0.6765094188508957,0.48346113179490535,1.4653071270925866
lgb_xg,ou25,E3,2023/24,552,0.25023195056831904,0.6936229537017238,0.5004639011366381,0.43271900776959804
lgb_xg,ou25,E3,2024/25,550,0.2490967983538396,0.6913254290592316,0.4981935967076792,0.703872261425389
lgb_xg,ou25,E3,2025/26,525,0.24931862445775108,0.6917721305078418,0.49863724891550215,0.651648099435138
lgb_xg,ou25,E3,2026/27,99,0.24695590186659075,0.6870306974256285,0.4939118037331815,1.4028992257230744
lgb_xg,ou25,F1,2019/20,278,0.24218453494091793,0.6769948622855054,0.48436906988183587,1.0892381309488577
lgb_xg,ou25,F1,2020/21,378,0.24825852041771973,0.6893587279476691,0.49651704083543946,0.6582881142066129
lgb_xg,ou25,F1,2021/22,380,0.24576374909481205,0.6846343105499257,0.4915274981896241,1.0022362955303084
lgb_xg,ou25,F1,2022/23,376,0.24133344903130274,0.6755098877181456,0.4826668980626055,1.8075535134659146
lgb_xg,ou25,F1,2023/24,306,0.24808089368381164,0.6891637974504612,0.4961617873676233,0.7623776674468296
lgb_xg,ou25,F1,2024/25,303,0.24407713482112733,0.681344599869652,0.48815426964225467,0.7265822674682321
lgb_xg,ou25,F1,2025/26,287,0.24467770626209814,0.6824601951326654,0.4893554125241963,0.8569291388824737
lgb_xg,ou25,F1,2026/27,45,0.23344650367778033,0.6597004715683511,0.46689300735556066,1.7649224098452185
lgb_xg,ou25,F2,2019/20,277,0.2391109394313529,0.671318454168824,0.4782218788627058,1.1213633271587917
lgb_xg,ou25,F2,2020/21,379,0.24126777298502192,0.675499028019005,0.48253554597004383,1.0026775553977614
lgb_xg,ou25,F2,2021/22,380,0.23877762757257034,0.6704334129903585,0.4775552551451407,1.0070693340103056
lgb_xg,ou25,F2,2022/23,375,0.24533259698544438,0.6837649306473158,0.49066519397088876,0.8129516442431738
lgb_xg,ou25,F2,2023/24,379,0.25024052708146116,0.6937027943452183,0.5004810541629223,0.47480428488160265
lgb_xg,ou25,F2,2024/25,306,0.24686988155535508,0.6868347741078226,0.49373976311071016,1.009886808661885
lgb_xg,ou25,F2,2025/26,269,0.2471784490567054,0.6875559926181856,0.4943568981134108,0.7770054671528916
lgb_xg,ou25,F2,2026/27,58,0.23235080761781807,0.6576071181588203,0.46470161523563613,2.097172888472743
lgb_xg,ou25,G1,2019/20,220,0.24158465477267016,0.6762075669098757,0.4831693095453402,0.9952296177012292
lgb_xg,ou25,G1,2020/21,223,0.22986344320445837,0.6522866370043428,0.45972688640891674,1.413722989683646
lgb_xg,ou25,G1,2021/22,240,0.2503876120812039,0.6940836997781948,0.5007752241624078,0.47719141654376196
lgb_xg,ou25,G1,2022/23,239,0.23507234872507382,0.6629897357557949,0.47014469745014764,1.5329074708843387
lgb_xg,ou25,G1,2023/24,240,0.24626275890082575,0.6854244599050857,0.4925255178016515,0.8609210473169772
lgb_xg,ou25,G1,2024/25,233,0.25396362609932477,0.7015375117397807,0.5079272521986495,0.18173352021624709
lgb_xg,ou25,G1,2025/26,207,0.2511506208110687,0.6954840609786208,0.5023012416221374,0.4012546076566671
lgb_xg,ou25,G1,2026/27,32,0.250673486919919,0.6947067978499768,0.501346973839838,0.36652441855833046
lgb_xg,ou25,I1,2019/20,380,0.2392478973769565,0.6716940564402446,0.478495794753913,2.2486113682206867
lgb_xg,ou25,I1,2020/21,378,0.2460632216051303,0.6854114631502022,0.4921264432102606,0.6583416027504497
lgb_xg,ou25,I1,2021/22,379,0.24796092648726759,0.6893139681312125,0.49592185297453517,0.632261491355288
lgb_xg,ou25,I1,2022/23,380,0.24827181176112179,0.6896882725175328,0.49654362352224357,0.861600419191584
lgb_xg,ou25,I1,2023/24,380,0.24474781567332732,0.6825883600994435,0.48949563134665464,1.5706649517414295
lgb_xg,ou25,I1,2024/25,379,0.24940041190101733,0.6920529528542697,0.49880082380203467,0.5648361970721758
lgb_xg,ou25,I1,2025/26,358,0.24979987925396507,0.6928725160084275,0.49959975850793015,0.5203986754863951
lgb_xg,ou25,I1,2026/27,50,0.2468859489689654,0.6866744704145491,0.4937718979379308,0.9156095365706549
lgb_xg,ou25,I2,2019/20,371,0.2467333992460307,0.6865584051951513,0.4934667984920614,1.04798781253314
lgb_xg,ou25,I2,2020/21,372,0.24464694601868545,0.682444870930697,0.4892938920373709,1.2121391414072527
lgb_xg,ou25,I2,2021/22,380,0.24511052089867597,0.6833218905031895,0.49022104179735193,1.2973602632338004
lgb_xg,ou25,I2,2022/23,377,0.24330187977625667,0.6797221105812178,0.4866037595525132,1.2150267359842866
lgb_xg,ou25,I2,2023/24,379,0.2507515572658159,0.6947083221736112,0.5015031145316318,0.40315590764788223
lgb_xg,ou25,I2,2024/25,380,0.25247360757536386,0.6982378309541427,0.5049472151507277,0.016196276629181074
lgb_xg,ou25,I2,2025/26,340,0.2513877735905983,0.6960067160511736,0.5027755471811965,0.31655913519803947
lgb_xg,ou25,I2,2026/27,46,0.24551668833454726,0.6842378052600281,0.4910333766690945,1.1211351659354496
lgb_xg,ou25,N1,2019/20,227,0.23239938640132285,0.6565961045852134,0.4647987728026457,0.9938416363808472
lgb_xg,ou25,N1,2020/21,305,0.24778112528932053,0.6884314918479961,0.49556225057864106,0.5685319982546494
lgb_xg,ou25,N1,2021/22,306,0.2317369394227694,0.6553733893066972,0.4634738788455388,1.3937232700667361
lgb_xg,ou25,N1,2022/23,306,0.2388956379338895,0.6704735744275098,0.477791275867779,1.0674769408130378
lgb_xg,ou25,N1,2023/24,306,0.2276510173477237,0.6470720428421052,0.4553020346954474,1.2896814054797185
lgb_xg,ou25,N1,2024/25,306,0.24906227825579486,0.6924867142413891,0.4981245565115897,0.499808147166166
lgb_xg,ou25,N1,2025/26,285,0.23171260645497727,0.6551239342103468,0.46342521290995453,1.0637743359451373
lgb_xg,ou25,N1,2026/27,62,0.19233647511833418,0.5734907949719441,0.38467295023666837,1.5060471195376672
lgb_xg,ou25,P1,2019/20,305,0.2448943444419184,0.6829620450998779,0.4897886888838368,0.9242675131485676
lgb_xg,ou25,P1,2020/21,305,0.24619835671585405,0.6856260755027979,0.4923967134317081,0.8075849774628432
lgb_xg,ou25,P1,2021/22,306,0.24639945393362425,0.6859379592269618,0.4927989078672485,0.8340049065528734
lgb_xg,ou25,P1,2022/23,306,0.24188005766897383,0.6767860891193761,0.48376011533794755,1.3832059438186624
lgb_xg,ou25,P1,2023/24,305,0.24087018728431997,0.6744834822442547,0.48174037456863994,1.4630979953256138
lgb_xg,ou25,P1,2024/25,306,0.23727191805323725,0.6670152748229778,0.4745438361064745,1.319543427473141
lgb_xg,ou25,P1,2025/26,251,0.238106842306211,0.6687312015429757,0.476213684612422,1.5247661778708268
lgb_xg,ou25,P1,2026/27,55,0.2300115205170762,0.6522248885035208,0.4600230410341524,1.7954714354144317
lgb_xg,ou25,SC0,2019/20,179,0.24384217094113433,0.6807042069203038,0.48768434188226867,1.1832640117957804
lgb_xg,ou25,SC0,2020/21,218,0.24509108958622733,0.6832119720258382,0.49018217917245466,1.0896915090922923
lgb_xg,ou25,SC0,2021/22,228,0.2457291735858067,0.6845073703165516,0.4914583471716134,0.959934273978194
lgb_xg,ou25,SC0,2022/23,228,0.24015578756474784,0.6732466981520051,0.4803115751294957,1.5976877590979455
lgb_xg,ou25,SC0,2023/24,228,0.23847560473994753,0.6697891819426556,0.47695120947989506,1.5542851858007658
lgb_xg,ou25,SC0,2024/25,228,0.23945462332844258,0.6713329600168163,0.4789092466568852,1.0732491029545919
lgb_xg,ou25,SC0,2025/26,212,0.24845620676104746,0.6901486983350784,0.4969124135220949,0.6312089795696512
lgb_xg,ou25,SC0,2026/27,42,0.2507209434767079,0.6955100737442628,0.5014418869534158,0.4324649208549635
lgb_xg,ou25,SP1,2019/20,378,0.24364963921277752,0.6803901082859416,0.48729927842555504,1.1247323178320396
lgb_xg,ou25,SP1,2020/21,379,0.24265046022395398,0.678338600902913,0.48530092044790807,1.0866210594610444
lgb_xg,ou25,SP1,2021/22,379,0.24230865273003424,0.6775810320714892,0.4846173054600685,1.163050969338033
lgb_xg,ou25,SP1,2022/23,380,0.24606639769260785,0.6853225410142965,0.4921327953852157,0.9829485310463287
lgb_xg,ou25,SP1,2023/24,379,0.24033000264478485,0.6737564128101187,0.4806600052895696,1.675868367896385
lgb_xg,ou25,SP1,2024/25,378,0.24408811863921145,0.6815054039005878,0.4881762372784229,0.8844750616898854
lgb_xg,ou25,SP1,2025/26,349,0.24154985420126113,0.6758526904067578,0.48309970840252225,1.0257189209901783
lgb_xg,ou25,SP1,2026/27,69,0.2246683909211719,0.6407327538652754,0.4493367818423438,2.2638227116499188
lgb_xg,ou25,SP2,2019/20,461,0.23815262756229025,0.6692586333812461,0.4763052551245805,1.1304175271661239
lgb_xg,ou25,SP2,2020/21,459,0.2256512382755231,0.6437222867873968,0.45130247655104627,1.1901153887116223
lgb_xg,ou25,SP2,2021/22,461,0.2474270814926608,0.6880711764410022,0.4948541629853216,0.6011949969911066
lgb_xg,ou25,SP2,2022/23,462,0.2276259277601393,0.6477619962703348,0.4552518555202785,1.5088193773662837
lgb_xg,ou25,SP2,2023/24,460,0.23455105604213983,0.66188659197288,0.46910211208427965,1.2955604797499713
lgb_xg,ou25,SP2,2024/25,462,0.24802364473607502,0.6891453482231982,0.49604728947215004,0.70344708325631
lgb_xg,ou25,SP2,2025/26,377,0.24378141272066275,0.6806159748982112,0.4875628254413255,1.1719143342182858
lgb_xg,ou25,SP2,2026/27,78,0.24947227712183745,0.6921652285549933,0.4989445542436749,0.5323616237382122
lgb_xg,ou25,T1,2019/20,302,0.24564890191591698,0.6843225313826744,0.49129780383183397,0.9077921211974709
lgb_xg,ou25,T1,2020/21,420,0.2460742853900977,0.6851246839925766,0.4921485707801954,1.0684010502129715
lgb_xg,ou25,T1,2021/22,379,0.24801167109891742,0.689052185043973,0.49602334219783484,0.7782389344648153
lgb_xg,ou25,T1,2022/23,313,0.24366485162105095,0.6802072807578488,0.4873297032421019,1.1822199434589913
lgb_xg,ou25,T1,2023/24,380,0.24391521884110712,0.6803125875000098,0.48783043768221424,0.9881277180854535
lgb_xg,ou25,T1,2024/25,340,0.2368353894712652,0.665728799653849,0.4736707789425304,1.182762224952081
lgb_xg,ou25,T1,2025/26,250,0.23695557455645042,0.6663519558721194,0.47391114911290083,1.499983367568694
lgb_xg,ou25,T1,2026/27,49,0.23772345909780307,0.6680008951131376,0.47544691819560614,1.1894120223481883
cb_goals,ou25,B1,2019/20,232,0.2459494449400055,0.6851193804289717,0.491898889880011,0.982711732469166
cb_goals,ou25,B1,2020/21,305,0.2405606725434417,0.6740525030681189,0.4811213450868834,1.3308035372297462
cb_goals,ou25,B1,2021/22,305,0.2453678120174757,0.6839732954981613,0.4907356240349514,0.8169810918805731
cb_goals,ou25,B1,2022/23,304,0.23881932533924669,0.6703787084933267,0.47763865067849337,1.2809887969872826
cb_goals,ou25,B1,2023/24,312,0.2455399219479184,0.6842333894011272,0.4910798438958368,0.8761939891133025
cb_goals,ou25,B1,2024/25,311,0.24375369055752552,0.6803568131750144,0.48750738111505104,0.8900222145750966
cb_goals,ou25,B1,2025/26,272,0.25149541173227424,0.696279574539025,0.5029908234645485,0.31470475267899983
cb_goals,ou25,B1,2026/27,61,0.2444678607345592,0.6820070109771792,0.4889357214691184,0.9625094289470069
cb_goals,ou25,D1,2019/20,306,0.2274872173456903,0.6472407460986395,0.4549744346913806,1.4182418498906675
cb_goals,ou25,D1,2020/21,301,0.2347578239710822,0.6615417128624838,0.4695156479421644,1.0416144182221798
cb_goals,ou25,D1,2021/22,301,0.23506840974375645,0.6622937061029016,0.4701368194875129,1.117733221467959
cb_goals,ou25,D1,2022/23,292,0.23595918920122483,0.6642760113215481,0.47191837840244966,1.149483367397788
cb_goals,ou25,D1,2023/24,292,0.23348744091631035,0.660266606659955,0.4669748818326207,1.1727585796143305
cb_goals,ou25,D1,2024/25,296,0.23599600790584943,0.6643705776477095,0.47199201581169886,0.8565970138210156
cb_goals,ou25,D1,2025/26,288,0.23142331309131592,0.6542996535361087,0.46284662618263184,1.1406899695940451
cb_goals,ou25,D1,2026/27,36,0.21169090376465455,0.6146993616287589,0.4233818075293091,1.9603207395275608
cb_goals,ou25,D2,2019/20,305,0.25146427546719435,0.6960406570045974,0.5029285509343887,0.20763692211772894
cb_goals,ou25,D2,2020/21,302,0.24239316355529583,0.677763532344579,0.48478632711059166,1.6436567290540514
cb_goals,ou25,D2,2021/22,305,0.24201472523537532,0.677003659597373,0.48402945047075063,1.4898857456589654
cb_goals,ou25,D2,2022/23,306,0.2446886597444709,0.6826848572116123,0.4893773194889418,1.114694591416287
cb_goals,ou25,D2,2023/24,306,0.2394828368278997,0.6720760151712936,0.4789656736557994,1.2254464677190036
cb_goals,ou25,D2,2024/25,306,0.23732073882964644,0.6673157158153372,0.474641477659293,0.9793731059787616
cb_goals,ou25,D2,2025/26,285,0.24517238011885703,0.6834327246311036,0.49034476023771406,1.0007779158034213
cb_goals,ou25,D2,2026/27,54,0.2357190557590386,0.6645689879038733,0.4714381115180772,1.6821309436016754
cb_goals,ou25,E0,2019/20,380,0.2426668408930004,0.6781756515653635,0.4853336817860008,1.3050602654269436
cb_goals,ou25,E0,2020/21,380,0.2534131391130156,0.7004462597283386,0.5068262782260312,0.13557317635106872
cb_goals,ou25,E0,2021/22,380,0.24876429757092028,0.6909458269489834,0.49752859514184056,0.6077169725728707
cb_goals,ou25,E0,2022/23,379,0.23918841195219503,0.6707249262743794,0.47837682390439007,1.549275526254567
cb_goals,ou25,E0,2023/24,372,0.23348932653048535,0.6597897081116438,0.4669786530609707,1.561835748215581
cb_goals,ou25,E0,2024/25,377,0.2484880073869671,0.6906134886518683,0.4969760147739342,0.5310338213759163
cb_goals,ou25,E0,2025/26,358,0.2500072588179243,0.6932296514785473,0.5000145176358486,0.49341746737071096
cb_goals,ou25,E0,2026/27,50,0.2523188850362823,0.6983957736117407,0.5046377700725646,0.09810846492392264
cb_goals,ou25,E1,2019/20,551,0.24975047253838292,0.6926628750703586,0.49950094507676585,0.5896086828755283
cb_goals,ou25,E1,2020/21,549,0.2451903112953397,0.6834903484217569,0.4903806225906794,1.0604720104404346
cb_goals,ou25,E1,2021/22,552,0.24895937354706416,0.691143203236128,0.4979187470941283,0.6262701459014273
cb_goals,ou25,E1,2022/23,552,0.24586040248789345,0.6848349294046084,0.4917208049757869,1.1984109142909796
cb_goals,ou25,E1,2023/24,552,0.2493753567393861,0.6919394522659184,0.4987507134787722,0.6449640544674212
cb_goals,ou25,E1,2024/25,551,0.24888485851958653,0.690910633030284,0.49776971703917305,0.7086929975882765
cb_goals,ou25,E1,2025/26,514,0.25013020514728757,0.6934598131276407,0.5002604102945751,0.46704482529876845
cb_goals,ou25,E1,2026/27,90,0.25379777865189274,0.700730328079342,0.5075955573037855,-0.6070480699301581
cb_goals,ou25,E2,2019/20,390,0.24724498840712925,0.6876445621050907,0.4944899768142585,1.3681156351060755
cb_goals,ou25,E2,2020/21,546,0.24912849325499373,0.691424127588898,0.49825698650998745,0.6612104134052437
cb_goals,ou25,E2,2021/22,552,0.25064914090457296,0.6945049634361385,0.5012982818091459,0.33401057244326926
cb_goals,ou25,E2,2022/23,552,0.2520098167880011,0.697189845358618,0.5040196335760022,0.02043170864949753
cb_goals,ou25,E2,2023/24,552,0.24820027447423032,0.6895372937651064,0.49640054894846064,0.8751839370505525
cb_goals,ou25,E2,2024/25,552,0.24640988191852645,0.6859179584767551,0.4928197638370529,1.2170634192810512
cb_goals,ou25,E2,2025/26,519,0.25008141502628,0.6933730894216642,0.50016283005256,0.4760408963910279
cb_goals,ou25,E2,2026/27,89,0.25347881342969736,0.7003624140342952,0.5069576268593947,-0.28982377639196244
cb_goals,ou25,E3,2019/20,426,0.25052800450298174,0.6941978298504731,0.5010560090059635,0.4084191244535676
cb_goals,ou25,E3,2020/21,552,0.24391666252729804,0.6808435654548699,0.48783332505459603,1.2656494708595227
cb_goals,ou25,E3,2021/22,552,0.24791845634037388,0.6889339943912168,0.49583691268074775,0.7111700203935437
cb_goals,ou25,E3,2022/23,551,0.24295061342439392,0.6790239995740689,0.48590122684878784,1.2289389850940131
cb_goals,ou25,E3,2023/24,552,0.2490926997497645,0.691352210941717,0.498185399499529,0.6824580800968714
cb_goals,ou25,E3,2024/25,550,0.24936705580753357,0.6918329374607369,0.49873411161506714,0.6290812704466786
cb_goals,ou25,E3,2025/26,525,0.25064357957945316,0.6944643436609,0.5012871591589063,0.3730728596988853
cb_goals,ou25,E3,2026/27,99,0.24207435536673427,0.6771842556471478,0.48414871073346855,2.3021599171033573
cb_goals,ou25,F1,2019/20,278,0.24375759847932224,0.6803083080457605,0.4875151969586445,1.1136220200846523
cb_goals,ou25,F1,2020/21,378,0.24574258650750463,0.6842838104835528,0.49148517301500927,1.0106651049893687
cb_goals,ou25,F1,2021/22,380,0.2471541404483102,0.6874535493842031,0.4943082808966204,0.9191342164998842
cb_goals,ou25,F1,2022/23,376,0.241786814511322,0.6764226699808571,0.483573629022644,1.5371523570237815
cb_goals,ou25,F1,2023/24,306,0.2481999450325794,0.6895229570508646,0.4963998900651588,0.7627468599364551
cb_goals,ou25,F1,2024/25,303,0.2443036160706232,0.6818458470139117,0.4886072321412465,0.8432805961810503
cb_goals,ou25,F1,2025/26,287,0.2472772512599117,0.6877900837680185,0.4945545025198234,0.7420308242090637
cb_goals,ou25,F1,2026/27,45,0.24543513705166758,0.6839435835193023,0.49087027410333517,1.220389718789257
cb_goals,ou25,F2,2019/20,277,0.2402336101442786,0.6736513741996176,0.4804672202885572,1.0770132286826097
cb_goals,ou25,F2,2020/21,379,0.2423574602273399,0.6778373552269588,0.4847149204546798,1.013983399863064
cb_goals,ou25,F2,2021/22,380,0.2398688217228385,0.6727201050286106,0.479737643445677,1.145971429936517
cb_goals,ou25,F2,2022/23,375,0.24511537802749012,0.6833430951449203,0.49023075605498023,0.8692460488967481
cb_goals,ou25,F2,2023/24,379,0.24909272026651932,0.691365979548185,0.49818544053303865,0.593979672202859
cb_goals,ou25,F2,2024/25,306,0.2497310905151641,0.692546795573794,0.4994621810303282,0.5422503175533577
cb_goals,ou25,F2,2025/26,269,0.24760816070421093,0.6883899285327572,0.49521632140842187,0.8038277471791935
cb_goals,ou25,F2,2026/27,58,0.2333957631101472,0.6596728269515486,0.4667915262202944,3.6065392456274763
cb_goals,ou25,G1,2019/20,220,0.24168364391364133,0.676457291889418,0.48336728782728267,1.1749370822573058
cb_goals,ou25,G1,2020/21,223,0.23278732339367686,0.658663854070159,0.4655746467873537,1.4495819349155097
cb_goals,ou25,G1,2021/22,240,0.24938020988880935,0.6919862426013969,0.4987604197776187,0.5379198818892905
cb_goals,ou25,G1,2022/23,239,0.23954644407707254,0.6720973965639538,0.479092888154145,1.6346764653475876
cb_goals,ou25,G1,2023/24,240,0.24052338974473572,0.6735871900755347,0.48104677948947144,1.4523599323051504
cb_goals,ou25,G1,2024/25,233,0.25144932228455297,0.6963440017428141,0.5028986445691059,0.35669654162132214
cb_goals,ou25,G1,2025/26,207,0.24335214284550027,0.6795598474791975,0.48670428569100055,1.1653071900625793
cb_goals,ou25,G1,2026/27,32,0.24124404164493413,0.6756547693944605,0.48248808328986825,2.1480430460486546
cb_goals,ou25,I1,2019/20,380,0.2354434338931981,0.6638478610805674,0.4708868677863962,1.9344222185316124
cb_goals,ou25,I1,2020/21,378,0.24366400474236566,0.680527485550853,0.4873280094847313,0.7754455789121448
cb_goals,ou25,I1,2021/22,379,0.24622387539132776,0.6857234737702451,0.4924477507826555,0.8108936081336876
cb_goals,ou25,I1,2022/23,380,0.24682402980240206,0.6867850746123569,0.4936480596048041,1.0448073098217654
cb_goals,ou25,I1,2023/24,380,0.24551884069960975,0.6841246785958348,0.4910376813992195,1.0903424124831773
cb_goals,ou25,I1,2024/25,379,0.24979895423494627,0.6929555321066881,0.4995979084698926,0.5076795387408947
cb_goals,ou25,I1,2025/26,358,0.25086024916321725,0.6950410255105438,0.5017204983264345,0.39411021141932334
cb_goals,ou25,I1,2026/27,50,0.24891839778182237,0.6905679611050713,0.49783679556364474,0.6303564809070973
cb_goals,ou25,I2,2019/20,371,0.24704102174093556,0.6871927988811289,0.49408204348187124,0.9301894219403589
cb_goals,ou25,I2,2020/21,372,0.24633861166162727,0.6859272591141784,0.49267722332325453,0.8536736639335392
cb_goals,ou25,I2,2021/22,380,0.24651194527808612,0.6861037830716818,0.49302389055617224,0.9069551464973085
cb_goals,ou25,I2,2022/23,377,0.24509762416632705,0.683393141333803,0.4901952483326541,0.925454970652372
cb_goals,ou25,I2,2023/24,379,0.24872378536923184,0.6906360890573204,0.4974475707384637,0.6508563070903464
cb_goals,ou25,I2,2024/25,380,0.2515660745828989,0.6965096211619006,0.5031321491657978,0.2564580875021985
cb_goals,ou25,I2,2025/26,340,0.25315283658585996,0.6995893873919096,0.5063056731717199,0.08234209864255634
cb_goals,ou25,I2,2026/27,46,0.25451300062907095,0.7023280211203181,0.5090260012581419,-0.10813984414827525
cb_goals,ou25,N1,2019/20,227,0.23471608685623596,0.6620272206502291,0.4694321737124719,1.0076206679212159
cb_goals,ou25,N1,2020/21,305,0.24733578295367098,0.6871121345118846,0.49467156590734196,0.6201892998137682
cb_goals,ou25,N1,2021/22,306,0.22979321116494597,0.6516372820163306,0.45958642232989194,1.9219328653306147
cb_goals,ou25,N1,2022/23,306,0.24106267822263733,0.6748061326074538,0.48212535644527466,1.0696993267734765
cb_goals,ou25,N1,2023/24,306,0.229966978293763,0.6518826691171847,0.459933956587526,1.5574806658548654
cb_goals,ou25,N1,2024/25,306,0.24575063971097091,0.6849438561108715,0.49150127942194183,0.6081678024203413
cb_goals,ou25,N1,2025/26,285,0.23029174336994798,0.6520848832394467,0.46058348673989596,1.343746264072594
cb_goals,ou25,N1,2026/27,62,0.20735218225957605,0.604618504628894,0.4147043645191521,2.2349240066823195
cb_goals,ou25,P1,2019/20,305,0.24681746942826358,0.687051255416345,0.49363493885652715,0.736894324868602
cb_goals,ou25,P1,2020/21,305,0.24817750479573494,0.6898278815222281,0.4963550095914699,0.6455946155158634
cb_goals,ou25,P1,2021/22,306,0.24807735062213743,0.6893467125639265,0.49615470124427485,0.6792853709535659
cb_goals,ou25,P1,2022/23,306,0.2412263323419282,0.6753630897521978,0.4824526646838564,1.20622431771341
cb_goals,ou25,P1,2023/24,305,0.23939503323210642,0.6711730053009175,0.47879006646421285,1.4282968439112766
cb_goals,ou25,P1,2024/25,306,0.23887543204607012,0.6705679308296058,0.47775086409214024,1.2012314176721506
cb_goals,ou25,P1,2025/26,251,0.2365933258695531,0.6656191321381792,0.4731866517391062,1.6756113961737298
cb_goals,ou25,P1,2026/27,55,0.22974118288770645,0.6519836144105864,0.4594823657754129,2.1508979792916043
cb_goals,ou25,SC0,2019/20,179,0.24864038206459319,0.6906527867031459,0.49728076412918637,0.5941747773497131
cb_goals,ou25,SC0,2020/21,218,0.24305298022838118,0.6789194172791317,0.48610596045676235,1.0738164403178196
cb_goals,ou25,SC0,2021/22,228,0.24548832437606516,0.6838938894117356,0.4909766487521303,0.8369863588059729
cb_goals,ou25,SC0,2022/23,228,0.2419203078075658,0.676854000427061,0.4838406156151316,1.0369512340544471
cb_goals,ou25,SC0,2023/24,228,0.23955790375058514,0.6720791340544952,0.4791158075011703,1.4119623989879002
cb_goals,ou25,SC0,2024/25,228,0.23965802207637796,0.6715163757928378,0.4793160441527559,0.9682173693380615
cb_goals,ou25,SC0,2025/26,212,0.25047897733742885,0.6942365820001203,0.5009579546748577,0.44528987485158783
cb_goals,ou25,SC0,2026/27,42,0.24751296106434606,0.6882357450560828,0.4950259221286921,0.7496021059200842
cb_goals,ou25,SP1,2019/20,378,0.2456947038372367,0.6844383183009742,0.4913894076744734,0.957565194216766
cb_goals,ou25,SP1,2020/21,379,0.24420684645556034,0.6814530091615247,0.4884136929111207,1.0810497392322223
cb_goals,ou25,SP1,2021/22,379,0.2430359490404988,0.6791237930980346,0.4860718980809976,1.3035168360204776
cb_goals,ou25,SP1,2022/23,380,0.24768821056875015,0.6886482006541342,0.4953764211375003,0.7388449752492566
cb_goals,ou25,SP1,2023/24,379,0.23963646470092256,0.672317577695759,0.4792729294018451,1.7424270528697554
cb_goals,ou25,SP1,2024/25,378,0.24299338080117777,0.679256999458213,0.48598676160235554,1.003894387130109
cb_goals,ou25,SP1,2025/26,349,0.24118981772561546,0.6751596473416006,0.4823796354512309,1.1764468053088648
cb_goals,ou25,SP1,2026/27,69,0.23362661701718235,0.659661772582529,0.4672532340343647,2.0170940801306974
cb_goals,ou25,SP2,2019/20,461,0.2385653876352216,0.6700792279533372,0.4771307752704432,1.2081325869852972
cb_goals,ou25,SP2,2020/21,459,0.22718414311411286,0.6471132271543298,0.4543682862282258,1.2011036724503867
cb_goals,ou25,SP2,2021/22,461,0.24824640905192472,0.6897800893996173,0.49649281810384943,0.5936779302168506
cb_goals,ou25,SP2,2022/23,462,0.22667212819220303,0.6456629850992399,0.45334425638440606,1.3951275343045622
cb_goals,ou25,SP2,2023/24,460,0.23561426644064018,0.6640052483021941,0.47122853288128036,1.2709809183523817
cb_goals,ou25,SP2,2024/25,462,0.24880689577553977,0.6908807041253473,0.49761379155107954,0.6120149605312215
cb_goals,ou25,SP2,2025/26,377,0.24547639156962842,0.6840227455723694,0.4909527831392567,1.0167650452385586
cb_goals,ou25,SP2,2026/27,78,0.2480708063393145,0.6892924402897567,0.496141612678629,0.6865428433968926
cb_goals,ou25,T1,2019/20,302,0.2461833598129753,0.6854317560828406,0.4923667196259506,0.9090677508218787
cb_goals,ou25,T1,2020/21,420,0.2500685375435932,0.6933502530715394,0.5001370750871864,0.4830353413103742
cb_goals,ou25,T1,2021/22,379,0.2502256888118095,0.6935319890047417,0.500451377623619,0.46354267120533366
cb_goals,ou25,T1,2022/23,313,0.24586182734457254,0.6848938641417969,0.4917236546891451,0.9236290636378303
cb_goals,ou25,T1,2023/24,380,0.2456899112663337,0.6841531400620743,0.4913798225326674,0.8689342572417755
cb_goals,ou25,T1,2024/25,340,0.23881885605461547,0.6698150893400241,0.47763771210923095,0.9718943829291735
cb_goals,ou25,T1,2025/26,250,0.239636081012822,0.6720429725900385,0.479272162025644,1.4507571260246215
cb_goals,ou25,T1,2026/27,49,0.23779194835149522,0.6682832146970318,0.47558389670299045,2.1019007967186205
cb_xg,ou25,B1,2019/20,232,0.24761894975528592,0.6884381321318268,0.49523789951057184,0.8866500870066756
cb_xg,ou25,B1,2020/21,305,0.24405635098054285,0.6811951794489088,0.4881127019610857,1.4416917778871619
cb_xg,ou25,B1,2021/22,305,0.2452298480022364,0.6835347898603963,0.4904596960044728,0.8498224162353271
cb_xg,ou25,B1,2022/23,304,0.2406937309829681,0.6743050033932195,0.4813874619659362,1.4756672194440226
cb_xg,ou25,B1,2023/24,312,0.24220509737788104,0.6773964424635822,0.4844101947557621,1.055949228798515
cb_xg,ou25,B1,2024/25,311,0.24303085017016093,0.6788790143481601,0.48606170034032187,0.8379231474658125
cb_xg,ou25,B1,2025/26,272,0.2496398710226313,0.6923430157508799,0.4992797420452626,0.5324322288829969
cb_xg,ou25,B1,2026/27,61,0.2431311596374514,0.6793839008981705,0.4862623192749028,1.2171513295890637
cb_xg,ou25,D1,2019/20,306,0.2227460172602378,0.6369983429477241,0.4454920345204756,1.4913388838461747
cb_xg,ou25,D1,2020/21,301,0.23515980380825455,0.6626463706279333,0.4703196076165091,1.0737034551942386
cb_xg,ou25,D1,2021/22,301,0.23465785863359584,0.661311594631872,0.4693157172671917,1.1087205415029908
cb_xg,ou25,D1,2022/23,292,0.23648100833216038,0.6655946672270809,0.47296201666432075,1.147427566107781
cb_xg,ou25,D1,2023/24,292,0.23128947921030063,0.6557721316286995,0.46257895842060126,1.0815780316060408
cb_xg,ou25,D1,2024/25,296,0.2350529006817773,0.6629231898511335,0.4701058013635546,0.7727823842414889
cb_xg,ou25,D1,2025/26,288,0.23230324632963453,0.6557328119534106,0.46460649265926907,1.0067338310745146
cb_xg,ou25,D1,2026/27,36,0.20853758547947643,0.6085184616234023,0.41707517095895286,2.666143334683405
cb_xg,ou25,D2,2019/20,305,0.25113991241552264,0.695468985499528,0.5022798248310453,0.36905650535560536
cb_xg,ou25,D2,2020/21,302,0.24267929612779884,0.6784008781186076,0.4853585922555977,2.1970322162004234
cb_xg,ou25,D2,2021/22,305,0.24188168971121216,0.6766706507177954,0.4837633794224243,1.2291815213141417
cb_xg,ou25,D2,2022/23,306,0.24452015826924242,0.6822620447599334,0.48904031653848484,1.0246713761292203
cb_xg,ou25,D2,2023/24,306,0.239924639307409,0.6728976924717389,0.479849278614818,0.9891543808941845
cb_xg,ou25,D2,2024/25,306,0.2340206732398151,0.6604095518408033,0.4680413464796303,1.04985783068981
cb_xg,ou25,D2,2025/26,285,0.24456991665575634,0.6823036293242559,0.4891398333115127,0.9815830326278167
cb_xg,ou25,D2,2026/27,54,0.23720668721912666,0.6676348073547176,0.4744133744382533,1.461959185595526
cb_xg,ou25,E0,2019/20,380,0.24109962492533749,0.6749643968933334,0.48219924985067497,1.2740818893126038
cb_xg,ou25,E0,2020/21,380,0.25104944189742207,0.6957328350075119,0.5020988837948441,0.38043173403220754
cb_xg,ou25,E0,2021/22,380,0.24646798732162487,0.6861835802581209,0.49293597464324973,0.797548347854299
cb_xg,ou25,E0,2022/23,379,0.2399235605085739,0.6721175738948385,0.4798471210171478,1.2993744288310132
cb_xg,ou25,E0,2023/24,372,0.2310077655409712,0.6543652349155823,0.4620155310819424,1.2699575578818298
cb_xg,ou25,E0,2024/25,377,0.25058825012773206,0.6957376379413838,0.5011765002554641,0.4653373561476086
cb_xg,ou25,E0,2025/26,358,0.24993684337420813,0.6931538645551591,0.49987368674841626,0.4970183127863593
cb_xg,ou25,E0,2026/27,50,0.25010571663883935,0.6935420964733183,0.5002114332776787,0.4630581189437302
cb_xg,ou25,E1,2019/20,551,0.24948918519398083,0.6921112335396112,0.49897837038796167,0.6550660459614939
cb_xg,ou25,E1,2020/21,549,0.24412130734779053,0.6813688244126919,0.48824261469558117,1.2182011300122115
cb_xg,ou25,E1,2021/22,552,0.2495559745668994,0.6923665114702202,0.4991119491337988,0.5429550264086668
cb_xg,ou25,E1,2022/23,552,0.24518960859624625,0.6834888133234601,0.4903792171924925,1.1483263354774642
cb_xg,ou25,E1,2023/24,552,0.2480424645546762,0.6892347609025289,0.4960849291093524,0.844905318565765
cb_xg,ou25,E1,2024/25,551,0.24724763067478747,0.6875354768161163,0.49449526134957494,0.8305662072743595
cb_xg,ou25,E1,2025/26,514,0.25064602150699433,0.694495646146831,0.5012920430139887,0.38750049555961374
cb_xg,ou25,E1,2026/27,90,0.246918490004475,0.6869197252867221,0.49383698000895,1.6894210936291285
cb_xg,ou25,E2,2019/20,390,0.24803480692604188,0.6892290729670401,0.49606961385208376,0.991782504753476
cb_xg,ou25,E2,2020/21,546,0.24733979031745393,0.687816664444878,0.49467958063490786,1.017006403441103
cb_xg,ou25,E2,2021/22,552,0.2504402684066114,0.694078850111744,0.5008805368132229,0.3871581016130836
cb_xg,ou25,E2,2022/23,552,0.25117817812843907,0.6955445203924058,0.5023563562568781,0.21758356279532273
cb_xg,ou25,E2,2023/24,552,0.2474568093609441,0.6880148876860572,0.4949136187218882,0.9196099612972045
cb_xg,ou25,E2,2024/25,552,0.24772801571774142,0.6885437797472281,0.49545603143548284,0.7961545048036082
cb_xg,ou25,E2,2025/26,519,0.2508556804508235,0.6949389147698884,0.501711360901647,0.3694978063926264
cb_xg,ou25,E2,2026/27,89,0.2536838646661769,0.7007165061044394,0.5073677293323537,-0.4324554738884094
cb_xg,ou25,E3,2019/20,426,0.24918663173332947,0.6915258056293937,0.49837326346665894,0.6494409361986786
cb_xg,ou25,E3,2020/21,552,0.24363389493668575,0.6803277787815868,0.4872677898733715,1.3556562584288496
cb_xg,ou25,E3,2021/22,552,0.2469560706079529,0.6869974974831755,0.49391214121590593,0.8309327335279285
cb_xg,ou25,E3,2022/23,551,0.24227302896227937,0.6776195760234057,0.48454605792455874,1.237549271626649
cb_xg,ou25,E3,2023/24,552,0.24835648229937501,0.68983552452942,0.49671296459875003,0.7712610501748632
cb_xg,ou25,E3,2024/25,550,0.24791656876643908,0.6889478220644215,0.49583313753287817,0.8270444805593056
cb_xg,ou25,E3,2025/26,525,0.2490181340840487,0.691150205553363,0.4980362681680974,0.682258227761684
cb_xg,ou25,E3,2026/27,99,0.24237186893764845,0.677804507362505,0.4847437378752969,2.7543149764302366
cb_xg,ou25,F1,2019/20,278,0.24313837301231736,0.6789480960985589,0.4862767460246347,1.1784301094043967
cb_xg,ou25,F1,2020/21,378,0.24445916687102776,0.6816412492837176,0.4889183337420555,1.187587226554401
cb_xg,ou25,F1,2021/22,380,0.24710008140430625,0.6872615600192328,0.4942001628086125,0.9373799397158561
cb_xg,ou25,F1,2022/23,376,0.24005438505322219,0.6728111281922401,0.48010877010644437,1.5921098097101842
cb_xg,ou25,F1,2023/24,306,0.24822070834186433,0.6895482052851412,0.49644141668372865,0.7288624625374747
cb_xg,ou25,F1,2024/25,303,0.24292114300223647,0.6788402468953975,0.48584228600447305,0.796699295296008
cb_xg,ou25,F1,2025/26,287,0.2455183822054764,0.684177744237707,0.4910367644109528,0.7869224920024671
cb_xg,ou25,F1,2026/27,45,0.243428776328125,0.6799497085510364,0.48685755265625,1.4538441695549162
cb_xg,ou25,F2,2019/20,277,0.2391262965189156,0.6712893173151286,0.4782525930378312,1.2358876245912258
cb_xg,ou25,F2,2020/21,379,0.24183711327226806,0.6766820457849667,0.4836742265445361,1.2117202814222274
cb_xg,ou25,F2,2021/22,380,0.24004910882569785,0.6731544693468359,0.4800982176513957,1.204537143555344
cb_xg,ou25,F2,2022/23,375,0.24550254363458113,0.684110925489234,0.49100508726916225,0.8685998360626415
cb_xg,ou25,F2,2023/24,379,0.25003551373364286,0.693271565354239,0.5000710274672857,0.4922270978326275
cb_xg,ou25,F2,2024/25,306,0.2494369861012283,0.6920243202011636,0.4988739722024566,0.5667484711688023
cb_xg,ou25,F2,2025/26,269,0.2461575826783062,0.6854840902634897,0.4923151653566124,0.9642581323213381
cb_xg,ou25,F2,2026/27,58,0.23326662842931356,0.6595314555742473,0.46653325685862723,5.78805538650217
cb_xg,ou25,G1,2019/20,220,0.241968401898066,0.6770765580859529,0.483936803796132,1.2251135479526374
cb_xg,ou25,G1,2020/21,223,0.23341293710696054,0.6596941696446497,0.46682587421392113,1.913100693832305
cb_xg,ou25,G1,2021/22,240,0.24693894801496072,0.6868630826619613,0.4938778960299215,0.7779509360817084
cb_xg,ou25,G1,2022/23,239,0.23734250788034394,0.6676203408711328,0.4746850157606879,1.9390816030306022
cb_xg,ou25,G1,2023/24,240,0.24090722909565726,0.6744005739248352,0.4818144581913145,1.5495992545215658
cb_xg,ou25,G1,2024/25,233,0.2529261611960986,0.6993064377793085,0.5058523223921972,0.2206515292375192
cb_xg,ou25,G1,2025/26,207,0.2466233428368499,0.6861527747695998,0.4932466856736998,0.8444709188989911
cb_xg,ou25,G1,2026/27,32,0.25144812188985577,0.6960455015077589,0.5028962437797115,-0.011689019329829976
cb_xg,ou25,I1,2019/20,380,0.23385377231871726,0.6606299094773297,0.4677075446374345,1.918310842786358
cb_xg,ou25,I1,2020/21,378,0.24615024760225127,0.685627551158685,0.49230049520450253,0.6356884474471507
cb_xg,ou25,I1,2021/22,379,0.24791723841965407,0.6892181560919207,0.49583447683930815,0.6280186235096619
cb_xg,ou25,I1,2022/23,380,0.2486617195561194,0.6905910412089099,0.4973234391122388,0.666425666247578
cb_xg,ou25,I1,2023/24,380,0.24445172173522497,0.6820143057277257,0.48890344347044995,1.1840415727897662
cb_xg,ou25,I1,2024/25,379,0.2506090593413334,0.6946804978499653,0.5012181186826667,0.42618002713697245
cb_xg,ou25,I1,2025/26,358,0.25035780779760336,0.694062861647235,0.5007156155952067,0.4495136974906515
cb_xg,ou25,I1,2026/27,50,0.2452419574072985,0.6833181531591671,0.490483914814597,1.385502353408474
cb_xg,ou25,I2,2019/20,371,0.24714345306624608,0.6873804495809829,0.49428690613249215,1.013111856519443
cb_xg,ou25,I2,2020/21,372,0.2457592238679967,0.684629837839723,0.4915184477359934,1.2965765479319784
cb_xg,ou25,I2,2021/22,380,0.2474803527014159,0.6881022838383077,0.49496070540283194,1.076606700174091
cb_xg,ou25,I2,2022/23,377,0.24511078297810257,0.6833720872974415,0.49022156595620514,1.1743418305375115
cb_xg,ou25,I2,2023/24,379,0.24885078133986985,0.6908712417565438,0.4977015626797397,0.6882230680957782
cb_xg,ou25,I2,2024/25,380,0.253015051408047,0.6993617756172,0.506030102816094,0.04237565883984829
cb_xg,ou25,I2,2025/26,340,0.25131059335492656,0.6958433315909939,0.5026211867098531,0.3050830155411206
cb_xg,ou25,I2,2026/27,46,0.24410466204778847,0.6813072596255234,0.48820932409557694,3.178297767337073
cb_xg,ou25,N1,2019/20,227,0.2298832932181151,0.6516025659031445,0.4597665864362302,1.2795694245414782
cb_xg,ou25,N1,2020/21,305,0.24651099091820092,0.6857620294442149,0.49302198183640183,0.7003795216008725
cb_xg,ou25,N1,2021/22,306,0.2307325702688266,0.653797799942112,0.4614651405376532,2.023264209361696
cb_xg,ou25,N1,2022/23,306,0.24105505182825046,0.6749095053422419,0.4821101036565009,1.075183861187336
cb_xg,ou25,N1,2023/24,306,0.22888253121420724,0.6495925734672295,0.45776506242841447,1.3920727165078701
cb_xg,ou25,N1,2024/25,306,0.24606582438473334,0.6861109399142308,0.49213164876946663,0.5829864957663364
cb_xg,ou25,N1,2025/26,285,0.23148686491120699,0.6544957151304571,0.46297372982241397,1.0901816671613758
cb_xg,ou25,N1,2026/27,62,0.20708869183690023,0.6056715536925059,0.41417738367380047,2.450332193509942
cb_xg,ou25,P1,2019/20,305,0.24696740312250592,0.6870996579390393,0.49393480624501185,0.7598892191703766
cb_xg,ou25,P1,2020/21,305,0.2461004528770778,0.6854392854354335,0.4922009057541556,0.9306323254702803
cb_xg,ou25,P1,2021/22,306,0.24821609306515136,0.6896144338068777,0.4964321861303027,0.6822640423000622
cb_xg,ou25,P1,2022/23,306,0.24027930908726594,0.6734219217468301,0.4805586181745319,1.421058875364181
cb_xg,ou25,P1,2023/24,305,0.23932843192066636,0.6711115006676692,0.4786568638413327,1.441672408842285
cb_xg,ou25,P1,2024/25,306,0.2360981985857446,0.6645306634897671,0.4721963971714892,1.2350410989003144
cb_xg,ou25,P1,2025/26,251,0.23661963859503773,0.6655620682452826,0.47323927719007547,1.616213821224668
cb_xg,ou25,P1,2026/27,55,0.23631651902895245,0.6652365241422235,0.47263303805790485,2.254394942999598
cb_xg,ou25,SC0,2019/20,179,0.2473552976809175,0.6877914647027091,0.494710595361835,0.7146778543728641
cb_xg,ou25,SC0,2020/21,218,0.24512218868832947,0.6834417513654819,0.49024437737665894,0.9567051530698507
cb_xg,ou25,SC0,2021/22,228,0.2457388168175024,0.6845392785528512,0.4914776336350048,0.8507600074869981
cb_xg,ou25,SC0,2022/23,228,0.24037857786939335,0.6736407642664722,0.4807571557387867,1.287594418612901
cb_xg,ou25,SC0,2023/24,228,0.24006781555559117,0.6729801561068997,0.48013563111118235,1.263735189554097
cb_xg,ou25,SC0,2024/25,228,0.2410513559511313,0.6744087862045226,0.4821027119022626,0.8483874522873384
cb_xg,ou25,SC0,2025/26,212,0.24805953056716487,0.689302799726087,0.49611906113432974,0.6617467652523281
cb_xg,ou25,SC0,2026/27,42,0.24979710659070625,0.6927604921139359,0.4995942131814125,0.5177755092194861
cb_xg,ou25,SP1,2019/20,378,0.24541865952516947,0.6840114622675415,0.49083731905033895,1.0106477150495687
cb_xg,ou25,SP1,2020/21,379,0.24352520587344686,0.6800928128839702,0.48705041174689373,1.1948785075556219
cb_xg,ou25,SP1,2021/22,379,0.2430966135097338,0.6792537501086713,0.4861932270194676,1.2655008695976036
cb_xg,ou25,SP1,2022/23,380,0.24658743594898902,0.686428741337634,0.49317487189797804,0.867493491361557
cb_xg,ou25,SP1,2023/24,379,0.23952597067514303,0.6720316441510237,0.47905194135028606,1.6855882880638953
cb_xg,ou25,SP1,2024/25,378,0.24246209880404662,0.6781744400394399,0.48492419760809324,0.9362990036139031
cb_xg,ou25,SP1,2025/26,349,0.2427635313978174,0.6781829597137775,0.4855270627956348,0.8967358464174028
cb_xg,ou25,SP1,2026/27,69,0.23378243749035404,0.660295349588338,0.4675648749807081,3.01275664768125
cb_xg,ou25,SP2,2019/20,461,0.23946807396277353,0.6719423369706514,0.47893614792554706,1.2031587532321601
cb_xg,ou25,SP2,2020/21,459,0.22828587998189437,0.64924302119052,0.45657175996378874,1.5747365287843718
cb_xg,ou25,SP2,2021/22,461,0.24669518715154484,0.6865689706599077,0.4933903743030897,0.7353602829071737
cb_xg,ou25,SP2,2022/23,462,0.22901079426560395,0.6506373956602927,0.4580215885312079,1.6042230684270313
cb_xg,ou25,SP2,2023/24,460,0.23620518587253558,0.6652625919494006,0.47241037174507106,1.3673110613141002
cb_xg,ou25,SP2,2024/25,462,0.24802406161717974,0.6891803751012819,0.4960481232343595,0.6804658360562482
cb_xg,ou25,SP2,2025/26,377,0.24382876655176744,0.6808462542882194,0.4876575331035349,1.1455141358026317
cb_xg,ou25,SP2,2026/27,78,0.24903979138970955,0.6912641057953424,0.4980795827794191,0.7363735477019449
cb_xg,ou25,T1,2019/20,302,0.24614253054928673,0.6853443147512787,0.49228506109857345,0.8724322113686774
cb_xg,ou25,T1,2020/21,420,0.24687772163836225,0.68680495715148,0.4937554432767245,1.121994505741243
cb_xg,ou25,T1,2021/22,379,0.24836712623181373,0.6898272600834082,0.49673425246362746,0.8267793788221077
cb_xg,ou25,T1,2022/23,313,0.2428403734303465,0.6785614269417242,0.485680746860693,1.4244123477915935
cb_xg,ou25,T1,2023/24,380,0.2433901148165319,0.679227110674583,0.4867802296330638,1.0130194853886068
cb_xg,ou25,T1,2024/25,340,0.23885345022531382,0.670062847779858,0.47770690045062764,1.0091782457594591
cb_xg,ou25,T1,2025/26,250,0.23600656603427028,0.6644011606386117,0.47201313206854056,1.4345455056295975
cb_xg,ou25,T1,2026/27,49,0.23756867076200702,0.6677471888802812,0.47513734152401405,1.9929754270899194
lgbd_xg,ou25,B1,2019/20,232,0.24732539557980857,0.6887637715458316,0.49465079115961713,0.6042168789603416
lgbd_xg,ou25,B1,2020/21,305,0.23669210467232132,0.666141612074079,0.47338420934464265,1.5136007293086162
lgbd_xg,ou25,B1,2021/22,305,0.24357721447060918,0.6801339831518591,0.48715442894121835,0.8956073947458995
lgbd_xg,ou25,B1,2022/23,304,0.23743824206214276,0.6677416729961251,0.4748764841242855,1.5255430876548761
lgbd_xg,ou25,B1,2023/24,312,0.24552582204252388,0.6839503876274634,0.49105164408504776,0.7832091195509061
lgbd_xg,ou25,B1,2024/25,311,0.2417747367221116,0.676444094643149,0.4835494734442232,0.847430292189097
lgbd_xg,ou25,B1,2025/26,272,0.2527366599479456,0.7109768092075277,0.5054733198958912,0.2908652636164143
lgbd_xg,ou25,B1,2026/27,61,0.24570574343374593,0.6845430986847096,0.491411486867492,1.0024109478176926
lgbd_xg,ou25,D1,2019/20,306,0.2224710082251626,0.6359608860403773,0.4449420164503252,1.1278148585790932
lgbd_xg,ou25,D1,2020/21,301,0.22905801438945667,0.6491865844219746,0.45811602877891333,1.1465125127369782
lgbd_xg,ou25,D1,2021/22,301,0.2311889491408933,0.6534018616465522,0.4623778982817866,1.1769314235636812
lgbd_xg,ou25,D1,2022/23,292,0.2358498563981964,0.6641952846258935,0.4716997127963928,1.1851875852266893
lgbd_xg,ou25,D1,2023/24,292,0.22681649135545717,0.6458559186819173,0.45363298271091435,1.2262468305221923
lgbd_xg,ou25,D1,2024/25,296,0.22800360951001547,0.6480675975100081,0.45600721902003094,0.9020478656461289
lgbd_xg,ou25,D1,2025/26,288,0.225410770826029,0.640890483207464,0.450821541652058,1.1689699602851984
lgbd_xg,ou25,D1,2026/27,36,0.20300586694586112,0.5977052275122516,0.40601173389172224,2.9684480191197915
lgbd_xg,ou25,D2,2019/20,305,0.24962644396320263,0.6923731697164843,0.49925288792640526,0.5290293333541618
lgbd_xg,ou25,D2,2020/21,302,0.23613284077503485,0.6650735791116922,0.47226568155006976,2.0572007588369177
lgbd_xg,ou25,D2,2021/22,305,0.24263289533784857,0.6781919774154535,0.48526579067569714,1.1231999464624312
lgbd_xg,ou25,D2,2022/23,306,0.2402369354946134,0.673567529028167,0.4804738709892268,1.2800795628319415
lgbd_xg,ou25,D2,2023/24,306,0.23926923163348562,0.6717002152616574,0.47853846326697125,0.8998510091656242
lgbd_xg,ou25,D2,2024/25,306,0.23238120699703096,0.656621466339189,0.46476241399406193,0.9276524081003775
lgbd_xg,ou25,D2,2025/26,285,0.24185024558037443,0.6773767844799639,0.48370049116074887,0.6987247083374328
lgbd_xg,ou25,D2,2026/27,54,0.2279303319348925,0.6486632965741704,0.455860663869785,1.8629253354772106
lgbd_xg,ou25,E0,2019/20,380,0.2357631562211037,0.6637868774987769,0.4715263124422074,1.1990037673948049
lgbd_xg,ou25,E0,2020/21,380,0.24877591171215327,0.691425090755961,0.49755182342430654,0.555346333620755
lgbd_xg,ou25,E0,2021/22,380,0.2446611158203661,0.6824371595229469,0.4893222316407322,0.8654490583173635
lgbd_xg,ou25,E0,2022/23,379,0.23832431863443299,0.6690525530618526,0.47664863726886597,1.4752269623505392
lgbd_xg,ou25,E0,2023/24,372,0.22845015815591613,0.6489853230753965,0.45690031631183226,1.2431415955091343
lgbd_xg,ou25,E0,2024/25,377,0.2501814119009684,0.6955599982185382,0.5003628238019368,0.4685830745171815
lgbd_xg,ou25,E0,2025/26,358,0.24777045003423812,0.688759535830278,0.49554090006847623,0.6443923837444248
lgbd_xg,ou25,E0,2026/27,50,0.24499837674078861,0.6832342585151264,0.48999675348157723,1.0801377008308721
lgbd_xg,ou25,E1,2019/20,551,0.24898447911742821,0.6910755135660829,0.49796895823485643,0.6609794442307951
lgbd_xg,ou25,E1,2020/21,549,0.24104342525233768,0.6751342270843337,0.48208685050467537,1.2503473742566409
lgbd_xg,ou25,E1,2021/22,552,0.24632260387549718,0.685704361884081,0.49264520775099435,0.9104778100753231
lgbd_xg,ou25,E1,2022/23,552,0.24588746658284322,0.6848703558188698,0.49177493316568643,1.080482399350799
lgbd_xg,ou25,E1,2023/24,552,0.2444526630326968,0.6819307064587634,0.4889053260653936,1.120899701806616
lgbd_xg,ou25,E1,2024/25,551,0.24262949810730236,0.6781212007316044,0.4852589962146046,1.2239271588798766
lgbd_xg,ou25,E1,2025/26,514,0.2489802312682999,0.6909443481644323,0.49796046253659976,0.6467193376234994
lgbd_xg,ou25,E1,2026/27,90,0.24074908353329486,0.6745346093866212,0.4814981670665896,3.3456072499799743
lgbd_xg,ou25,E2,2019/20,390,0.24496447149780132,0.6830803656180869,0.4899289429956026,1.3803489690324888
lgbd_xg,ou25,E2,2020/21,546,0.24611505182232013,0.6853163610438345,0.49223010364464026,1.2679586245549346
lgbd_xg,ou25,E2,2021/22,552,0.2476204388760989,0.6883831863050266,0.4952408777521978,1.1532140843784295
lgbd_xg,ou25,E2,2022/23,552,0.25070063974322604,0.6945550725872544,0.5014012794864521,0.3374577573418722
lgbd_xg,ou25,E2,2023/24,552,0.2441123857670315,0.6812806503887731,0.488224771534063,1.7882504595709598
lgbd_xg,ou25,E2,2024/25,552,0.24174499273190841,0.6765421420776596,0.48348998546381683,1.327849075409356
lgbd_xg,ou25,E2,2025/26,519,0.24856397242439643,0.6916033212783286,0.49712794484879286,0.5144882693271012
lgbd_xg,ou25,E2,2026/27,89,0.2519049016684234,0.6972304057714925,0.5038098033368468,0.14261866683252775
lgbd_xg,ou25,E3,2019/20,426,0.24874707849448532,0.6906499156515022,0.4974941569889706,0.7578455963840668
lgbd_xg,ou25,E3,2020/21,552,0.2405900777368713,0.674084174713534,0.4811801554737426,1.74383705501312
lgbd_xg,ou25,E3,2021/22,552,0.24633798696633835,0.6858085845974362,0.4926759739326767,0.9086678422734408
lgbd_xg,ou25,E3,2022/23,551,0.24052680301873866,0.6739561473088744,0.4810536060374773,1.382264872946119
lgbd_xg,ou25,E3,2023/24,552,0.24284279167473882,0.6786449421994531,0.48568558334947765,1.4011549808289394
lgbd_xg,ou25,E3,2024/25,550,0.24529091249712845,0.6839221527380476,0.4905818249942569,1.0037017041507583
lgbd_xg,ou25,E3,2025/26,525,0.2555551003858524,0.7109480081825573,0.5111102007717048,-0.0017831988914170144
lgbd_xg,ou25,E3,2026/27,99,0.25171849211482267,0.6966042534813971,0.5034369842296453,0.002090739307224762
lgbd_xg,ou25,F1,2019/20,278,0.23715188570371568,0.6662963568824068,0.47430377140743135,1.0857966793759082
lgbd_xg,ou25,F1,2020/21,378,0.24465434636361125,0.6817015092996457,0.4893086927272225,0.8441944730655425
lgbd_xg,ou25,F1,2021/22,380,0.24325170225876222,0.6794727509949476,0.48650340451752444,1.046169186195699
lgbd_xg,ou25,F1,2022/23,376,0.2395924615322343,0.6719148108833052,0.4791849230644687,1.2736938806448708
lgbd_xg,ou25,F1,2023/24,306,0.24678098349153496,0.6864831530518485,0.4935619669830699,0.7598297475313665
lgbd_xg,ou25,F1,2024/25,303,0.2409196299349395,0.6751247407037547,0.481839259869879,0.7721682759129649
lgbd_xg,ou25,F1,2025/26,287,0.2401700009116162,0.6736176361059435,0.4803400018232324,1.0233959288086134
lgbd_xg,ou25,F1,2026/27,45,0.24129839169517456,0.6756444234838532,0.48259678339034906,1.584968262116495
lgbd_xg,ou25,F2,2019/20,277,0.23773572409040572,0.6683904761339213,0.47547144818081144,0.9078966839914854
lgbd_xg,ou25,F2,2020/21,379,0.23962382603462176,0.6722231555598739,0.4792476520692435,0.9893706762951464
lgbd_xg,ou25,F2,2021/22,380,0.23613086645657674,0.6650136364630609,0.4722617329131535,1.1900487514963578
lgbd_xg,ou25,F2,2022/23,375,0.2444755704507029,0.6819077040297712,0.4889511409014058,0.8245322683975219
lgbd_xg,ou25,F2,2023/24,379,0.2487650092719241,0.6906411968478346,0.4975300185438482,0.5874082413014525
lgbd_xg,ou25,F2,2024/25,306,0.24557924708407236,0.6841150707277073,0.4911584941681447,0.8604792903654523
lgbd_xg,ou25,F2,2025/26,269,0.24469446989008692,0.6832524950714786,0.48938893978017384,0.8090671266090507
lgbd_xg,ou25,F2,2026/27,58,0.2402003234586027,0.6734722723748144,0.48040064691720546,5.949366224113581
lgbd_xg,ou25,G1,2019/20,220,0.23876856135817862,0.670367923176106,0.47753712271635723,1.0559313602797795
lgbd_xg,ou25,G1,2020/21,223,0.22952207310318032,0.6513774083452631,0.45904414620636064,1.5664514721972516
lgbd_xg,ou25,G1,2021/22,240,0.24203904412941463,0.6770044424856578,0.48407808825882925,0.9607421220937372
lgbd_xg,ou25,G1,2022/23,239,0.2349833911470638,0.6624704378614592,0.4699667822941276,1.3065334483869406
lgbd_xg,ou25,G1,2023/24,240,0.24706149024116902,0.6868480778439117,0.49412298048233805,0.721933235648125
lgbd_xg,ou25,G1,2024/25,233,0.25022636777862667,0.6938823483811509,0.5004527355572533,0.4774532367502765
lgbd_xg,ou25,G1,2025/26,207,0.27249397680076615,0.7639872022173604,0.5449879536015323,0.07419179435280021
lgbd_xg,ou25,G1,2026/27,32,0.24201722216487512,0.6764671310369472,0.48403444432975024,1.3061328322967414
lgbd_xg,ou25,I1,2019/20,380,0.23516204267282204,0.6632971507735522,0.47032408534564407,1.3061340234965357
lgbd_xg,ou25,I1,2020/21,378,0.2441947305165426,0.6816663751995156,0.4883894610330852,0.7349291802155503
lgbd_xg,ou25,I1,2021/22,379,0.24314546508771742,0.6793754064055322,0.48629093017543484,0.9303261007903205
lgbd_xg,ou25,I1,2022/23,380,0.2440868580095139,0.6812445119299392,0.4881737160190278,1.1024040061359748
lgbd_xg,ou25,I1,2023/24,380,0.24393595990022432,0.6810284094383324,0.48787191980044864,1.0225722856035222
lgbd_xg,ou25,I1,2024/25,379,0.2415351924605767,0.6762244856694702,0.4830703849211534,1.1450473898541933
lgbd_xg,ou25,I1,2025/26,358,0.25251413742264983,0.6984738606446186,0.5050282748452997,0.23867507029798157
lgbd_xg,ou25,I1,2026/27,50,0.24602509427386812,0.6851978930493097,0.49205018854773624,1.4049729268392068
lgbd_xg,ou25,I2,2019/20,371,0.2435400524603043,0.6801155225592845,0.4870801049206086,1.3386190435984748
lgbd_xg,ou25,I2,2020/21,372,0.24483204073569254,0.682763994438708,0.48966408147138507,1.1872633544162818
lgbd_xg,ou25,I2,2021/22,380,0.24226957491720527,0.6775912576267117,0.48453914983441054,1.8331470990103045
lgbd_xg,ou25,I2,2022/23,377,0.24186250272676166,0.6767150176916704,0.4837250054535233,1.252080822889205
lgbd_xg,ou25,I2,2023/24,379,0.24982063148956757,0.6928315686421248,0.49964126297913514,0.5076974314443957
lgbd_xg,ou25,I2,2024/25,380,0.252860524137083,0.6992285542525191,0.5057210482741661,0.2727240940351204
lgbd_xg,ou25,I2,2025/26,340,0.2542240132398523,0.7120071858457477,0.5084480264797046,0.1713160009356437
lgbd_xg,ou25,I2,2026/27,46,0.24642536429937648,0.6858523273617684,0.492850728598753,1.456638854630618
lgbd_xg,ou25,N1,2019/20,227,0.232345671569366,0.6554919656437311,0.464691343138732,0.85296540606219
lgbd_xg,ou25,N1,2020/21,305,0.24209434491743337,0.6758057562091602,0.48418868983486674,0.7318797079304489
lgbd_xg,ou25,N1,2021/22,306,0.22954136594925426,0.6510285137600186,0.4590827318985085,1.3749210610032638
lgbd_xg,ou25,N1,2022/23,306,0.23914243956705614,0.6706820680708417,0.4782848791341123,0.872285526501264
lgbd_xg,ou25,N1,2023/24,306,0.22548103990884533,0.6425069867664073,0.45096207981769065,1.2149856962767962
lgbd_xg,ou25,N1,2024/25,306,0.242771966502526,0.6787589167172816,0.485543933005052,0.6570214634537068
lgbd_xg,ou25,N1,2025/26,285,0.23524670809566275,0.672003350233032,0.4704934161913255,0.6512904780379646
lgbd_xg,ou25,N1,2026/27,62,0.2098868903023527,0.6115244284699684,0.4197737806047054,2.1953438699600594
lgbd_xg,ou25,P1,2019/20,305,0.24532984458397916,0.6836073859310369,0.4906596891679583,0.8034788373278866
lgbd_xg,ou25,P1,2020/21,305,0.24445541535603743,0.6823879215320715,0.48891083071207486,0.8358385691142912
lgbd_xg,ou25,P1,2021/22,306,0.24539123855907635,0.6839088227455644,0.4907824771181527,0.8806260831756733
lgbd_xg,ou25,P1,2022/23,306,0.24133683235518927,0.6753869310456803,0.48267366471037854,1.0716327705268294
lgbd_xg,ou25,P1,2023/24,305,0.23729514970450286,0.6674870604425337,0.4745902994090057,1.2859380791955053
lgbd_xg,ou25,P1,2024/25,306,0.23262667038258228,0.6569470659222193,0.46525334076516445,1.2039225405328224
lgbd_xg,ou25,P1,2025/26,251,0.24936248149853923,0.6981425617618131,0.49872496299707847,0.4081955570165942
lgbd_xg,ou25,P1,2026/27,55,0.23238848326588532,0.6576270287837069,0.4647769665317706,2.4253229631804065
lgbd_xg,ou25,SC0,2019/20,179,0.2483193102754629,0.6900397079514766,0.4966386205509258,0.5903491948331846
lgbd_xg,ou25,SC0,2020/21,218,0.24456397827562693,0.6821516651562148,0.48912795655125385,0.8599516425739363
lgbd_xg,ou25,SC0,2021/22,228,0.24195779957265498,0.6770226197193798,0.48391559914530996,0.937719273221444
lgbd_xg,ou25,SC0,2022/23,228,0.23773511632266894,0.6683325759025394,0.4754702326453379,1.1454261482885166
lgbd_xg,ou25,SC0,2023/24,228,0.23426341241170406,0.6611250406394543,0.46852682482340813,1.394743783602047
lgbd_xg,ou25,SC0,2024/25,228,0.23932923497819156,0.6710573736559567,0.4786584699563831,0.8340060956390988
lgbd_xg,ou25,SC0,2025/26,212,0.25338392771075197,0.7084008301607256,0.5067678554215039,0.2814781096814285
lgbd_xg,ou25,SC0,2026/27,42,0.2628425048662029,0.7219988580237582,0.5256850097324058,-0.4083908008875407
lgbd_xg,ou25,SP1,2019/20,378,0.23810973112052677,0.6691569849979189,0.47621946224105355,0.9696253957833455
lgbd_xg,ou25,SP1,2020/21,379,0.24228965287780796,0.6774846022557249,0.4845793057556159,0.8441513143763276
lgbd_xg,ou25,SP1,2021/22,379,0.24227767155677518,0.67762185963274,0.4845553431135505,0.995758943262423
lgbd_xg,ou25,SP1,2022/23,380,0.2407241455507449,0.6744209528449002,0.4814482911014898,1.02455798984647
lgbd_xg,ou25,SP1,2023/24,379,0.23097211648366817,0.6545419403227456,0.46194423296733633,1.525533042809973
lgbd_xg,ou25,SP1,2024/25,378,0.23889129325504868,0.6711160113014523,0.47778258651009736,0.8288365071547175
lgbd_xg,ou25,SP1,2025/26,349,0.24193872382989481,0.6768085024394931,0.48387744765978963,0.8127023013950346
lgbd_xg,ou25,SP1,2026/27,69,0.22013075930040005,0.6326377548663129,0.4402615186008001,3.6317987063885533
lgbd_xg,ou25,SP2,2019/20,461,0.23500096846101884,0.6627344249837545,0.4700019369220377,1.0128203298007883
lgbd_xg,ou25,SP2,2020/21,459,0.22163861287145759,0.634836568780788,0.44327722574291517,1.1186106954027757
lgbd_xg,ou25,SP2,2021/22,461,0.24486704223173092,0.6829916675668378,0.48973408446346184,0.7008121708913352
lgbd_xg,ou25,SP2,2022/23,462,0.22591519136023225,0.6440344610845452,0.4518303827204645,1.2239506992981308
lgbd_xg,ou25,SP2,2023/24,460,0.2333665032405098,0.6593226194213462,0.4667330064810196,1.0417209724038703
lgbd_xg,ou25,SP2,2024/25,462,0.24720001547042386,0.688376588657098,0.4944000309408477,0.5867086913209519
lgbd_xg,ou25,SP2,2025/26,377,0.2512880093630261,0.7093380056368881,0.5025760187260522,0.3264916329901677
lgbd_xg,ou25,SP2,2026/27,78,0.259333141298555,0.7104109695549152,0.5186662825971101,0.18768915403245634
lgbd_xg,ou25,T1,2019/20,302,0.2426016479813138,0.6777297252547886,0.4852032959626276,1.0352983105430955
lgbd_xg,ou25,T1,2020/21,420,0.2428305624773673,0.6783597339561122,0.4856611249547346,1.3251489585369307
lgbd_xg,ou25,T1,2021/22,379,0.24847454153889822,0.6900355088909331,0.49694908307779645,0.764551719995744
lgbd_xg,ou25,T1,2022/23,313,0.24068161785020295,0.674415898397037,0.4813632357004059,1.1121427532952395
lgbd_xg,ou25,T1,2023/24,380,0.24337794076892852,0.6789616709554589,0.48675588153785704,0.9137511403279049
lgbd_xg,ou25,T1,2024/25,340,0.2373705044333719,0.6660405052426908,0.4747410088667438,0.9187738219189125
lgbd_xg,ou25,T1,2025/26,250,0.24306189191962874,0.6847046790015339,0.4861237838392574,0.6146199567414886
lgbd_xg,ou25,T1,2026/27,49,0.246015610389371,0.6853209404045066,0.49203122077874206,0.689740252532624
