market,model,div,phase,season,w
1x2,lgb_goals,B1,pre,2018/19,4.5085472591929965e-08
1x2,lgb_goals,B1,pre,2019/20,4.5085472591929965e-08
1x2,lgb_goals,B1,pre,2020/21,4.5085472591929965e-08
1x2,lgb_goals,B1,pre,2021/22,4.5085472591929965e-08
1x2,lgb_goals,B1,pre,2022/23,4.5085472591929965e-08
1x2,lgb_goals,B1,pre,2023/24,4.5085472591929965e-08
1x2,lgb_goals,B1,pre,2024/25,4.5085472591929965e-08
1x2,lgb_goals,B1,pre,2025/26,4.5085472591929965e-08
1x2,lgb_goals,B1,pre,2026/27,0.20371318297698843
1x2,lgb_goals,B1,close,2018/19,0.04292916626468088
1x2,lgb_goals,B1,close,2019/20,0.012929479091642701
1x2,lgb_goals,B1,close,2020/21,0.038432008324649415
1x2,lgb_goals,B1,close,2021/22,4.5085472591929965e-08
1x2,lgb_goals,B1,close,2022/23,4.5085472591929965e-08
1x2,lgb_goals,B1,close,2023/24,4.5085472591929965e-08
1x2,lgb_goals,B1,close,2024/25,4.5085472591929965e-08
1x2,lgb_goals,B1,close,2025/26,4.5085472591929965e-08
1x2,lgb_goals,B1,close,2026/27,4.5085472591929965e-08
1x2,lgb_goals,D1,pre,2017/18,4.5085472591929965e-08
1x2,lgb_goals,D1,pre,2018/19,4.5085472591929965e-08
1x2,lgb_goals,D1,pre,2019/20,4.5085472591929965e-08
1x2,lgb_goals,D1,pre,2020/21,4.5085472591929965e-08
1x2,lgb_goals,D1,pre,2021/22,4.5085472591929965e-08
1x2,lgb_goals,D1,pre,2022/23,4.5085472591929965e-08
1x2,lgb_goals,D1,pre,2023/24,4.5085472591929965e-08
1x2,lgb_goals,D1,pre,2024/25,4.5085472591929965e-08
1x2,lgb_goals,D1,pre,2025/26,4.5085472591929965e-08
1x2,lgb_goals,D1,pre,2026/27,4.5085472591929965e-08
1x2,lgb_goals,D1,close,2017/18,4.5085472591929965e-08
1x2,lgb_goals,D1,close,2018/19,4.5085472591929965e-08
1x2,lgb_goals,D1,close,2019/20,4.5085472591929965e-08
1x2,lgb_goals,D1,close,2020/21,4.5085472591929965e-08
1x2,lgb_goals,D1,close,2021/22,4.5085472591929965e-08
1x2,lgb_goals,D1,close,2022/23,4.5085472591929965e-08
1x2,lgb_goals,D1,close,2023/24,4.5085472591929965e-08
1x2,lgb_goals,D1,close,2024/25,4.5085472591929965e-08
1x2,lgb_goals,D1,close,2025/26,4.5085472591929965e-08
1x2,lgb_goals,D1,close,2026/27,4.5085472591929965e-08
1x2,lgb_goals,D2,pre,2017/18,4.5085472591929965e-08
1x2,lgb_goals,D2,pre,2018/19,4.5085472591929965e-08
1x2,lgb_goals,D2,pre,2019/20,4.5085472591929965e-08
1x2,lgb_goals,D2,pre,2020/21,0.22269050794659195
1x2,lgb_goals,D2,pre,2021/22,0.15343544888058602
1x2,lgb_goals,D2,pre,2022/23,0.12958527128450315
1x2,lgb_goals,D2,pre,2023/24,0.10621771023232514
1x2,lgb_goals,D2,pre,2024/25,0.09421006004113316
1x2,lgb_goals,D2,pre,2025/26,0.058887042647968665
1x2,lgb_goals,D2,pre,2026/27,0.0403020802145221
1x2,lgb_goals,D2,close,2017/18,4.5085472591929965e-08
1x2,lgb_goals,D2,close,2018/19,4.5085472591929965e-08
1x2,lgb_goals,D2,close,2019/20,4.5085472591929965e-08
1x2,lgb_goals,D2,close,2020/21,0.18166184357033865
1x2,lgb_goals,D2,close,2021/22,0.12469130210928586
1x2,lgb_goals,D2,close,2022/23,0.11156784081185356
1x2,lgb_goals,D2,close,2023/24,0.07015436629264643
1x2,lgb_goals,D2,close,2024/25,0.08157159341665354
1x2,lgb_goals,D2,close,2025/26,0.07177813508118659
1x2,lgb_goals,D2,close,2026/27,0.055158364848580534
1x2,lgb_goals,E0,pre,2017/18,4.5085472591929965e-08
1x2,lgb_goals,E0,pre,2018/19,4.5085472591929965e-08
1x2,lgb_goals,E0,pre,2019/20,0.027407292895542813
1x2,lgb_goals,E0,pre,2020/21,0.20914431288498495
1x2,lgb_goals,E0,pre,2021/22,0.14835340788393997
1x2,lgb_goals,E0,pre,2022/23,0.07870873724912492
1x2,lgb_goals,E0,pre,2023/24,0.07574286984480981
1x2,lgb_goals,E0,pre,2024/25,0.017341765725185854
1x2,lgb_goals,E0,pre,2025/26,4.5085472591929965e-08
1x2,lgb_goals,E0,pre,2026/27,4.5085472591929965e-08
1x2,lgb_goals,E0,close,2017/18,4.5085472591929965e-08
1x2,lgb_goals,E0,close,2018/19,4.5085472591929965e-08
1x2,lgb_goals,E0,close,2019/20,0.03204249634748972
1x2,lgb_goals,E0,close,2020/21,0.2058387225511359
1x2,lgb_goals,E0,close,2021/22,0.11953422635751026
1x2,lgb_goals,E0,close,2022/23,0.06855852489148008
1x2,lgb_goals,E0,close,2023/24,0.059361880909241375
1x2,lgb_goals,E0,close,2024/25,4.5085472591929965e-08
1x2,lgb_goals,E0,close,2025/26,4.5085472591929965e-08
1x2,lgb_goals,E0,close,2026/27,4.5085472591929965e-08
1x2,lgb_goals,E1,pre,2017/18,4.5085472591929965e-08
1x2,lgb_goals,E1,pre,2018/19,4.5085472591929965e-08
1x2,lgb_goals,E1,pre,2019/20,4.5085472591929965e-08
1x2,lgb_goals,E1,pre,2020/21,4.5085472591929965e-08
1x2,lgb_goals,E1,pre,2021/22,4.5085472591929965e-08
1x2,lgb_goals,E1,pre,2022/23,4.5085472591929965e-08
1x2,lgb_goals,E1,pre,2023/24,4.5085472591929965e-08
1x2,lgb_goals,E1,pre,2024/25,4.5085472591929965e-08
1x2,lgb_goals,E1,pre,2025/26,4.5085472591929965e-08
1x2,lgb_goals,E1,pre,2026/27,4.5085472591929965e-08
1x2,lgb_goals,E1,close,2017/18,4.5085472591929965e-08
1x2,lgb_goals,E1,close,2018/19,4.5085472591929965e-08
1x2,lgb_goals,E1,close,2019/20,4.5085472591929965e-08
1x2,lgb_goals,E1,close,2020/21,4.5085472591929965e-08
1x2,lgb_goals,E1,close,2021/22,4.5085472591929965e-08
1x2,lgb_goals,E1,close,2022/23,4.5085472591929965e-08
1x2,lgb_goals,E1,close,2023/24,4.5085472591929965e-08
1x2,lgb_goals,E1,close,2024/25,4.5085472591929965e-08
1x2,lgb_goals,E1,close,2025/26,4.5085472591929965e-08
1x2,lgb_goals,E1,close,2026/27,4.5085472591929965e-08
1x2,lgb_goals,E2,pre,2017/18,4.5085472591929965e-08
1x2,lgb_goals,E2,pre,2018/19,0.0967483275494496
1x2,lgb_goals,E2,pre,2019/20,0.08125353260343181
1x2,lgb_goals,E2,pre,2020/21,4.5085472591929965e-08
1x2,lgb_goals,E2,pre,2021/22,4.5085472591929965e-08
1x2,lgb_goals,E2,pre,2022/23,4.5085472591929965e-08
1x2,lgb_goals,E2,pre,2023/24,4.5085472591929965e-08
1x2,lgb_goals,E2,pre,2024/25,4.5085472591929965e-08
1x2,lgb_goals,E2,pre,2025/26,4.5085472591929965e-08
1x2,lgb_goals,E2,pre,2026/27,4.5085472591929965e-08
1x2,lgb_goals,E2,close,2017/18,4.5085472591929965e-08
1x2,lgb_goals,E2,close,2018/19,4.5085472591929965e-08
1x2,lgb_goals,E2,close,2019/20,4.5085472591929965e-08
1x2,lgb_goals,E2,close,2020/21,4.5085472591929965e-08
1x2,lgb_goals,E2,close,2021/22,4.5085472591929965e-08
1x2,lgb_goals,E2,close,2022/23,4.5085472591929965e-08
1x2,lgb_goals,E2,close,2023/24,4.5085472591929965e-08
1x2,lgb_goals,E2,close,2024/25,4.5085472591929965e-08
1x2,lgb_goals,E2,close,2025/26,4.5085472591929965e-08
1x2,lgb_goals,E2,close,2026/27,4.5085472591929965e-08
1x2,lgb_goals,E3,pre,2017/18,4.5085472591929965e-08
1x2,lgb_goals,E3,pre,2018/19,4.5085472591929965e-08
1x2,lgb_goals,E3,pre,2019/20,4.5085472591929965e-08
1x2,lgb_goals,E3,pre,2020/21,4.5085472591929965e-08
1x2,lgb_goals,E3,pre,2021/22,4.5085472591929965e-08
1x2,lgb_goals,E3,pre,2022/23,4.5085472591929965e-08
1x2,lgb_goals,E3,pre,2023/24,4.5085472591929965e-08
1x2,lgb_goals,E3,pre,2024/25,4.5085472591929965e-08
1x2,lgb_goals,E3,pre,2025/26,4.5085472591929965e-08
1x2,lgb_goals,E3,pre,2026/27,0.09360816312941979
1x2,lgb_goals,E3,close,2017/18,0.03946961419371202
1x2,lgb_goals,E3,close,2018/19,4.5085472591929965e-08
1x2,lgb_goals,E3,close,2019/20,4.5085472591929965e-08
1x2,lgb_goals,E3,close,2020/21,4.5085472591929965e-08
1x2,lgb_goals,E3,close,2021/22,4.5085472591929965e-08
1x2,lgb_goals,E3,close,2022/23,4.5085472591929965e-08
1x2,lgb_goals,E3,close,2023/24,4.5085472591929965e-08
1x2,lgb_goals,E3,close,2024/25,4.5085472591929965e-08
1x2,lgb_goals,E3,close,2025/26,4.5085472591929965e-08
1x2,lgb_goals,E3,close,2026/27,4.5085472591929965e-08
1x2,lgb_goals,F1,pre,2017/18,0.44334966018349836
1x2,lgb_goals,F1,pre,2018/19,0.1988447394868063
1x2,lgb_goals,F1,pre,2019/20,4.5085472591929965e-08
1x2,lgb_goals,F1,pre,2020/21,4.5085472591929965e-08
1x2,lgb_goals,F1,pre,2021/22,4.5085472591929965e-08
1x2,lgb_goals,F1,pre,2022/23,4.5085472591929965e-08
1x2,lgb_goals,F1,pre,2023/24,4.5085472591929965e-08
1x2,lgb_goals,F1,pre,2024/25,4.5085472591929965e-08
1x2,lgb_goals,F1,pre,2025/26,4.5085472591929965e-08
1x2,lgb_goals,F1,pre,2026/27,4.5085472591929965e-08
1x2,lgb_goals,F1,close,2017/18,0.3977603315176471
1x2,lgb_goals,F1,close,2018/19,0.1682861146244365
1x2,lgb_goals,F1,close,2019/20,4.5085472591929965e-08
1x2,lgb_goals,F1,close,2020/21,4.5085472591929965e-08
1x2,lgb_goals,F1,close,2021/22,4.5085472591929965e-08
1x2,lgb_goals,F1,close,2022/23,4.5085472591929965e-08
1x2,lgb_goals,F1,close,2023/24,4.5085472591929965e-08
1x2,lgb_goals,F1,close,2024/25,4.5085472591929965e-08
1x2,lgb_goals,F1,close,2025/26,4.5085472591929965e-08
1x2,lgb_goals,F1,close,2026/27,4.5085472591929965e-08
1x2,lgb_goals,F2,pre,2017/18,4.5085472591929965e-08
1x2,lgb_goals,F2,pre,2018/19,4.5085472591929965e-08
1x2,lgb_goals,F2,pre,2019/20,0.030195882926931917
1x2,lgb_goals,F2,pre,2020/21,0.003508057688905974
1x2,lgb_goals,F2,pre,2021/22,4.5085472591929965e-08
1x2,lgb_goals,F2,pre,2022/23,4.5085472591929965e-08
1x2,lgb_goals,F2,pre,2023/24,4.5085472591929965e-08
1x2,lgb_goals,F2,pre,2024/25,4.5085472591929965e-08
1x2,lgb_goals,F2,pre,2025/26,4.5085472591929965e-08
1x2,lgb_goals,F2,pre,2026/27,4.5085472591929965e-08
1x2,lgb_goals,F2,close,2017/18,4.5085472591929965e-08
1x2,lgb_goals,F2,close,2018/19,4.5085472591929965e-08
1x2,lgb_goals,F2,close,2019/20,0.04782608440283178
1x2,lgb_goals,F2,close,2020/21,0.046834223909238464
1x2,lgb_goals,F2,close,2021/22,4.5085472591929965e-08
1x2,lgb_goals,F2,close,2022/23,4.5085472591929965e-08
1x2,lgb_goals,F2,close,2023/24,4.5085472591929965e-08
1x2,lgb_goals,F2,close,2024/25,4.5085472591929965e-08
1x2,lgb_goals,F2,close,2025/26,4.5085472591929965e-08
1x2,lgb_goals,F2,close,2026/27,4.5085472591929965e-08
1x2,lgb_goals,G1,pre,2018/19,4.5085472591929965e-08
1x2,lgb_goals,G1,pre,2019/20,4.5085472591929965e-08
1x2,lgb_goals,G1,pre,2020/21,4.5085472591929965e-08
1x2,lgb_goals,G1,pre,2021/22,0.0067671931554767395
1x2,lgb_goals,G1,pre,2022/23,0.10505920754662357
1x2,lgb_goals,G1,pre,2023/24,0.013879601176757234
1x2,lgb_goals,G1,pre,2024/25,0.0016515048414666525
1x2,lgb_goals,G1,pre,2025/26,4.5085472591929965e-08
1x2,lgb_goals,G1,pre,2026/27,0.321250226356734
1x2,lgb_goals,G1,close,2018/19,4.5085472591929965e-08
1x2,lgb_goals,G1,close,2019/20,0.04716184751128371
1x2,lgb_goals,G1,close,2020/21,4.5085472591929965e-08
1x2,lgb_goals,G1,close,2021/22,4.5085472591929965e-08
1x2,lgb_goals,G1,close,2022/23,0.06828909824695387
1x2,lgb_goals,G1,close,2023/24,0.030312173552547065
1x2,lgb_goals,G1,close,2024/25,0.006673785614965237
1x2,lgb_goals,G1,close,2025/26,4.5085472591929965e-08
1x2,lgb_goals,G1,close,2026/27,4.5085472591929965e-08
1x2,lgb_goals,I1,pre,2017/18,0.013331536490897716
1x2,lgb_goals,I1,pre,2018/19,4.5085472591929965e-08
1x2,lgb_goals,I1,pre,2019/20,4.5085472591929965e-08
1x2,lgb_goals,I1,pre,2020/21,4.5085472591929965e-08
1x2,lgb_goals,I1,pre,2021/22,4.5085472591929965e-08
1x2,lgb_goals,I1,pre,2022/23,4.5085472591929965e-08
1x2,lgb_goals,I1,pre,2023/24,4.5085472591929965e-08
1x2,lgb_goals,I1,pre,2024/25,4.5085472591929965e-08
1x2,lgb_goals,I1,pre,2025/26,4.5085472591929965e-08
1x2,lgb_goals,I1,pre,2026/27,4.5085472591929965e-08
1x2,lgb_goals,I1,close,2017/18,4.5085472591929965e-08
1x2,lgb_goals,I1,close,2018/19,4.5085472591929965e-08
1x2,lgb_goals,I1,close,2019/20,4.5085472591929965e-08
1x2,lgb_goals,I1,close,2020/21,4.5085472591929965e-08
1x2,lgb_goals,I1,close,2021/22,4.5085472591929965e-08
1x2,lgb_goals,I1,close,2022/23,4.5085472591929965e-08
1x2,lgb_goals,I1,close,2023/24,4.5085472591929965e-08
1x2,lgb_goals,I1,close,2024/25,4.5085472591929965e-08
1x2,lgb_goals,I1,close,2025/26,4.5085472591929965e-08
1x2,lgb_goals,I1,close,2026/27,4.5085472591929965e-08
1x2,lgb_goals,I2,pre,2017/18,0.03096307437205663
1x2,lgb_goals,I2,pre,2018/19,4.5085472591929965e-08
1x2,lgb_goals,I2,pre,2019/20,4.5085472591929965e-08
1x2,lgb_goals,I2,pre,2020/21,0.04247523478218711
1x2,lgb_goals,I2,pre,2021/22,0.0006315832474769802
1x2,lgb_goals,I2,pre,2022/23,4.5085472591929965e-08
1x2,lgb_goals,I2,pre,2023/24,0.0321492155415813
1x2,lgb_goals,I2,pre,2024/25,4.5085472591929965e-08
1x2,lgb_goals,I2,pre,2025/26,4.5085472591929965e-08
1x2,lgb_goals,I2,pre,2026/27,0.05468750899456797
1x2,lgb_goals,I2,close,2017/18,0.00961024241601713
1x2,lgb_goals,I2,close,2018/19,4.5085472591929965e-08
1x2,lgb_goals,I2,close,2019/20,4.5085472591929965e-08
1x2,lgb_goals,I2,close,2020/21,4.5085472591929965e-08
1x2,lgb_goals,I2,close,2021/22,4.5085472591929965e-08
1x2,lgb_goals,I2,close,2022/23,4.5085472591929965e-08
1x2,lgb_goals,I2,close,2023/24,4.5085472591929965e-08
1x2,lgb_goals,I2,close,2024/25,4.5085472591929965e-08
1x2,lgb_goals,I2,close,2025/26,4.5085472591929965e-08
1x2,lgb_goals,I2,close,2026/27,4.5085472591929965e-08
1x2,lgb_goals,N1,pre,2017/18,0.3137005881064485
1x2,lgb_goals,N1,pre,2018/19,0.3175485569887325
1x2,lgb_goals,N1,pre,2019/20,0.11162217325370281
1x2,lgb_goals,N1,pre,2020/21,4.5085472591929965e-08
1x2,lgb_goals,N1,pre,2021/22,4.5085472591929965e-08
1x2,lgb_goals,N1,pre,2022/23,4.5085472591929965e-08
1x2,lgb_goals,N1,pre,2023/24,4.5085472591929965e-08
1x2,lgb_goals,N1,pre,2024/25,4.5085472591929965e-08
1x2,lgb_goals,N1,pre,2025/26,4.5085472591929965e-08
1x2,lgb_goals,N1,pre,2026/27,4.5085472591929965e-08
1x2,lgb_goals,N1,close,2017/18,0.23590656678552951
1x2,lgb_goals,N1,close,2018/19,0.18275060281879965
1x2,lgb_goals,N1,close,2019/20,4.5085472591929965e-08
1x2,lgb_goals,N1,close,2020/21,4.5085472591929965e-08
1x2,lgb_goals,N1,close,2021/22,4.5085472591929965e-08
1x2,lgb_goals,N1,close,2022/23,4.5085472591929965e-08
1x2,lgb_goals,N1,close,2023/24,4.5085472591929965e-08
1x2,lgb_goals,N1,close,2024/25,4.5085472591929965e-08
1x2,lgb_goals,N1,close,2025/26,4.5085472591929965e-08
1x2,lgb_goals,N1,close,2026/27,0.13068936634045683
1x2,lgb_goals,P1,pre,2017/18,4.5085472591929965e-08
1x2,lgb_goals,P1,pre,2018/19,4.5085472591929965e-08
1x2,lgb_goals,P1,pre,2019/20,4.5085472591929965e-08
1x2,lgb_goals,P1,pre,2020/21,4.5085472591929965e-08
1x2,lgb_goals,P1,pre,2021/22,4.5085472591929965e-08
1x2,lgb_goals,P1,pre,2022/23,4.5085472591929965e-08
1x2,lgb_goals,P1,pre,2023/24,4.5085472591929965e-08
1x2,lgb_goals,P1,pre,2024/25,4.5085472591929965e-08
1x2,lgb_goals,P1,pre,2025/26,4.5085472591929965e-08
1x2,lgb_goals,P1,pre,2026/27,0.19921537333142328
1x2,lgb_goals,P1,close,2017/18,4.5085472591929965e-08
1x2,lgb_goals,P1,close,2018/19,4.5085472591929965e-08
1x2,lgb_goals,P1,close,2019/20,4.5085472591929965e-08
1x2,lgb_goals,P1,close,2020/21,0.14514775037518007
1x2,lgb_goals,P1,close,2021/22,0.13509470747847108
1x2,lgb_goals,P1,close,2022/23,0.11071285970133805
1x2,lgb_goals,P1,close,2023/24,0.0794051621930888
1x2,lgb_goals,P1,close,2024/25,0.03349186723271918
1x2,lgb_goals,P1,close,2025/26,0.0012967087672637108
1x2,lgb_goals,P1,close,2026/27,4.5085472591929965e-08
1x2,lgb_goals,SC0,pre,2018/19,4.5085472591929965e-08
1x2,lgb_goals,SC0,pre,2019/20,4.5085472591929965e-08
1x2,lgb_goals,SC0,pre,2020/21,4.5085472591929965e-08
1x2,lgb_goals,SC0,pre,2021/22,4.5085472591929965e-08
1x2,lgb_goals,SC0,pre,2022/23,4.5085472591929965e-08
1x2,lgb_goals,SC0,pre,2023/24,4.5085472591929965e-08
1x2,lgb_goals,SC0,pre,2024/25,4.5085472591929965e-08
1x2,lgb_goals,SC0,pre,2025/26,4.5085472591929965e-08
1x2,lgb_goals,SC0,pre,2026/27,0.007949288049017967
1x2,lgb_goals,SC0,close,2018/19,4.5085472591929965e-08
1x2,lgb_goals,SC0,close,2019/20,4.5085472591929965e-08
1x2,lgb_goals,SC0,close,2020/21,4.5085472591929965e-08
1x2,lgb_goals,SC0,close,2021/22,4.5085472591929965e-08
1x2,lgb_goals,SC0,close,2022/23,4.5085472591929965e-08
1x2,lgb_goals,SC0,close,2023/24,4.5085472591929965e-08
1x2,lgb_goals,SC0,close,2024/25,4.5085472591929965e-08
1x2,lgb_goals,SC0,close,2025/26,4.5085472591929965e-08
1x2,lgb_goals,SC0,close,2026/27,4.5085472591929965e-08
1x2,lgb_goals,SP1,pre,2017/18,4.5085472591929965e-08
1x2,lgb_goals,SP1,pre,2018/19,4.5085472591929965e-08
1x2,lgb_goals,SP1,pre,2019/20,4.5085472591929965e-08
1x2,lgb_goals,SP1,pre,2020/21,4.5085472591929965e-08
1x2,lgb_goals,SP1,pre,2021/22,4.5085472591929965e-08
1x2,lgb_goals,SP1,pre,2022/23,4.5085472591929965e-08
1x2,lgb_goals,SP1,pre,2023/24,4.5085472591929965e-08
1x2,lgb_goals,SP1,pre,2024/25,4.5085472591929965e-08
1x2,lgb_goals,SP1,pre,2025/26,4.5085472591929965e-08
1x2,lgb_goals,SP1,pre,2026/27,4.5085472591929965e-08
1x2,lgb_goals,SP1,close,2017/18,4.5085472591929965e-08
1x2,lgb_goals,SP1,close,2018/19,4.5085472591929965e-08
1x2,lgb_goals,SP1,close,2019/20,4.5085472591929965e-08
1x2,lgb_goals,SP1,close,2020/21,4.5085472591929965e-08
1x2,lgb_goals,SP1,close,2021/22,4.5085472591929965e-08
1x2,lgb_goals,SP1,close,2022/23,4.5085472591929965e-08
1x2,lgb_goals,SP1,close,2023/24,4.5085472591929965e-08
1x2,lgb_goals,SP1,close,2024/25,4.5085472591929965e-08
1x2,lgb_goals,SP1,close,2025/26,4.5085472591929965e-08
1x2,lgb_goals,SP1,close,2026/27,4.5085472591929965e-08
1x2,lgb_goals,SP2,pre,2017/18,0.30901899069410405
1x2,lgb_goals,SP2,pre,2018/19,0.22498691312711785
1x2,lgb_goals,SP2,pre,2019/20,0.1499552577628656
1x2,lgb_goals,SP2,pre,2020/21,0.17451420118321634
1x2,lgb_goals,SP2,pre,2021/22,0.06502275617002916
1x2,lgb_goals,SP2,pre,2022/23,0.004062125919789132
1x2,lgb_goals,SP2,pre,2023/24,0.049028640693688195
1x2,lgb_goals,SP2,pre,2024/25,0.03983589921343444
1x2,lgb_goals,SP2,pre,2025/26,0.04793846792018132
1x2,lgb_goals,SP2,pre,2026/27,0.11212215189945805
1x2,lgb_goals,SP2,close,2017/18,0.32006586283780264
1x2,lgb_goals,SP2,close,2018/19,0.16683789620156633
1x2,lgb_goals,SP2,close,2019/20,0.05972478143464663
1x2,lgb_goals,SP2,close,2020/21,0.06601009582608557
1x2,lgb_goals,SP2,close,2021/22,0.014485829316811284
1x2,lgb_goals,SP2,close,2022/23,4.5085472591929965e-08
1x2,lgb_goals,SP2,close,2023/24,4.5085472591929965e-08
1x2,lgb_goals,SP2,close,2024/25,4.5085472591929965e-08
1x2,lgb_goals,SP2,close,2025/26,4.5085472591929965e-08
1x2,lgb_goals,SP2,close,2026/27,4.5085472591929965e-08
1x2,lgb_goals,T1,pre,2017/18,0.3127593517752952
1x2,lgb_goals,T1,pre,2018/19,0.19321800941498363
1x2,lgb_goals,T1,pre,2019/20,0.1260919392849854
1x2,lgb_goals,T1,pre,2020/21,0.18056109892909675
1x2,lgb_goals,T1,pre,2021/22,0.20236491841760532
1x2,lgb_goals,T1,pre,2022/23,0.1152450747086004
1x2,lgb_goals,T1,pre,2023/24,0.0786810827310285
1x2,lgb_goals,T1,pre,2024/25,0.03854617025076404
1x2,lgb_goals,T1,pre,2025/26,0.021371251960028387
1x2,lgb_goals,T1,pre,2026/27,0.08226416427699221
1x2,lgb_goals,T1,close,2017/18,0.15667002093516627
1x2,lgb_goals,T1,close,2018/19,0.1311939567300807
1x2,lgb_goals,T1,close,2019/20,0.0933923084975179
1x2,lgb_goals,T1,close,2020/21,0.09644316428234594
1x2,lgb_goals,T1,close,2021/22,0.11867384461982948
1x2,lgb_goals,T1,close,2022/23,0.07301549621351429
1x2,lgb_goals,T1,close,2023/24,0.040386823430577076
1x2,lgb_goals,T1,close,2024/25,0.003576588671562132
1x2,lgb_goals,T1,close,2025/26,4.5085472591929965e-08
1x2,lgb_goals,T1,close,2026/27,4.5085472591929965e-08
1x2,lgb_xg,B1,pre,2018/19,0.18073640846976716
1x2,lgb_xg,B1,pre,2019/20,0.015932001292373155
1x2,lgb_xg,B1,pre,2020/21,0.03425726862448562
1x2,lgb_xg,B1,pre,2021/22,0.010178424032528702
1x2,lgb_xg,B1,pre,2022/23,4.5085472591929965e-08
1x2,lgb_xg,B1,pre,2023/24,4.5085472591929965e-08
1x2,lgb_xg,B1,pre,2024/25,0.02044072712729915
1x2,lgb_xg,B1,pre,2025/26,0.02571572102927989
1x2,lgb_xg,B1,pre,2026/27,0.4162843474576078
1x2,lgb_xg,B1,close,2018/19,0.20928550749843097
1x2,lgb_xg,B1,close,2019/20,0.13958190977582793
1x2,lgb_xg,B1,close,2020/21,0.1702198147816118
1x2,lgb_xg,B1,close,2021/22,4.5085472591929965e-08
1x2,lgb_xg,B1,close,2022/23,4.5085472591929965e-08
1x2,lgb_xg,B1,close,2023/24,4.5085472591929965e-08
1x2,lgb_xg,B1,close,2024/25,4.5085472591929965e-08
1x2,lgb_xg,B1,close,2025/26,4.5085472591929965e-08
1x2,lgb_xg,B1,close,2026/27,4.5085472591929965e-08
1x2,lgb_xg,D1,pre,2017/18,4.5085472591929965e-08
1x2,lgb_xg,D1,pre,2018/19,4.5085472591929965e-08
1x2,lgb_xg,D1,pre,2019/20,4.5085472591929965e-08
1x2,lgb_xg,D1,pre,2020/21,4.5085472591929965e-08
1x2,lgb_xg,D1,pre,2021/22,4.5085472591929965e-08
1x2,lgb_xg,D1,pre,2022/23,4.5085472591929965e-08
1x2,lgb_xg,D1,pre,2023/24,0.015900869964641472
1x2,lgb_xg,D1,pre,2024/25,4.5085472591929965e-08
1x2,lgb_xg,D1,pre,2025/26,4.5085472591929965e-08
1x2,lgb_xg,D1,pre,2026/27,4.5085472591929965e-08
1x2,lgb_xg,D1,close,2017/18,4.5085472591929965e-08
1x2,lgb_xg,D1,close,2018/19,4.5085472591929965e-08
1x2,lgb_xg,D1,close,2019/20,0.057077812145025025
1x2,lgb_xg,D1,close,2020/21,4.5085472591929965e-08
1x2,lgb_xg,D1,close,2021/22,0.024579369231428786
1x2,lgb_xg,D1,close,2022/23,4.5085472591929965e-08
1x2,lgb_xg,D1,close,2023/24,0.07684839537814034
1x2,lgb_xg,D1,close,2024/25,0.012343301117327371
1x2,lgb_xg,D1,close,2025/26,4.5085472591929965e-08
1x2,lgb_xg,D1,close,2026/27,4.5085472591929965e-08
1x2,lgb_xg,D2,pre,2017/18,4.5085472591929965e-08
1x2,lgb_xg,D2,pre,2018/19,4.5085472591929965e-08
1x2,lgb_xg,D2,pre,2019/20,4.5085472591929965e-08
1x2,lgb_xg,D2,pre,2020/21,0.19590331878894546
1x2,lgb_xg,D2,pre,2021/22,0.10591302096255707
1x2,lgb_xg,D2,pre,2022/23,0.10189634536189097
1x2,lgb_xg,D2,pre,2023/24,0.09736267141622255
1x2,lgb_xg,D2,pre,2024/25,0.16091136742414647
1x2,lgb_xg,D2,pre,2025/26,0.12311499707957033
1x2,lgb_xg,D2,pre,2026/27,0.1332048578068129
1x2,lgb_xg,D2,close,2017/18,4.5085472591929965e-08
1x2,lgb_xg,D2,close,2018/19,4.5085472591929965e-08
1x2,lgb_xg,D2,close,2019/20,4.5085472591929965e-08
1x2,lgb_xg,D2,close,2020/21,0.1432145345148481
1x2,lgb_xg,D2,close,2021/22,0.07166798484352412
1x2,lgb_xg,D2,close,2022/23,0.07604378120658671
1x2,lgb_xg,D2,close,2023/24,0.04449693821792099
1x2,lgb_xg,D2,close,2024/25,0.12560850275575935
1x2,lgb_xg,D2,close,2025/26,0.11571346611114865
1x2,lgb_xg,D2,close,2026/27,0.12225597499311391
1x2,lgb_xg,E0,pre,2017/18,4.5085472591929965e-08
1x2,lgb_xg,E0,pre,2018/19,4.5085472591929965e-08
1x2,lgb_xg,E0,pre,2019/20,4.5085472591929965e-08
1x2,lgb_xg,E0,pre,2020/21,0.19284471527067748
1x2,lgb_xg,E0,pre,2021/22,0.14293834054515245
1x2,lgb_xg,E0,pre,2022/23,0.0819109527136729
1x2,lgb_xg,E0,pre,2023/24,0.04825698607889753
1x2,lgb_xg,E0,pre,2024/25,0.00519861784546148
1x2,lgb_xg,E0,pre,2025/26,4.5085472591929965e-08
1x2,lgb_xg,E0,pre,2026/27,4.5085472591929965e-08
1x2,lgb_xg,E0,close,2017/18,4.5085472591929965e-08
1x2,lgb_xg,E0,close,2018/19,4.5085472591929965e-08
1x2,lgb_xg,E0,close,2019/20,4.5085472591929965e-08
1x2,lgb_xg,E0,close,2020/21,0.18274831745886805
1x2,lgb_xg,E0,close,2021/22,0.09801969201214282
1x2,lgb_xg,E0,close,2022/23,0.06118449660772729
1x2,lgb_xg,E0,close,2023/24,0.025206754921881812
1x2,lgb_xg,E0,close,2024/25,4.5085472591929965e-08
1x2,lgb_xg,E0,close,2025/26,4.5085472591929965e-08
1x2,lgb_xg,E0,close,2026/27,4.5085472591929965e-08
1x2,lgb_xg,E1,pre,2017/18,4.5085472591929965e-08
1x2,lgb_xg,E1,pre,2018/19,4.5085472591929965e-08
1x2,lgb_xg,E1,pre,2019/20,4.5085472591929965e-08
1x2,lgb_xg,E1,pre,2020/21,4.5085472591929965e-08
1x2,lgb_xg,E1,pre,2021/22,4.5085472591929965e-08
1x2,lgb_xg,E1,pre,2022/23,4.5085472591929965e-08
1x2,lgb_xg,E1,pre,2023/24,4.5085472591929965e-08
1x2,lgb_xg,E1,pre,2024/25,4.5085472591929965e-08
1x2,lgb_xg,E1,pre,2025/26,4.5085472591929965e-08
1x2,lgb_xg,E1,pre,2026/27,4.5085472591929965e-08
1x2,lgb_xg,E1,close,2017/18,4.5085472591929965e-08
1x2,lgb_xg,E1,close,2018/19,4.5085472591929965e-08
1x2,lgb_xg,E1,close,2019/20,4.5085472591929965e-08
1x2,lgb_xg,E1,close,2020/21,4.5085472591929965e-08
1x2,lgb_xg,E1,close,2021/22,4.5085472591929965e-08
1x2,lgb_xg,E1,close,2022/23,4.5085472591929965e-08
1x2,lgb_xg,E1,close,2023/24,4.5085472591929965e-08
1x2,lgb_xg,E1,close,2024/25,4.5085472591929965e-08
1x2,lgb_xg,E1,close,2025/26,4.5085472591929965e-08
1x2,lgb_xg,E1,close,2026/27,4.5085472591929965e-08
1x2,lgb_xg,E2,pre,2017/18,4.5085472591929965e-08
1x2,lgb_xg,E2,pre,2018/19,0.12205866417852793
1x2,lgb_xg,E2,pre,2019/20,0.08193479561180851
1x2,lgb_xg,E2,pre,2020/21,0.04568995502540561
1x2,lgb_xg,E2,pre,2021/22,4.5085472591929965e-08
1x2,lgb_xg,E2,pre,2022/23,4.5085472591929965e-08
1x2,lgb_xg,E2,pre,2023/24,4.5085472591929965e-08
1x2,lgb_xg,E2,pre,2024/25,4.5085472591929965e-08
1x2,lgb_xg,E2,pre,2025/26,4.5085472591929965e-08
1x2,lgb_xg,E2,pre,2026/27,4.5085472591929965e-08
1x2,lgb_xg,E2,close,2017/18,4.5085472591929965e-08
1x2,lgb_xg,E2,close,2018/19,4.5085472591929965e-08
1x2,lgb_xg,E2,close,2019/20,4.5085472591929965e-08
1x2,lgb_xg,E2,close,2020/21,4.5085472591929965e-08
1x2,lgb_xg,E2,close,2021/22,4.5085472591929965e-08
1x2,lgb_xg,E2,close,2022/23,4.5085472591929965e-08
1x2,lgb_xg,E2,close,2023/24,4.5085472591929965e-08
1x2,lgb_xg,E2,close,2024/25,4.5085472591929965e-08
1x2,lgb_xg,E2,close,2025/26,4.5085472591929965e-08
1x2,lgb_xg,E2,close,2026/27,4.5085472591929965e-08
1x2,lgb_xg,E3,pre,2017/18,4.5085472591929965e-08
1x2,lgb_xg,E3,pre,2018/19,4.5085472591929965e-08
1x2,lgb_xg,E3,pre,2019/20,4.5085472591929965e-08
1x2,lgb_xg,E3,pre,2020/21,4.5085472591929965e-08
1x2,lgb_xg,E3,pre,2021/22,4.5085472591929965e-08
1x2,lgb_xg,E3,pre,2022/23,4.5085472591929965e-08
1x2,lgb_xg,E3,pre,2023/24,4.5085472591929965e-08
1x2,lgb_xg,E3,pre,2024/25,4.5085472591929965e-08
1x2,lgb_xg,E3,pre,2025/26,4.5085472591929965e-08
1x2,lgb_xg,E3,pre,2026/27,0.06748854909906382
1x2,lgb_xg,E3,close,2017/18,0.02946142524123451
1x2,lgb_xg,E3,close,2018/19,4.5085472591929965e-08
1x2,lgb_xg,E3,close,2019/20,4.5085472591929965e-08
1x2,lgb_xg,E3,close,2020/21,4.5085472591929965e-08
1x2,lgb_xg,E3,close,2021/22,4.5085472591929965e-08
1x2,lgb_xg,E3,close,2022/23,4.5085472591929965e-08
1x2,lgb_xg,E3,close,2023/24,4.5085472591929965e-08
1x2,lgb_xg,E3,close,2024/25,4.5085472591929965e-08
1x2,lgb_xg,E3,close,2025/26,4.5085472591929965e-08
1x2,lgb_xg,E3,close,2026/27,4.5085472591929965e-08
1x2,lgb_xg,F1,pre,2017/18,0.18481592086173876
1x2,lgb_xg,F1,pre,2018/19,0.01137220088878199
1x2,lgb_xg,F1,pre,2019/20,4.5085472591929965e-08
1x2,lgb_xg,F1,pre,2020/21,4.5085472591929965e-08
1x2,lgb_xg,F1,pre,2021/22,4.5085472591929965e-08
1x2,lgb_xg,F1,pre,2022/23,4.5085472591929965e-08
1x2,lgb_xg,F1,pre,2023/24,4.5085472591929965e-08
1x2,lgb_xg,F1,pre,2024/25,4.5085472591929965e-08
1x2,lgb_xg,F1,pre,2025/26,4.5085472591929965e-08
1x2,lgb_xg,F1,pre,2026/27,4.5085472591929965e-08
1x2,lgb_xg,F1,close,2017/18,0.1542356149805286
1x2,lgb_xg,F1,close,2018/19,4.5085472591929965e-08
1x2,lgb_xg,F1,close,2019/20,4.5085472591929965e-08
1x2,lgb_xg,F1,close,2020/21,4.5085472591929965e-08
1x2,lgb_xg,F1,close,2021/22,4.5085472591929965e-08
1x2,lgb_xg,F1,close,2022/23,4.5085472591929965e-08
1x2,lgb_xg,F1,close,2023/24,4.5085472591929965e-08
1x2,lgb_xg,F1,close,2024/25,4.5085472591929965e-08
1x2,lgb_xg,F1,close,2025/26,4.5085472591929965e-08
1x2,lgb_xg,F1,close,2026/27,4.5085472591929965e-08
1x2,lgb_xg,F2,pre,2017/18,4.5085472591929965e-08
1x2,lgb_xg,F2,pre,2018/19,4.5085472591929965e-08
1x2,lgb_xg,F2,pre,2019/20,0.07418632189782834
1x2,lgb_xg,F2,pre,2020/21,0.0362451566147676
1x2,lgb_xg,F2,pre,2021/22,4.5085472591929965e-08
1x2,lgb_xg,F2,pre,2022/23,4.5085472591929965e-08
1x2,lgb_xg,F2,pre,2023/24,4.5085472591929965e-08
1x2,lgb_xg,F2,pre,2024/25,4.5085472591929965e-08
1x2,lgb_xg,F2,pre,2025/26,4.5085472591929965e-08
1x2,lgb_xg,F2,pre,2026/27,0.051971590893153854
1x2,lgb_xg,F2,close,2017/18,4.5085472591929965e-08
1x2,lgb_xg,F2,close,2018/19,4.5085472591929965e-08
1x2,lgb_xg,F2,close,2019/20,0.06309113407003222
1x2,lgb_xg,F2,close,2020/21,0.05284430485537709
1x2,lgb_xg,F2,close,2021/22,4.5085472591929965e-08
1x2,lgb_xg,F2,close,2022/23,4.5085472591929965e-08
1x2,lgb_xg,F2,close,2023/24,4.5085472591929965e-08
1x2,lgb_xg,F2,close,2024/25,4.5085472591929965e-08
1x2,lgb_xg,F2,close,2025/26,4.5085472591929965e-08
1x2,lgb_xg,F2,close,2026/27,4.5085472591929965e-08
1x2,lgb_xg,G1,pre,2018/19,0.008728639384317274
1x2,lgb_xg,G1,pre,2019/20,0.04124170709826207
1x2,lgb_xg,G1,pre,2020/21,0.1428397621976238
1x2,lgb_xg,G1,pre,2021/22,0.2034147423950199
1x2,lgb_xg,G1,pre,2022/23,0.273649071819687
1x2,lgb_xg,G1,pre,2023/24,0.22457531841293668
1x2,lgb_xg,G1,pre,2024/25,0.17203028776073387
1x2,lgb_xg,G1,pre,2025/26,0.14906735089092357
1x2,lgb_xg,G1,pre,2026/27,0.4215810362385265
1x2,lgb_xg,G1,close,2018/19,0.023849168186342192
1x2,lgb_xg,G1,close,2019/20,0.08899231057535748
1x2,lgb_xg,G1,close,2020/21,0.020564015018120618
1x2,lgb_xg,G1,close,2021/22,0.0827993201533057
1x2,lgb_xg,G1,close,2022/23,0.18472687365234716
1x2,lgb_xg,G1,close,2023/24,0.17838857548267112
1x2,lgb_xg,G1,close,2024/25,0.1218859653380741
1x2,lgb_xg,G1,close,2025/26,0.08062582073306465
1x2,lgb_xg,G1,close,2026/27,0.04956035806094939
1x2,lgb_xg,I1,pre,2017/18,0.08663423552742532
1x2,lgb_xg,I1,pre,2018/19,4.5085472591929965e-08
1x2,lgb_xg,I1,pre,2019/20,4.5085472591929965e-08
1x2,lgb_xg,I1,pre,2020/21,4.5085472591929965e-08
1x2,lgb_xg,I1,pre,2021/22,4.5085472591929965e-08
1x2,lgb_xg,I1,pre,2022/23,4.5085472591929965e-08
1x2,lgb_xg,I1,pre,2023/24,4.5085472591929965e-08
1x2,lgb_xg,I1,pre,2024/25,4.5085472591929965e-08
1x2,lgb_xg,I1,pre,2025/26,4.5085472591929965e-08
1x2,lgb_xg,I1,pre,2026/27,4.5085472591929965e-08
1x2,lgb_xg,I1,close,2017/18,0.02278663847309136
1x2,lgb_xg,I1,close,2018/19,4.5085472591929965e-08
1x2,lgb_xg,I1,close,2019/20,4.5085472591929965e-08
1x2,lgb_xg,I1,close,2020/21,4.5085472591929965e-08
1x2,lgb_xg,I1,close,2021/22,4.5085472591929965e-08
1x2,lgb_xg,I1,close,2022/23,4.5085472591929965e-08
1x2,lgb_xg,I1,close,2023/24,4.5085472591929965e-08
1x2,lgb_xg,I1,close,2024/25,4.5085472591929965e-08
1x2,lgb_xg,I1,close,2025/26,4.5085472591929965e-08
1x2,lgb_xg,I1,close,2026/27,4.5085472591929965e-08
1x2,lgb_xg,I2,pre,2017/18,4.5085472591929965e-08
1x2,lgb_xg,I2,pre,2018/19,0.060037224938195896
1x2,lgb_xg,I2,pre,2019/20,0.0671617400079487
1x2,lgb_xg,I2,pre,2020/21,0.15264220187149072
1x2,lgb_xg,I2,pre,2021/22,0.07274172118643892
1x2,lgb_xg,I2,pre,2022/23,0.057044160718612194
1x2,lgb_xg,I2,pre,2023/24,0.08213800153092363
1x2,lgb_xg,I2,pre,2024/25,4.5085472591929965e-08
1x2,lgb_xg,I2,pre,2025/26,4.5085472591929965e-08
1x2,lgb_xg,I2,pre,2026/27,0.06782161057811253
1x2,lgb_xg,I2,close,2017/18,4.5085472591929965e-08
1x2,lgb_xg,I2,close,2018/19,4.5085472591929965e-08
1x2,lgb_xg,I2,close,2019/20,4.5085472591929965e-08
1x2,lgb_xg,I2,close,2020/21,4.5085472591929965e-08
1x2,lgb_xg,I2,close,2021/22,4.5085472591929965e-08
1x2,lgb_xg,I2,close,2022/23,4.5085472591929965e-08
1x2,lgb_xg,I2,close,2023/24,4.5085472591929965e-08
1x2,lgb_xg,I2,close,2024/25,4.5085472591929965e-08
1x2,lgb_xg,I2,close,2025/26,4.5085472591929965e-08
1x2,lgb_xg,I2,close,2026/27,4.5085472591929965e-08
1x2,lgb_xg,N1,pre,2017/18,0.3155813038456966
1x2,lgb_xg,N1,pre,2018/19,0.3642675207887444
1x2,lgb_xg,N1,pre,2019/20,0.12240542332170087
1x2,lgb_xg,N1,pre,2020/21,4.5085472591929965e-08
1x2,lgb_xg,N1,pre,2021/22,4.5085472591929965e-08
1x2,lgb_xg,N1,pre,2022/23,4.5085472591929965e-08
1x2,lgb_xg,N1,pre,2023/24,4.5085472591929965e-08
1x2,lgb_xg,N1,pre,2024/25,4.5085472591929965e-08
1x2,lgb_xg,N1,pre,2025/26,4.5085472591929965e-08
1x2,lgb_xg,N1,pre,2026/27,4.5085472591929965e-08
1x2,lgb_xg,N1,close,2017/18,0.23796465594445637
1x2,lgb_xg,N1,close,2018/19,0.18820366374003963
1x2,lgb_xg,N1,close,2019/20,4.5085472591929965e-08
1x2,lgb_xg,N1,close,2020/21,4.5085472591929965e-08
1x2,lgb_xg,N1,close,2021/22,4.5085472591929965e-08
1x2,lgb_xg,N1,close,2022/23,4.5085472591929965e-08
1x2,lgb_xg,N1,close,2023/24,4.5085472591929965e-08
1x2,lgb_xg,N1,close,2024/25,4.5085472591929965e-08
1x2,lgb_xg,N1,close,2025/26,4.5085472591929965e-08
1x2,lgb_xg,N1,close,2026/27,0.15724689312976012
1x2,lgb_xg,P1,pre,2017/18,4.5085472591929965e-08
1x2,lgb_xg,P1,pre,2018/19,4.5085472591929965e-08
1x2,lgb_xg,P1,pre,2019/20,4.5085472591929965e-08
1x2,lgb_xg,P1,pre,2020/21,4.5085472591929965e-08
1x2,lgb_xg,P1,pre,2021/22,4.5085472591929965e-08
1x2,lgb_xg,P1,pre,2022/23,4.5085472591929965e-08
1x2,lgb_xg,P1,pre,2023/24,0.003500682884393031
1x2,lgb_xg,P1,pre,2024/25,0.045159759655205495
1x2,lgb_xg,P1,pre,2025/26,0.0683523995935232
1x2,lgb_xg,P1,pre,2026/27,0.3189903869616701
1x2,lgb_xg,P1,close,2017/18,4.5085472591929965e-08
1x2,lgb_xg,P1,close,2018/19,4.5085472591929965e-08
1x2,lgb_xg,P1,close,2019/20,4.5085472591929965e-08
1x2,lgb_xg,P1,close,2020/21,0.06300867515291293
1x2,lgb_xg,P1,close,2021/22,0.08060441837992426
1x2,lgb_xg,P1,close,2022/23,0.07979967700297978
1x2,lgb_xg,P1,close,2023/24,0.09300066545314856
1x2,lgb_xg,P1,close,2024/25,0.09592992514551965
1x2,lgb_xg,P1,close,2025/26,0.09201644873590195
1x2,lgb_xg,P1,close,2026/27,0.06275252824842176
1x2,lgb_xg,SC0,pre,2018/19,4.5085472591929965e-08
1x2,lgb_xg,SC0,pre,2019/20,4.5085472591929965e-08
1x2,lgb_xg,SC0,pre,2020/21,4.5085472591929965e-08
1x2,lgb_xg,SC0,pre,2021/22,4.5085472591929965e-08
1x2,lgb_xg,SC0,pre,2022/23,4.5085472591929965e-08
1x2,lgb_xg,SC0,pre,2023/24,4.5085472591929965e-08
1x2,lgb_xg,SC0,pre,2024/25,4.5085472591929965e-08
1x2,lgb_xg,SC0,pre,2025/26,4.5085472591929965e-08
1x2,lgb_xg,SC0,pre,2026/27,0.0018762843789396323
1x2,lgb_xg,SC0,close,2018/19,4.5085472591929965e-08
1x2,lgb_xg,SC0,close,2019/20,4.5085472591929965e-08
1x2,lgb_xg,SC0,close,2020/21,4.5085472591929965e-08
1x2,lgb_xg,SC0,close,2021/22,4.5085472591929965e-08
1x2,lgb_xg,SC0,close,2022/23,4.5085472591929965e-08
1x2,lgb_xg,SC0,close,2023/24,4.5085472591929965e-08
1x2,lgb_xg,SC0,close,2024/25,4.5085472591929965e-08
1x2,lgb_xg,SC0,close,2025/26,4.5085472591929965e-08
1x2,lgb_xg,SC0,close,2026/27,4.5085472591929965e-08
1x2,lgb_xg,SP1,pre,2017/18,4.5085472591929965e-08
1x2,lgb_xg,SP1,pre,2018/19,4.5085472591929965e-08
1x2,lgb_xg,SP1,pre,2019/20,4.5085472591929965e-08
1x2,lgb_xg,SP1,pre,2020/21,4.5085472591929965e-08
1x2,lgb_xg,SP1,pre,2021/22,0.020018185377808282
1x2,lgb_xg,SP1,pre,2022/23,0.0012748777936002964
1x2,lgb_xg,SP1,pre,2023/24,0.031697141614913396
1x2,lgb_xg,SP1,pre,2024/25,0.01778432234668268
1x2,lgb_xg,SP1,pre,2025/26,0.02174954603807232
1x2,lgb_xg,SP1,pre,2026/27,4.5085472591929965e-08
1x2,lgb_xg,SP1,close,2017/18,4.5085472591929965e-08
1x2,lgb_xg,SP1,close,2018/19,4.5085472591929965e-08
1x2,lgb_xg,SP1,close,2019/20,4.5085472591929965e-08
1x2,lgb_xg,SP1,close,2020/21,4.5085472591929965e-08
1x2,lgb_xg,SP1,close,2021/22,4.5085472591929965e-08
1x2,lgb_xg,SP1,close,2022/23,4.5085472591929965e-08
1x2,lgb_xg,SP1,close,2023/24,4.5085472591929965e-08
1x2,lgb_xg,SP1,close,2024/25,0.012247585101944883
1x2,lgb_xg,SP1,close,2025/26,0.0027980096056070738
1x2,lgb_xg,SP1,close,2026/27,4.5085472591929965e-08
1x2,lgb_xg,SP2,pre,2017/18,0.28882729060350165
1x2,lgb_xg,SP2,pre,2018/19,0.09070082884266586
1x2,lgb_xg,SP2,pre,2019/20,0.08098307408198122
1x2,lgb_xg,SP2,pre,2020/21,0.13090913534962592
1x2,lgb_xg,SP2,pre,2021/22,0.04936316423184412
1x2,lgb_xg,SP2,pre,2022/23,4.5085472591929965e-08
1x2,lgb_xg,SP2,pre,2023/24,0.03999366356883156
1x2,lgb_xg,SP2,pre,2024/25,0.02182331052522097
1x2,lgb_xg,SP2,pre,2025/26,0.019500432072352566
1x2,lgb_xg,SP2,pre,2026/27,0.10057058559559513
1x2,lgb_xg,SP2,close,2017/18,0.30215820665388554
1x2,lgb_xg,SP2,close,2018/19,0.03814152225027646
1x2,lgb_xg,SP2,close,2019/20,4.5085472591929965e-08
1x2,lgb_xg,SP2,close,2020/21,0.004032685469148563
1x2,lgb_xg,SP2,close,2021/22,4.5085472591929965e-08
1x2,lgb_xg,SP2,close,2022/23,4.5085472591929965e-08
1x2,lgb_xg,SP2,close,2023/24,4.5085472591929965e-08
1x2,lgb_xg,SP2,close,2024/25,4.5085472591929965e-08
1x2,lgb_xg,SP2,close,2025/26,4.5085472591929965e-08
1x2,lgb_xg,SP2,close,2026/27,4.5085472591929965e-08
1x2,lgb_xg,T1,pre,2017/18,0.23774833804527573
1x2,lgb_xg,T1,pre,2018/19,4.5085472591929965e-08
1x2,lgb_xg,T1,pre,2019/20,4.5085472591929965e-08
1x2,lgb_xg,T1,pre,2020/21,0.04095163413299288
1x2,lgb_xg,T1,pre,2021/22,0.07835840053914603
1x2,lgb_xg,T1,pre,2022/23,0.02967853029476128
1x2,lgb_xg,T1,pre,2023/24,0.007554912748938981
1x2,lgb_xg,T1,pre,2024/25,0.05826479388826392
1x2,lgb_xg,T1,pre,2025/26,0.05509025388334955
1x2,lgb_xg,T1,pre,2026/27,0.11297116201160552
1x2,lgb_xg,T1,close,2017/18,0.08945829480640216
1x2,lgb_xg,T1,close,2018/19,4.5085472591929965e-08
1x2,lgb_xg,T1,close,2019/20,4.5085472591929965e-08
1x2,lgb_xg,T1,close,2020/21,4.5085472591929965e-08
1x2,lgb_xg,T1,close,2021/22,4.5085472591929965e-08
1x2,lgb_xg,T1,close,2022/23,4.5085472591929965e-08
1x2,lgb_xg,T1,close,2023/24,4.5085472591929965e-08
1x2,lgb_xg,T1,close,2024/25,4.5085472591929965e-08
1x2,lgb_xg,T1,close,2025/26,4.5085472591929965e-08
1x2,lgb_xg,T1,close,2026/27,4.5085472591929965e-08
1x2,cb_goals,B1,pre,2018/19,0.1284092079141059
1x2,cb_goals,B1,pre,2019/20,4.5085472591929965e-08
1x2,cb_goals,B1,pre,2020/21,4.5085472591929965e-08
1x2,cb_goals,B1,pre,2021/22,4.5085472591929965e-08
1x2,cb_goals,B1,pre,2022/23,4.5085472591929965e-08
1x2,cb_goals,B1,pre,2023/24,4.5085472591929965e-08
1x2,cb_goals,B1,pre,2024/25,4.5085472591929965e-08
1x2,cb_goals,B1,pre,2025/26,4.5085472591929965e-08
1x2,cb_goals,B1,pre,2026/27,0.26809554812875047
1x2,cb_goals,B1,close,2018/19,0.18097767646540466
1x2,cb_goals,B1,close,2019/20,0.09794658225327718
1x2,cb_goals,B1,close,2020/21,0.0952755556022134
1x2,cb_goals,B1,close,2021/22,4.5085472591929965e-08
1x2,cb_goals,B1,close,2022/23,4.5085472591929965e-08
1x2,cb_goals,B1,close,2023/24,4.5085472591929965e-08
1x2,cb_goals,B1,close,2024/25,4.5085472591929965e-08
1x2,cb_goals,B1,close,2025/26,4.5085472591929965e-08
1x2,cb_goals,B1,close,2026/27,4.5085472591929965e-08
1x2,cb_goals,D1,pre,2017/18,0.2698178481869438
1x2,cb_goals,D1,pre,2018/19,4.5085472591929965e-08
1x2,cb_goals,D1,pre,2019/20,4.5085472591929965e-08
1x2,cb_goals,D1,pre,2020/21,4.5085472591929965e-08
1x2,cb_goals,D1,pre,2021/22,4.5085472591929965e-08
1x2,cb_goals,D1,pre,2022/23,4.5085472591929965e-08
1x2,cb_goals,D1,pre,2023/24,4.5085472591929965e-08
1x2,cb_goals,D1,pre,2024/25,4.5085472591929965e-08
1x2,cb_goals,D1,pre,2025/26,4.5085472591929965e-08
1x2,cb_goals,D1,pre,2026/27,4.5085472591929965e-08
1x2,cb_goals,D1,close,2017/18,0.2623141425363616
1x2,cb_goals,D1,close,2018/19,4.5085472591929965e-08
1x2,cb_goals,D1,close,2019/20,4.5085472591929965e-08
1x2,cb_goals,D1,close,2020/21,4.5085472591929965e-08
1x2,cb_goals,D1,close,2021/22,4.5085472591929965e-08
1x2,cb_goals,D1,close,2022/23,4.5085472591929965e-08
1x2,cb_goals,D1,close,2023/24,4.5085472591929965e-08
1x2,cb_goals,D1,close,2024/25,4.5085472591929965e-08
1x2,cb_goals,D1,close,2025/26,4.5085472591929965e-08
1x2,cb_goals,D1,close,2026/27,4.5085472591929965e-08
1x2,cb_goals,D2,pre,2017/18,4.5085472591929965e-08
1x2,cb_goals,D2,pre,2018/19,4.5085472591929965e-08
1x2,cb_goals,D2,pre,2019/20,4.5085472591929965e-08
1x2,cb_goals,D2,pre,2020/21,0.05196169813535585
1x2,cb_goals,D2,pre,2021/22,0.0589329224006241
1x2,cb_goals,D2,pre,2022/23,0.018505974599879245
1x2,cb_goals,D2,pre,2023/24,0.02669024696840622
1x2,cb_goals,D2,pre,2024/25,0.04892748182777474
1x2,cb_goals,D2,pre,2025/26,0.018956405054623447
1x2,cb_goals,D2,pre,2026/27,0.0011431935519698644
1x2,cb_goals,D2,close,2017/18,4.5085472591929965e-08
1x2,cb_goals,D2,close,2018/19,4.5085472591929965e-08
1x2,cb_goals,D2,close,2019/20,4.5085472591929965e-08
1x2,cb_goals,D2,close,2020/21,0.03197712263854731
1x2,cb_goals,D2,close,2021/22,0.040922429180052476
1x2,cb_goals,D2,close,2022/23,0.014474723423319421
1x2,cb_goals,D2,close,2023/24,0.004221902243432059
1x2,cb_goals,D2,close,2024/25,0.04590337482282107
1x2,cb_goals,D2,close,2025/26,0.04085304814002904
1x2,cb_goals,D2,close,2026/27,0.024467166544080505
1x2,cb_goals,E0,pre,2017/18,4.5085472591929965e-08
1x2,cb_goals,E0,pre,2018/19,4.5085472591929965e-08
1x2,cb_goals,E0,pre,2019/20,4.5085472591929965e-08
1x2,cb_goals,E0,pre,2020/21,0.06986027085565642
1x2,cb_goals,E0,pre,2021/22,0.06039584311794714
1x2,cb_goals,E0,pre,2022/23,0.0011194261963220892
1x2,cb_goals,E0,pre,2023/24,4.5085472591929965e-08
1x2,cb_goals,E0,pre,2024/25,4.5085472591929965e-08
1x2,cb_goals,E0,pre,2025/26,4.5085472591929965e-08
1x2,cb_goals,E0,pre,2026/27,4.5085472591929965e-08
1x2,cb_goals,E0,close,2017/18,4.5085472591929965e-08
1x2,cb_goals,E0,close,2018/19,4.5085472591929965e-08
1x2,cb_goals,E0,close,2019/20,4.5085472591929965e-08
1x2,cb_goals,E0,close,2020/21,0.08536168635513725
1x2,cb_goals,E0,close,2021/22,0.043171426491488814
1x2,cb_goals,E0,close,2022/23,4.5085472591929965e-08
1x2,cb_goals,E0,close,2023/24,4.5085472591929965e-08
1x2,cb_goals,E0,close,2024/25,4.5085472591929965e-08
1x2,cb_goals,E0,close,2025/26,4.5085472591929965e-08
1x2,cb_goals,E0,close,2026/27,4.5085472591929965e-08
1x2,cb_goals,E1,pre,2017/18,4.5085472591929965e-08
1x2,cb_goals,E1,pre,2018/19,4.5085472591929965e-08
1x2,cb_goals,E1,pre,2019/20,4.5085472591929965e-08
1x2,cb_goals,E1,pre,2020/21,4.5085472591929965e-08
1x2,cb_goals,E1,pre,2021/22,4.5085472591929965e-08
1x2,cb_goals,E1,pre,2022/23,4.5085472591929965e-08
1x2,cb_goals,E1,pre,2023/24,4.5085472591929965e-08
1x2,cb_goals,E1,pre,2024/25,4.5085472591929965e-08
1x2,cb_goals,E1,pre,2025/26,4.5085472591929965e-08
1x2,cb_goals,E1,pre,2026/27,4.5085472591929965e-08
1x2,cb_goals,E1,close,2017/18,4.5085472591929965e-08
1x2,cb_goals,E1,close,2018/19,4.5085472591929965e-08
1x2,cb_goals,E1,close,2019/20,4.5085472591929965e-08
1x2,cb_goals,E1,close,2020/21,4.5085472591929965e-08
1x2,cb_goals,E1,close,2021/22,4.5085472591929965e-08
1x2,cb_goals,E1,close,2022/23,4.5085472591929965e-08
1x2,cb_goals,E1,close,2023/24,4.5085472591929965e-08
1x2,cb_goals,E1,close,2024/25,4.5085472591929965e-08
1x2,cb_goals,E1,close,2025/26,4.5085472591929965e-08
1x2,cb_goals,E1,close,2026/27,4.5085472591929965e-08
1x2,cb_goals,E2,pre,2017/18,4.5085472591929965e-08
1x2,cb_goals,E2,pre,2018/19,0.15296100783239017
1x2,cb_goals,E2,pre,2019/20,0.11945943263228481
1x2,cb_goals,E2,pre,2020/21,0.04035708417413629
1x2,cb_goals,E2,pre,2021/22,4.5085472591929965e-08
1x2,cb_goals,E2,pre,2022/23,4.5085472591929965e-08
1x2,cb_goals,E2,pre,2023/24,4.5085472591929965e-08
1x2,cb_goals,E2,pre,2024/25,4.5085472591929965e-08
1x2,cb_goals,E2,pre,2025/26,4.5085472591929965e-08
1x2,cb_goals,E2,pre,2026/27,4.5085472591929965e-08
1x2,cb_goals,E2,close,2017/18,4.5085472591929965e-08
1x2,cb_goals,E2,close,2018/19,0.0017354508558255967
1x2,cb_goals,E2,close,2019/20,4.5085472591929965e-08
1x2,cb_goals,E2,close,2020/21,4.5085472591929965e-08
1x2,cb_goals,E2,close,2021/22,4.5085472591929965e-08
1x2,cb_goals,E2,close,2022/23,4.5085472591929965e-08
1x2,cb_goals,E2,close,2023/24,4.5085472591929965e-08
1x2,cb_goals,E2,close,2024/25,4.5085472591929965e-08
1x2,cb_goals,E2,close,2025/26,4.5085472591929965e-08
1x2,cb_goals,E2,close,2026/27,4.5085472591929965e-08
1x2,cb_goals,E3,pre,2017/18,4.5085472591929965e-08
1x2,cb_goals,E3,pre,2018/19,4.5085472591929965e-08
1x2,cb_goals,E3,pre,2019/20,4.5085472591929965e-08
1x2,cb_goals,E3,pre,2020/21,4.5085472591929965e-08
1x2,cb_goals,E3,pre,2021/22,4.5085472591929965e-08
1x2,cb_goals,E3,pre,2022/23,4.5085472591929965e-08
1x2,cb_goals,E3,pre,2023/24,4.5085472591929965e-08
1x2,cb_goals,E3,pre,2024/25,4.5085472591929965e-08
1x2,cb_goals,E3,pre,2025/26,4.5085472591929965e-08
1x2,cb_goals,E3,pre,2026/27,0.09873287558093423
1x2,cb_goals,E3,close,2017/18,0.01826171991549386
1x2,cb_goals,E3,close,2018/19,4.5085472591929965e-08
1x2,cb_goals,E3,close,2019/20,4.5085472591929965e-08
1x2,cb_goals,E3,close,2020/21,4.5085472591929965e-08
1x2,cb_goals,E3,close,2021/22,4.5085472591929965e-08
1x2,cb_goals,E3,close,2022/23,4.5085472591929965e-08
1x2,cb_goals,E3,close,2023/24,4.5085472591929965e-08
1x2,cb_goals,E3,close,2024/25,4.5085472591929965e-08
1x2,cb_goals,E3,close,2025/26,4.5085472591929965e-08
1x2,cb_goals,E3,close,2026/27,4.5085472591929965e-08
1x2,cb_goals,F1,pre,2017/18,0.26007301489510926
1x2,cb_goals,F1,pre,2018/19,0.1398204748845262
1x2,cb_goals,F1,pre,2019/20,4.5085472591929965e-08
1x2,cb_goals,F1,pre,2020/21,4.5085472591929965e-08
1x2,cb_goals,F1,pre,2021/22,4.5085472591929965e-08
1x2,cb_goals,F1,pre,2022/23,4.5085472591929965e-08
1x2,cb_goals,F1,pre,2023/24,4.5085472591929965e-08
1x2,cb_goals,F1,pre,2024/25,4.5085472591929965e-08
1x2,cb_goals,F1,pre,2025/26,4.5085472591929965e-08
1x2,cb_goals,F1,pre,2026/27,4.5085472591929965e-08
1x2,cb_goals,F1,close,2017/18,0.22611381278320683
1x2,cb_goals,F1,close,2018/19,0.11588359336307316
1x2,cb_goals,F1,close,2019/20,4.5085472591929965e-08
1x2,cb_goals,F1,close,2020/21,4.5085472591929965e-08
1x2,cb_goals,F1,close,2021/22,4.5085472591929965e-08
1x2,cb_goals,F1,close,2022/23,4.5085472591929965e-08
1x2,cb_goals,F1,close,2023/24,4.5085472591929965e-08
1x2,cb_goals,F1,close,2024/25,4.5085472591929965e-08
1x2,cb_goals,F1,close,2025/26,4.5085472591929965e-08
1x2,cb_goals,F1,close,2026/27,4.5085472591929965e-08
1x2,cb_goals,F2,pre,2017/18,4.5085472591929965e-08
1x2,cb_goals,F2,pre,2018/19,0.013041255513008299
1x2,cb_goals,F2,pre,2019/20,0.21274816162834959
1x2,cb_goals,F2,pre,2020/21,0.10946209793618149
1x2,cb_goals,F2,pre,2021/22,4.5085472591929965e-08
1x2,cb_goals,F2,pre,2022/23,4.5085472591929965e-08
1x2,cb_goals,F2,pre,2023/24,4.5085472591929965e-08
1x2,cb_goals,F2,pre,2024/25,4.5085472591929965e-08
1x2,cb_goals,F2,pre,2025/26,4.5085472591929965e-08
1x2,cb_goals,F2,pre,2026/27,0.012347406197364972
1x2,cb_goals,F2,close,2017/18,4.5085472591929965e-08
1x2,cb_goals,F2,close,2018/19,4.5085472591929965e-08
1x2,cb_goals,F2,close,2019/20,0.20298228542781102
1x2,cb_goals,F2,close,2020/21,0.1305242537639419
1x2,cb_goals,F2,close,2021/22,0.021822557528420328
1x2,cb_goals,F2,close,2022/23,4.5085472591929965e-08
1x2,cb_goals,F2,close,2023/24,4.5085472591929965e-08
1x2,cb_goals,F2,close,2024/25,4.5085472591929965e-08
1x2,cb_goals,F2,close,2025/26,4.5085472591929965e-08
1x2,cb_goals,F2,close,2026/27,4.5085472591929965e-08
1x2,cb_goals,G1,pre,2018/19,4.5085472591929965e-08
1x2,cb_goals,G1,pre,2019/20,4.5085472591929965e-08
1x2,cb_goals,G1,pre,2020/21,4.5085472591929965e-08
1x2,cb_goals,G1,pre,2021/22,4.5085472591929965e-08
1x2,cb_goals,G1,pre,2022/23,0.08776917242696626
1x2,cb_goals,G1,pre,2023/24,0.018753908203746703
1x2,cb_goals,G1,pre,2024/25,4.5085472591929965e-08
1x2,cb_goals,G1,pre,2025/26,0.0047445317855454305
1x2,cb_goals,G1,pre,2026/27,0.3319595323066114
1x2,cb_goals,G1,close,2018/19,0.01540443117596986
1x2,cb_goals,G1,close,2019/20,0.008579277199867065
1x2,cb_goals,G1,close,2020/21,4.5085472591929965e-08
1x2,cb_goals,G1,close,2021/22,4.5085472591929965e-08
1x2,cb_goals,G1,close,2022/23,0.03936330538121264
1x2,cb_goals,G1,close,2023/24,0.019934857496120683
1x2,cb_goals,G1,close,2024/25,4.5085472591929965e-08
1x2,cb_goals,G1,close,2025/26,4.5085472591929965e-08
1x2,cb_goals,G1,close,2026/27,4.5085472591929965e-08
1x2,cb_goals,I1,pre,2017/18,4.5085472591929965e-08
1x2,cb_goals,I1,pre,2018/19,4.5085472591929965e-08
1x2,cb_goals,I1,pre,2019/20,4.5085472591929965e-08
1x2,cb_goals,I1,pre,2020/21,4.5085472591929965e-08
1x2,cb_goals,I1,pre,2021/22,4.5085472591929965e-08
1x2,cb_goals,I1,pre,2022/23,4.5085472591929965e-08
1x2,cb_goals,I1,pre,2023/24,4.5085472591929965e-08
1x2,cb_goals,I1,pre,2024/25,4.5085472591929965e-08
1x2,cb_goals,I1,pre,2025/26,4.5085472591929965e-08
1x2,cb_goals,I1,pre,2026/27,4.5085472591929965e-08
1x2,cb_goals,I1,close,2017/18,4.5085472591929965e-08
1x2,cb_goals,I1,close,2018/19,4.5085472591929965e-08
1x2,cb_goals,I1,close,2019/20,4.5085472591929965e-08
1x2,cb_goals,I1,close,2020/21,4.5085472591929965e-08
1x2,cb_goals,I1,close,2021/22,4.5085472591929965e-08
1x2,cb_goals,I1,close,2022/23,4.5085472591929965e-08
1x2,cb_goals,I1,close,2023/24,4.5085472591929965e-08
1x2,cb_goals,I1,close,2024/25,4.5085472591929965e-08
1x2,cb_goals,I1,close,2025/26,4.5085472591929965e-08
1x2,cb_goals,I1,close,2026/27,4.5085472591929965e-08
1x2,cb_goals,I2,pre,2017/18,4.5085472591929965e-08
1x2,cb_goals,I2,pre,2018/19,4.5085472591929965e-08
1x2,cb_goals,I2,pre,2019/20,4.5085472591929965e-08
1x2,cb_goals,I2,pre,2020/21,4.5085472591929965e-08
1x2,cb_goals,I2,pre,2021/22,4.5085472591929965e-08
1x2,cb_goals,I2,pre,2022/23,4.5085472591929965e-08
1x2,cb_goals,I2,pre,2023/24,4.5085472591929965e-08
1x2,cb_goals,I2,pre,2024/25,4.5085472591929965e-08
1x2,cb_goals,I2,pre,2025/26,4.5085472591929965e-08
1x2,cb_goals,I2,pre,2026/27,4.5085472591929965e-08
1x2,cb_goals,I2,close,2017/18,4.5085472591929965e-08
1x2,cb_goals,I2,close,2018/19,4.5085472591929965e-08
1x2,cb_goals,I2,close,2019/20,4.5085472591929965e-08
1x2,cb_goals,I2,close,2020/21,4.5085472591929965e-08
1x2,cb_goals,I2,close,2021/22,4.5085472591929965e-08
1x2,cb_goals,I2,close,2022/23,4.5085472591929965e-08
1x2,cb_goals,I2,close,2023/24,4.5085472591929965e-08
1x2,cb_goals,I2,close,2024/25,4.5085472591929965e-08
1x2,cb_goals,I2,close,2025/26,4.5085472591929965e-08
1x2,cb_goals,I2,close,2026/27,4.5085472591929965e-08
1x2,cb_goals,N1,pre,2017/18,0.25759096330721304
1x2,cb_goals,N1,pre,2018/19,0.16806484646910558
1x2,cb_goals,N1,pre,2019/20,0.02729588274963265
1x2,cb_goals,N1,pre,2020/21,4.5085472591929965e-08
1x2,cb_goals,N1,pre,2021/22,4.5085472591929965e-08
1x2,cb_goals,N1,pre,2022/23,4.5085472591929965e-08
1x2,cb_goals,N1,pre,2023/24,4.5085472591929965e-08
1x2,cb_goals,N1,pre,2024/25,4.5085472591929965e-08
1x2,cb_goals,N1,pre,2025/26,4.5085472591929965e-08
1x2,cb_goals,N1,pre,2026/27,4.5085472591929965e-08
1x2,cb_goals,N1,close,2017/18,0.18677858428442806
1x2,cb_goals,N1,close,2018/19,0.057032207886988734
1x2,cb_goals,N1,close,2019/20,4.5085472591929965e-08
1x2,cb_goals,N1,close,2020/21,4.5085472591929965e-08
1x2,cb_goals,N1,close,2021/22,4.5085472591929965e-08
1x2,cb_goals,N1,close,2022/23,4.5085472591929965e-08
1x2,cb_goals,N1,close,2023/24,4.5085472591929965e-08
1x2,cb_goals,N1,close,2024/25,4.5085472591929965e-08
1x2,cb_goals,N1,close,2025/26,4.5085472591929965e-08
1x2,cb_goals,N1,close,2026/27,0.139111980116181
1x2,cb_goals,P1,pre,2017/18,4.5085472591929965e-08
1x2,cb_goals,P1,pre,2018/19,4.5085472591929965e-08
1x2,cb_goals,P1,pre,2019/20,4.5085472591929965e-08
1x2,cb_goals,P1,pre,2020/21,0.020413955747682972
1x2,cb_goals,P1,pre,2021/22,0.004657130268501869
1x2,cb_goals,P1,pre,2022/23,4.5085472591929965e-08
1x2,cb_goals,P1,pre,2023/24,4.5085472591929965e-08
1x2,cb_goals,P1,pre,2024/25,4.5085472591929965e-08
1x2,cb_goals,P1,pre,2025/26,4.5085472591929965e-08
1x2,cb_goals,P1,pre,2026/27,0.17721966729507257
1x2,cb_goals,P1,close,2017/18,4.5085472591929965e-08
1x2,cb_goals,P1,close,2018/19,0.07089597607771686
1x2,cb_goals,P1,close,2019/20,0.03233408538541737
1x2,cb_goals,P1,close,2020/21,0.1683427500096876
1x2,cb_goals,P1,close,2021/22,0.1460326298255226
1x2,cb_goals,P1,close,2022/23,0.09357690301004933
1x2,cb_goals,P1,close,2023/24,0.06322168634674252
1x2,cb_goals,P1,close,2024/25,0.008644808243715153
1x2,cb_goals,P1,close,2025/26,4.5085472591929965e-08
1x2,cb_goals,P1,close,2026/27,4.5085472591929965e-08
1x2,cb_goals,SC0,pre,2018/19,4.5085472591929965e-08
1x2,cb_goals,SC0,pre,2019/20,0.013388489454576942
1x2,cb_goals,SC0,pre,2020/21,0.0053152333905384765
1x2,cb_goals,SC0,pre,2021/22,4.5085472591929965e-08
1x2,cb_goals,SC0,pre,2022/23,4.5085472591929965e-08
1x2,cb_goals,SC0,pre,2023/24,4.5085472591929965e-08
1x2,cb_goals,SC0,pre,2024/25,4.5085472591929965e-08
1x2,cb_goals,SC0,pre,2025/26,4.5085472591929965e-08
1x2,cb_goals,SC0,pre,2026/27,0.05157642383119264
1x2,cb_goals,SC0,close,2018/19,4.5085472591929965e-08
1x2,cb_goals,SC0,close,2019/20,4.5085472591929965e-08
1x2,cb_goals,SC0,close,2020/21,4.5085472591929965e-08
1x2,cb_goals,SC0,close,2021/22,4.5085472591929965e-08
1x2,cb_goals,SC0,close,2022/23,4.5085472591929965e-08
1x2,cb_goals,SC0,close,2023/24,4.5085472591929965e-08
1x2,cb_goals,SC0,close,2024/25,4.5085472591929965e-08
1x2,cb_goals,SC0,close,2025/26,4.5085472591929965e-08
1x2,cb_goals,SC0,close,2026/27,4.5085472591929965e-08
1x2,cb_goals,SP1,pre,2017/18,4.5085472591929965e-08
1x2,cb_goals,SP1,pre,2018/19,4.5085472591929965e-08
1x2,cb_goals,SP1,pre,2019/20,4.5085472591929965e-08
1x2,cb_goals,SP1,pre,2020/21,4.5085472591929965e-08
1x2,cb_goals,SP1,pre,2021/22,0.0017751204477007545
1x2,cb_goals,SP1,pre,2022/23,4.5085472591929965e-08
1x2,cb_goals,SP1,pre,2023/24,4.5085472591929965e-08
1x2,cb_goals,SP1,pre,2024/25,4.5085472591929965e-08
1x2,cb_goals,SP1,pre,2025/26,4.5085472591929965e-08
1x2,cb_goals,SP1,pre,2026/27,4.5085472591929965e-08
1x2,cb_goals,SP1,close,2017/18,4.5085472591929965e-08
1x2,cb_goals,SP1,close,2018/19,4.5085472591929965e-08
1x2,cb_goals,SP1,close,2019/20,4.5085472591929965e-08
1x2,cb_goals,SP1,close,2020/21,4.5085472591929965e-08
1x2,cb_goals,SP1,close,2021/22,4.5085472591929965e-08
1x2,cb_goals,SP1,close,2022/23,4.5085472591929965e-08
1x2,cb_goals,SP1,close,2023/24,4.5085472591929965e-08
1x2,cb_goals,SP1,close,2024/25,0.011166414982921605
1x2,cb_goals,SP1,close,2025/26,4.5085472591929965e-08
1x2,cb_goals,SP1,close,2026/27,4.5085472591929965e-08
1x2,cb_goals,SP2,pre,2017/18,0.35001232064839816
1x2,cb_goals,SP2,pre,2018/19,0.25942035924941576
1x2,cb_goals,SP2,pre,2019/20,0.17167081116670227
1x2,cb_goals,SP2,pre,2020/21,0.18084644056318377
1x2,cb_goals,SP2,pre,2021/22,0.0420478790370079
1x2,cb_goals,SP2,pre,2022/23,4.5085472591929965e-08
1x2,cb_goals,SP2,pre,2023/24,0.0191374754531241
1x2,cb_goals,SP2,pre,2024/25,4.5085472591929965e-08
1x2,cb_goals,SP2,pre,2025/26,0.0028882198149289876
1x2,cb_goals,SP2,pre,2026/27,0.07969120211907067
1x2,cb_goals,SP2,close,2017/18,0.3589832368829791
1x2,cb_goals,SP2,close,2018/19,0.20609432822694354
1x2,cb_goals,SP2,close,2019/20,0.08640020705186428
1x2,cb_goals,SP2,close,2020/21,0.07862995778021876
1x2,cb_goals,SP2,close,2021/22,4.5085472591929965e-08
1x2,cb_goals,SP2,close,2022/23,4.5085472591929965e-08
1x2,cb_goals,SP2,close,2023/24,4.5085472591929965e-08
1x2,cb_goals,SP2,close,2024/25,4.5085472591929965e-08
1x2,cb_goals,SP2,close,2025/26,4.5085472591929965e-08
1x2,cb_goals,SP2,close,2026/27,4.5085472591929965e-08
1x2,cb_goals,T1,pre,2017/18,0.1155841474980591
1x2,cb_goals,T1,pre,2018/19,0.11382263926825946
1x2,cb_goals,T1,pre,2019/20,0.13158940967230945
1x2,cb_goals,T1,pre,2020/21,0.18845519922789186
1x2,cb_goals,T1,pre,2021/22,0.22786367922850895
1x2,cb_goals,T1,pre,2022/23,0.131558784001664
1x2,cb_goals,T1,pre,2023/24,0.09553515341435338
1x2,cb_goals,T1,pre,2024/25,0.07405360093068818
1x2,cb_goals,T1,pre,2025/26,0.04894889033374662
1x2,cb_goals,T1,pre,2026/27,0.0984700486528492
1x2,cb_goals,T1,close,2017/18,4.5085472591929965e-08
1x2,cb_goals,T1,close,2018/19,0.07531896906421463
1x2,cb_goals,T1,close,2019/20,0.10176023615708725
1x2,cb_goals,T1,close,2020/21,0.11128529385049282
1x2,cb_goals,T1,close,2021/22,0.1492447823001472
1x2,cb_goals,T1,close,2022/23,0.09113799487883568
1x2,cb_goals,T1,close,2023/24,0.0578129042759706
1x2,cb_goals,T1,close,2024/25,0.03502552655303556
1x2,cb_goals,T1,close,2025/26,0.022090920503750597
1x2,cb_goals,T1,close,2026/27,0.006358737740302376
1x2,cb_xg,B1,pre,2018/19,4.5085472591929965e-08
1x2,cb_xg,B1,pre,2019/20,4.5085472591929965e-08
1x2,cb_xg,B1,pre,2020/21,4.5085472591929965e-08
1x2,cb_xg,B1,pre,2021/22,4.5085472591929965e-08
1x2,cb_xg,B1,pre,2022/23,4.5085472591929965e-08
1x2,cb_xg,B1,pre,2023/24,4.5085472591929965e-08
1x2,cb_xg,B1,pre,2024/25,4.5085472591929965e-08
1x2,cb_xg,B1,pre,2025/26,4.5085472591929965e-08
1x2,cb_xg,B1,pre,2026/27,0.33283530576835274
1x2,cb_xg,B1,close,2018/19,0.03430757388463983
1x2,cb_xg,B1,close,2019/20,4.5085472591929965e-08
1x2,cb_xg,B1,close,2020/21,0.010982404204313189
1x2,cb_xg,B1,close,2021/22,4.5085472591929965e-08
1x2,cb_xg,B1,close,2022/23,4.5085472591929965e-08
1x2,cb_xg,B1,close,2023/24,4.5085472591929965e-08
1x2,cb_xg,B1,close,2024/25,4.5085472591929965e-08
1x2,cb_xg,B1,close,2025/26,4.5085472591929965e-08
1x2,cb_xg,B1,close,2026/27,4.5085472591929965e-08
1x2,cb_xg,D1,pre,2017/18,0.4512724697882277
1x2,cb_xg,D1,pre,2018/19,0.06433843139558129
1x2,cb_xg,D1,pre,2019/20,0.036481470046466694
1x2,cb_xg,D1,pre,2020/21,4.5085472591929965e-08
1x2,cb_xg,D1,pre,2021/22,0.017832640454229564
1x2,cb_xg,D1,pre,2022/23,4.5085472591929965e-08
1x2,cb_xg,D1,pre,2023/24,0.08133994785770624
1x2,cb_xg,D1,pre,2024/25,0.056798137206577864
1x2,cb_xg,D1,pre,2025/26,4.5085472591929965e-08
1x2,cb_xg,D1,pre,2026/27,0.007842636780913508
1x2,cb_xg,D1,close,2017/18,0.4083696905070438
1x2,cb_xg,D1,close,2018/19,0.16446910817398586
1x2,cb_xg,D1,close,2019/20,0.14780606909440774
1x2,cb_xg,D1,close,2020/21,0.09783604702016623
1x2,cb_xg,D1,close,2021/22,0.1165547547422964
1x2,cb_xg,D1,close,2022/23,0.0553884109601664
1x2,cb_xg,D1,close,2023/24,0.1272987316918657
1x2,cb_xg,D1,close,2024/25,0.1050056202102481
1x2,cb_xg,D1,close,2025/26,0.04923932073734752
1x2,cb_xg,D1,close,2026/27,0.05851810631325631
1x2,cb_xg,D2,pre,2017/18,4.5085472591929965e-08
1x2,cb_xg,D2,pre,2018/19,4.5085472591929965e-08
1x2,cb_xg,D2,pre,2019/20,4.5085472591929965e-08
1x2,cb_xg,D2,pre,2020/21,0.15771269028170257
1x2,cb_xg,D2,pre,2021/22,0.13490513143495841
1x2,cb_xg,D2,pre,2022/23,0.07822766071662741
1x2,cb_xg,D2,pre,2023/24,0.11358916192661946
1x2,cb_xg,D2,pre,2024/25,0.1647080140600408
1x2,cb_xg,D2,pre,2025/26,0.13857347918854174
1x2,cb_xg,D2,pre,2026/27,0.1522339073978475
1x2,cb_xg,D2,close,2017/18,4.5085472591929965e-08
1x2,cb_xg,D2,close,2018/19,4.5085472591929965e-08
1x2,cb_xg,D2,close,2019/20,4.5085472591929965e-08
1x2,cb_xg,D2,close,2020/21,0.12475821305585028
1x2,cb_xg,D2,close,2021/22,0.10517634842545143
1x2,cb_xg,D2,close,2022/23,0.061390529258580004
1x2,cb_xg,D2,close,2023/24,0.06499710765890672
1x2,cb_xg,D2,close,2024/25,0.13183052670464684
1x2,cb_xg,D2,close,2025/26,0.13203034971413377
1x2,cb_xg,D2,close,2026/27,0.1415144825660395
1x2,cb_xg,E0,pre,2017/18,4.5085472591929965e-08
1x2,cb_xg,E0,pre,2018/19,4.5085472591929965e-08
1x2,cb_xg,E0,pre,2019/20,4.5085472591929965e-08
1x2,cb_xg,E0,pre,2020/21,0.14718478903295076
1x2,cb_xg,E0,pre,2021/22,0.13734000165299443
1x2,cb_xg,E0,pre,2022/23,0.08359429937660165
1x2,cb_xg,E0,pre,2023/24,0.06012300861714111
1x2,cb_xg,E0,pre,2024/25,0.010059610011658256
1x2,cb_xg,E0,pre,2025/26,4.5085472591929965e-08
1x2,cb_xg,E0,pre,2026/27,0.004314831014707475
1x2,cb_xg,E0,close,2017/18,4.5085472591929965e-08
1x2,cb_xg,E0,close,2018/19,4.5085472591929965e-08
1x2,cb_xg,E0,close,2019/20,4.5085472591929965e-08
1x2,cb_xg,E0,close,2020/21,0.14710994535565128
1x2,cb_xg,E0,close,2021/22,0.09992637069788593
1x2,cb_xg,E0,close,2022/23,0.06665417140085941
1x2,cb_xg,E0,close,2023/24,0.038123870243078894
1x2,cb_xg,E0,close,2024/25,4.5085472591929965e-08
1x2,cb_xg,E0,close,2025/26,4.5085472591929965e-08
1x2,cb_xg,E0,close,2026/27,4.5085472591929965e-08
1x2,cb_xg,E1,pre,2017/18,4.5085472591929965e-08
1x2,cb_xg,E1,pre,2018/19,4.5085472591929965e-08
1x2,cb_xg,E1,pre,2019/20,4.5085472591929965e-08
1x2,cb_xg,E1,pre,2020/21,4.5085472591929965e-08
1x2,cb_xg,E1,pre,2021/22,4.5085472591929965e-08
1x2,cb_xg,E1,pre,2022/23,4.5085472591929965e-08
1x2,cb_xg,E1,pre,2023/24,4.5085472591929965e-08
1x2,cb_xg,E1,pre,2024/25,4.5085472591929965e-08
1x2,cb_xg,E1,pre,2025/26,4.5085472591929965e-08
1x2,cb_xg,E1,pre,2026/27,4.5085472591929965e-08
1x2,cb_xg,E1,close,2017/18,4.5085472591929965e-08
1x2,cb_xg,E1,close,2018/19,4.5085472591929965e-08
1x2,cb_xg,E1,close,2019/20,4.5085472591929965e-08
1x2,cb_xg,E1,close,2020/21,4.5085472591929965e-08
1x2,cb_xg,E1,close,2021/22,4.5085472591929965e-08
1x2,cb_xg,E1,close,2022/23,4.5085472591929965e-08
1x2,cb_xg,E1,close,2023/24,4.5085472591929965e-08
1x2,cb_xg,E1,close,2024/25,4.5085472591929965e-08
1x2,cb_xg,E1,close,2025/26,4.5085472591929965e-08
1x2,cb_xg,E1,close,2026/27,4.5085472591929965e-08
1x2,cb_xg,E2,pre,2017/18,4.5085472591929965e-08
1x2,cb_xg,E2,pre,2018/19,0.16314900093687645
1x2,cb_xg,E2,pre,2019/20,0.042112260335977154
1x2,cb_xg,E2,pre,2020/21,0.04897679538558697
1x2,cb_xg,E2,pre,2021/22,0.020561065448660727
1x2,cb_xg,E2,pre,2022/23,4.5085472591929965e-08
1x2,cb_xg,E2,pre,2023/24,4.5085472591929965e-08
1x2,cb_xg,E2,pre,2024/25,4.5085472591929965e-08
1x2,cb_xg,E2,pre,2025/26,4.5085472591929965e-08
1x2,cb_xg,E2,pre,2026/27,4.5085472591929965e-08
1x2,cb_xg,E2,close,2017/18,4.5085472591929965e-08
1x2,cb_xg,E2,close,2018/19,4.5085472591929965e-08
1x2,cb_xg,E2,close,2019/20,4.5085472591929965e-08
1x2,cb_xg,E2,close,2020/21,4.5085472591929965e-08
1x2,cb_xg,E2,close,2021/22,4.5085472591929965e-08
1x2,cb_xg,E2,close,2022/23,4.5085472591929965e-08
1x2,cb_xg,E2,close,2023/24,4.5085472591929965e-08
1x2,cb_xg,E2,close,2024/25,4.5085472591929965e-08
1x2,cb_xg,E2,close,2025/26,4.5085472591929965e-08
1x2,cb_xg,E2,close,2026/27,4.5085472591929965e-08
1x2,cb_xg,E3,pre,2017/18,4.5085472591929965e-08
1x2,cb_xg,E3,pre,2018/19,4.5085472591929965e-08
1x2,cb_xg,E3,pre,2019/20,4.5085472591929965e-08
1x2,cb_xg,E3,pre,2020/21,4.5085472591929965e-08
1x2,cb_xg,E3,pre,2021/22,4.5085472591929965e-08
1x2,cb_xg,E3,pre,2022/23,4.5085472591929965e-08
1x2,cb_xg,E3,pre,2023/24,4.5085472591929965e-08
1x2,cb_xg,E3,pre,2024/25,4.5085472591929965e-08
1x2,cb_xg,E3,pre,2025/26,4.5085472591929965e-08
1x2,cb_xg,E3,pre,2026/27,0.11133497858275546
1x2,cb_xg,E3,close,2017/18,4.5085472591929965e-08
1x2,cb_xg,E3,close,2018/19,4.5085472591929965e-08
1x2,cb_xg,E3,close,2019/20,4.5085472591929965e-08
1x2,cb_xg,E3,close,2020/21,4.5085472591929965e-08
1x2,cb_xg,E3,close,2021/22,4.5085472591929965e-08
1x2,cb_xg,E3,close,2022/23,4.5085472591929965e-08
1x2,cb_xg,E3,close,2023/24,4.5085472591929965e-08
1x2,cb_xg,E3,close,2024/25,4.5085472591929965e-08
1x2,cb_xg,E3,close,2025/26,4.5085472591929965e-08
1x2,cb_xg,E3,close,2026/27,4.5085472591929965e-08
1x2,cb_xg,F1,pre,2017/18,0.30351086145282863
1x2,cb_xg,F1,pre,2018/19,0.16473441420912296
1x2,cb_xg,F1,pre,2019/20,4.5085472591929965e-08
1x2,cb_xg,F1,pre,2020/21,4.5085472591929965e-08
1x2,cb_xg,F1,pre,2021/22,4.5085472591929965e-08
1x2,cb_xg,F1,pre,2022/23,4.5085472591929965e-08
1x2,cb_xg,F1,pre,2023/24,4.5085472591929965e-08
1x2,cb_xg,F1,pre,2024/25,4.5085472591929965e-08
1x2,cb_xg,F1,pre,2025/26,4.5085472591929965e-08
1x2,cb_xg,F1,pre,2026/27,4.5085472591929965e-08
1x2,cb_xg,F1,close,2017/18,0.2528955094598744
1x2,cb_xg,F1,close,2018/19,0.12937493465364935
1x2,cb_xg,F1,close,2019/20,4.5085472591929965e-08
1x2,cb_xg,F1,close,2020/21,4.5085472591929965e-08
1x2,cb_xg,F1,close,2021/22,4.5085472591929965e-08
1x2,cb_xg,F1,close,2022/23,4.5085472591929965e-08
1x2,cb_xg,F1,close,2023/24,4.5085472591929965e-08
1x2,cb_xg,F1,close,2024/25,4.5085472591929965e-08
1x2,cb_xg,F1,close,2025/26,4.5085472591929965e-08
1x2,cb_xg,F1,close,2026/27,4.5085472591929965e-08
1x2,cb_xg,F2,pre,2017/18,4.5085472591929965e-08
1x2,cb_xg,F2,pre,2018/19,0.1720589682339891
1x2,cb_xg,F2,pre,2019/20,0.23022312403383935
1x2,cb_xg,F2,pre,2020/21,0.15940918441639343
1x2,cb_xg,F2,pre,2021/22,0.04956481741923823
1x2,cb_xg,F2,pre,2022/23,4.5085472591929965e-08
1x2,cb_xg,F2,pre,2023/24,4.5085472591929965e-08
1x2,cb_xg,F2,pre,2024/25,0.007787212564003381
1x2,cb_xg,F2,pre,2025/26,0.032890595487804916
1x2,cb_xg,F2,pre,2026/27,0.1006649576172248
1x2,cb_xg,F2,close,2017/18,4.5085472591929965e-08
1x2,cb_xg,F2,close,2018/19,0.05434752423601617
1x2,cb_xg,F2,close,2019/20,0.20546623861318405
1x2,cb_xg,F2,close,2020/21,0.15883216594996655
1x2,cb_xg,F2,close,2021/22,0.04481119287693122
1x2,cb_xg,F2,close,2022/23,0.005607050584996024
1x2,cb_xg,F2,close,2023/24,4.5085472591929965e-08
1x2,cb_xg,F2,close,2024/25,4.5085472591929965e-08
1x2,cb_xg,F2,close,2025/26,4.5085472591929965e-08
1x2,cb_xg,F2,close,2026/27,4.5085472591929965e-08
1x2,cb_xg,G1,pre,2018/19,0.02262973375225089
1x2,cb_xg,G1,pre,2019/20,4.5085472591929965e-08
1x2,cb_xg,G1,pre,2020/21,4.5085472591929965e-08
1x2,cb_xg,G1,pre,2021/22,0.01355441487405883
1x2,cb_xg,G1,pre,2022/23,0.11090645653920267
1x2,cb_xg,G1,pre,2023/24,0.06934728491453401
1x2,cb_xg,G1,pre,2024/25,0.061953965308728334
1x2,cb_xg,G1,pre,2025/26,0.05705274856654845
1x2,cb_xg,G1,pre,2026/27,0.3818597938128115
1x2,cb_xg,G1,close,2018/19,0.044851236043743824
1x2,cb_xg,G1,close,2019/20,0.03907132249553028
1x2,cb_xg,G1,close,2020/21,4.5085472591929965e-08
1x2,cb_xg,G1,close,2021/22,4.5085472591929965e-08
1x2,cb_xg,G1,close,2022/23,0.05818062976351862
1x2,cb_xg,G1,close,2023/24,0.05457773680737043
1x2,cb_xg,G1,close,2024/25,0.033741264670531824
1x2,cb_xg,G1,close,2025/26,0.00896408269844413
1x2,cb_xg,G1,close,2026/27,0.0010907101204959762
1x2,cb_xg,I1,pre,2017/18,4.5085472591929965e-08
1x2,cb_xg,I1,pre,2018/19,4.5085472591929965e-08
1x2,cb_xg,I1,pre,2019/20,4.5085472591929965e-08
1x2,cb_xg,I1,pre,2020/21,4.5085472591929965e-08
1x2,cb_xg,I1,pre,2021/22,4.5085472591929965e-08
1x2,cb_xg,I1,pre,2022/23,4.5085472591929965e-08
1x2,cb_xg,I1,pre,2023/24,4.5085472591929965e-08
1x2,cb_xg,I1,pre,2024/25,4.5085472591929965e-08
1x2,cb_xg,I1,pre,2025/26,4.5085472591929965e-08
1x2,cb_xg,I1,pre,2026/27,4.5085472591929965e-08
1x2,cb_xg,I1,close,2017/18,4.5085472591929965e-08
1x2,cb_xg,I1,close,2018/19,4.5085472591929965e-08
1x2,cb_xg,I1,close,2019/20,4.5085472591929965e-08
1x2,cb_xg,I1,close,2020/21,4.5085472591929965e-08
1x2,cb_xg,I1,close,2021/22,4.5085472591929965e-08
1x2,cb_xg,I1,close,2022/23,4.5085472591929965e-08
1x2,cb_xg,I1,close,2023/24,4.5085472591929965e-08
1x2,cb_xg,I1,close,2024/25,4.5085472591929965e-08
1x2,cb_xg,I1,close,2025/26,4.5085472591929965e-08
1x2,cb_xg,I1,close,2026/27,4.5085472591929965e-08
1x2,cb_xg,I2,pre,2017/18,4.5085472591929965e-08
1x2,cb_xg,I2,pre,2018/19,4.5085472591929965e-08
1x2,cb_xg,I2,pre,2019/20,4.5085472591929965e-08
1x2,cb_xg,I2,pre,2020/21,4.5085472591929965e-08
1x2,cb_xg,I2,pre,2021/22,4.5085472591929965e-08
1x2,cb_xg,I2,pre,2022/23,4.5085472591929965e-08
1x2,cb_xg,I2,pre,2023/24,4.5085472591929965e-08
1x2,cb_xg,I2,pre,2024/25,4.5085472591929965e-08
1x2,cb_xg,I2,pre,2025/26,4.5085472591929965e-08
1x2,cb_xg,I2,pre,2026/27,4.5085472591929965e-08
1x2,cb_xg,I2,close,2017/18,4.5085472591929965e-08
1x2,cb_xg,I2,close,2018/19,4.5085472591929965e-08
1x2,cb_xg,I2,close,2019/20,4.5085472591929965e-08
1x2,cb_xg,I2,close,2020/21,4.5085472591929965e-08
1x2,cb_xg,I2,close,2021/22,4.5085472591929965e-08
1x2,cb_xg,I2,close,2022/23,4.5085472591929965e-08
1x2,cb_xg,I2,close,2023/24,4.5085472591929965e-08
1x2,cb_xg,I2,close,2024/25,4.5085472591929965e-08
1x2,cb_xg,I2,close,2025/26,4.5085472591929965e-08
1x2,cb_xg,I2,close,2026/27,4.5085472591929965e-08
1x2,cb_xg,N1,pre,2017/18,0.10917707258678505
1x2,cb_xg,N1,pre,2018/19,4.5085472591929965e-08
1x2,cb_xg,N1,pre,2019/20,4.5085472591929965e-08
1x2,cb_xg,N1,pre,2020/21,4.5085472591929965e-08
1x2,cb_xg,N1,pre,2021/22,4.5085472591929965e-08
1x2,cb_xg,N1,pre,2022/23,4.5085472591929965e-08
1x2,cb_xg,N1,pre,2023/24,4.5085472591929965e-08
1x2,cb_xg,N1,pre,2024/25,4.5085472591929965e-08
1x2,cb_xg,N1,pre,2025/26,4.5085472591929965e-08
1x2,cb_xg,N1,pre,2026/27,4.5085472591929965e-08
1x2,cb_xg,N1,close,2017/18,0.052686727604600005
1x2,cb_xg,N1,close,2018/19,4.5085472591929965e-08
1x2,cb_xg,N1,close,2019/20,4.5085472591929965e-08
1x2,cb_xg,N1,close,2020/21,4.5085472591929965e-08
1x2,cb_xg,N1,close,2021/22,4.5085472591929965e-08
1x2,cb_xg,N1,close,2022/23,4.5085472591929965e-08
1x2,cb_xg,N1,close,2023/24,4.5085472591929965e-08
1x2,cb_xg,N1,close,2024/25,4.5085472591929965e-08
1x2,cb_xg,N1,close,2025/26,4.5085472591929965e-08
1x2,cb_xg,N1,close,2026/27,0.1388260811482001
1x2,cb_xg,P1,pre,2017/18,4.5085472591929965e-08
1x2,cb_xg,P1,pre,2018/19,4.5085472591929965e-08
1x2,cb_xg,P1,pre,2019/20,4.5085472591929965e-08
1x2,cb_xg,P1,pre,2020/21,4.5085472591929965e-08
1x2,cb_xg,P1,pre,2021/22,4.5085472591929965e-08
1x2,cb_xg,P1,pre,2022/23,0.026744391819532795
1x2,cb_xg,P1,pre,2023/24,0.05746673912080963
1x2,cb_xg,P1,pre,2024/25,0.039732280086376824
1x2,cb_xg,P1,pre,2025/26,0.046499526312927364
1x2,cb_xg,P1,pre,2026/27,0.32635080859710147
1x2,cb_xg,P1,close,2017/18,4.5085472591929965e-08
1x2,cb_xg,P1,close,2018/19,4.5085472591929965e-08
1x2,cb_xg,P1,close,2019/20,4.5085472591929965e-08
1x2,cb_xg,P1,close,2020/21,0.11415790626577908
1x2,cb_xg,P1,close,2021/22,0.10650084600600628
1x2,cb_xg,P1,close,2022/23,0.13057236609155867
1x2,cb_xg,P1,close,2023/24,0.12995817798442622
1x2,cb_xg,P1,close,2024/25,0.09359569822620246
1x2,cb_xg,P1,close,2025/26,0.07459579539303578
1x2,cb_xg,P1,close,2026/27,0.04687124879089647
1x2,cb_xg,SC0,pre,2018/19,4.5085472591929965e-08
1x2,cb_xg,SC0,pre,2019/20,0.004379185085421384
1x2,cb_xg,SC0,pre,2020/21,0.06513834347556396
1x2,cb_xg,SC0,pre,2021/22,4.5085472591929965e-08
1x2,cb_xg,SC0,pre,2022/23,4.5085472591929965e-08
1x2,cb_xg,SC0,pre,2023/24,4.5085472591929965e-08
1x2,cb_xg,SC0,pre,2024/25,4.5085472591929965e-08
1x2,cb_xg,SC0,pre,2025/26,4.5085472591929965e-08
1x2,cb_xg,SC0,pre,2026/27,0.10426239290689844
1x2,cb_xg,SC0,close,2018/19,4.5085472591929965e-08
1x2,cb_xg,SC0,close,2019/20,4.5085472591929965e-08
1x2,cb_xg,SC0,close,2020/21,0.01589455905288861
1x2,cb_xg,SC0,close,2021/22,4.5085472591929965e-08
1x2,cb_xg,SC0,close,2022/23,4.5085472591929965e-08
1x2,cb_xg,SC0,close,2023/24,4.5085472591929965e-08
1x2,cb_xg,SC0,close,2024/25,4.5085472591929965e-08
1x2,cb_xg,SC0,close,2025/26,4.5085472591929965e-08
1x2,cb_xg,SC0,close,2026/27,4.5085472591929965e-08
1x2,cb_xg,SP1,pre,2017/18,4.5085472591929965e-08
1x2,cb_xg,SP1,pre,2018/19,4.5085472591929965e-08
1x2,cb_xg,SP1,pre,2019/20,4.5085472591929965e-08
1x2,cb_xg,SP1,pre,2020/21,4.5085472591929965e-08
1x2,cb_xg,SP1,pre,2021/22,4.5085472591929965e-08
1x2,cb_xg,SP1,pre,2022/23,4.5085472591929965e-08
1x2,cb_xg,SP1,pre,2023/24,0.03329452510018231
1x2,cb_xg,SP1,pre,2024/25,0.033177434899154645
1x2,cb_xg,SP1,pre,2025/26,0.0003819520255707146
1x2,cb_xg,SP1,pre,2026/27,4.5085472591929965e-08
1x2,cb_xg,SP1,close,2017/18,4.5085472591929965e-08
1x2,cb_xg,SP1,close,2018/19,4.5085472591929965e-08
1x2,cb_xg,SP1,close,2019/20,4.5085472591929965e-08
1x2,cb_xg,SP1,close,2020/21,4.5085472591929965e-08
1x2,cb_xg,SP1,close,2021/22,4.5085472591929965e-08
1x2,cb_xg,SP1,close,2022/23,4.5085472591929965e-08
1x2,cb_xg,SP1,close,2023/24,0.005778199491275225
1x2,cb_xg,SP1,close,2024/25,0.027972392311979614
1x2,cb_xg,SP1,close,2025/26,4.5085472591929965e-08
1x2,cb_xg,SP1,close,2026/27,4.5085472591929965e-08
1x2,cb_xg,SP2,pre,2017/18,0.27261996594850835
1x2,cb_xg,SP2,pre,2018/19,0.1890567737005085
1x2,cb_xg,SP2,pre,2019/20,0.16519234719515258
1x2,cb_xg,SP2,pre,2020/21,0.18068336364727025
1x2,cb_xg,SP2,pre,2021/22,0.05109929806897969
1x2,cb_xg,SP2,pre,2022/23,0.035802941827545204
1x2,cb_xg,SP2,pre,2023/24,0.07387885236488173
1x2,cb_xg,SP2,pre,2024/25,0.03406799872850792
1x2,cb_xg,SP2,pre,2025/26,0.0260151025882706
1x2,cb_xg,SP2,pre,2026/27,0.11088211747943229
1x2,cb_xg,SP2,close,2017/18,0.28586843269662
1x2,cb_xg,SP2,close,2018/19,0.1360400084240136
1x2,cb_xg,SP2,close,2019/20,0.07662424914304683
1x2,cb_xg,SP2,close,2020/21,0.06835406965170698
1x2,cb_xg,SP2,close,2021/22,4.5085472591929965e-08
1x2,cb_xg,SP2,close,2022/23,4.5085472591929965e-08
1x2,cb_xg,SP2,close,2023/24,0.001054416638291764
1x2,cb_xg,SP2,close,2024/25,4.5085472591929965e-08
1x2,cb_xg,SP2,close,2025/26,4.5085472591929965e-08
1x2,cb_xg,SP2,close,2026/27,4.5085472591929965e-08
1x2,cb_xg,T1,pre,2017/18,0.12404027203213633
1x2,cb_xg,T1,pre,2018/19,4.5085472591929965e-08
1x2,cb_xg,T1,pre,2019/20,4.5085472591929965e-08
1x2,cb_xg,T1,pre,2020/21,0.047617462624074125
1x2,cb_xg,T1,pre,2021/22,0.08251948307504307
1x2,cb_xg,T1,pre,2022/23,4.5085472591929965e-08
1x2,cb_xg,T1,pre,2023/24,4.5085472591929965e-08
1x2,cb_xg,T1,pre,2024/25,4.5085472591929965e-08
1x2,cb_xg,T1,pre,2025/26,4.5085472591929965e-08
1x2,cb_xg,T1,pre,2026/27,0.04851331314483864
1x2,cb_xg,T1,close,2017/18,4.5085472591929965e-08
1x2,cb_xg,T1,close,2018/19,4.5085472591929965e-08
1x2,cb_xg,T1,close,2019/20,4.5085472591929965e-08
1x2,cb_xg,T1,close,2020/21,4.5085472591929965e-08
1x2,cb_xg,T1,close,2021/22,0.012181912180308138
1x2,cb_xg,T1,close,2022/23,4.5085472591929965e-08
1x2,cb_xg,T1,close,2023/24,4.5085472591929965e-08
1x2,cb_xg,T1,close,2024/25,4.5085472591929965e-08
1x2,cb_xg,T1,close,2025/26,4.5085472591929965e-08
1x2,cb_xg,T1,close,2026/27,4.5085472591929965e-08
1x2,lgbd_xg,B1,pre,2018/19,4.5085472591929965e-08
1x2,lgbd_xg,B1,pre,2019/20,4.5085472591929965e-08
1x2,lgbd_xg,B1,pre,2020/21,0.4810245373587521
1x2,lgbd_xg,B1,pre,2021/22,0.4794570551116232
1x2,lgbd_xg,B1,pre,2022/23,0.23809336286580604
1x2,lgbd_xg,B1,pre,2023/24,0.23088718399731478
1x2,lgbd_xg,B1,pre,2024/25,0.24806235717083827
1x2,lgbd_xg,B1,pre,2025/26,0.059440594176405785
1x2,lgbd_xg,B1,pre,2026/27,0.6978185095264423
1x2,lgbd_xg,B1,close,2018/19,0.04410555524754112
1x2,lgbd_xg,B1,close,2019/20,0.4138267617453566
1x2,lgbd_xg,B1,close,2020/21,0.7047561421219887
1x2,lgbd_xg,B1,close,2021/22,0.06753415573170096
1x2,lgbd_xg,B1,close,2022/23,4.5085472591929965e-08
1x2,lgbd_xg,B1,close,2023/24,4.5085472591929965e-08
1x2,lgbd_xg,B1,close,2024/25,4.5085472591929965e-08
1x2,lgbd_xg,B1,close,2025/26,4.5085472591929965e-08
1x2,lgbd_xg,B1,close,2026/27,4.5085472591929965e-08
1x2,lgbd_xg,D1,pre,2017/18,4.5085472591929965e-08
1x2,lgbd_xg,D1,pre,2018/19,4.5085472591929965e-08
1x2,lgbd_xg,D1,pre,2019/20,0.037077657000031954
1x2,lgbd_xg,D1,pre,2020/21,4.5085472591929965e-08
1x2,lgbd_xg,D1,pre,2021/22,4.5085472591929965e-08
1x2,lgbd_xg,D1,pre,2022/23,4.5085472591929965e-08
1x2,lgbd_xg,D1,pre,2023/24,0.02245480205339051
1x2,lgbd_xg,D1,pre,2024/25,0.14963327933275714
1x2,lgbd_xg,D1,pre,2025/26,0.20430090775444967
1x2,lgbd_xg,D1,pre,2026/27,0.22640188291073607
1x2,lgbd_xg,D1,close,2017/18,0.012852499019746888
1x2,lgbd_xg,D1,close,2018/19,0.49299104754395917
1x2,lgbd_xg,D1,close,2019/20,0.5670206624890509
1x2,lgbd_xg,D1,close,2020/21,0.3768596251285538
1x2,lgbd_xg,D1,close,2021/22,0.3373357613236596
1x2,lgbd_xg,D1,close,2022/23,0.15929218858733724
1x2,lgbd_xg,D1,close,2023/24,0.21885846108689563
1x2,lgbd_xg,D1,close,2024/25,0.249861935370184
1x2,lgbd_xg,D1,close,2025/26,0.24950801846215212
1x2,lgbd_xg,D1,close,2026/27,0.2574481970136896
1x2,lgbd_xg,D2,pre,2017/18,4.5085472591929965e-08
1x2,lgbd_xg,D2,pre,2018/19,4.5085472591929965e-08
1x2,lgbd_xg,D2,pre,2019/20,4.5085472591929965e-08
1x2,lgbd_xg,D2,pre,2020/21,4.5085472591929965e-08
1x2,lgbd_xg,D2,pre,2021/22,4.5085472591929965e-08
1x2,lgbd_xg,D2,pre,2022/23,4.5085472591929965e-08
1x2,lgbd_xg,D2,pre,2023/24,4.5085472591929965e-08
1x2,lgbd_xg,D2,pre,2024/25,4.5085472591929965e-08
1x2,lgbd_xg,D2,pre,2025/26,4.5085472591929965e-08
1x2,lgbd_xg,D2,pre,2026/27,4.5085472591929965e-08
1x2,lgbd_xg,D2,close,2017/18,4.5085472591929965e-08
1x2,lgbd_xg,D2,close,2018/19,4.5085472591929965e-08
1x2,lgbd_xg,D2,close,2019/20,4.5085472591929965e-08
1x2,lgbd_xg,D2,close,2020/21,4.5085472591929965e-08
1x2,lgbd_xg,D2,close,2021/22,4.5085472591929965e-08
1x2,lgbd_xg,D2,close,2022/23,4.5085472591929965e-08
1x2,lgbd_xg,D2,close,2023/24,4.5085472591929965e-08
1x2,lgbd_xg,D2,close,2024/25,4.5085472591929965e-08
1x2,lgbd_xg,D2,close,2025/26,0.059336853845197726
1x2,lgbd_xg,D2,close,2026/27,0.11336337350412884
1x2,lgbd_xg,E0,pre,2017/18,4.5085472591929965e-08
1x2,lgbd_xg,E0,pre,2018/19,4.5085472591929965e-08
1x2,lgbd_xg,E0,pre,2019/20,4.5085472591929965e-08
1x2,lgbd_xg,E0,pre,2020/21,0.6061215751179898
1x2,lgbd_xg,E0,pre,2021/22,0.37429086352944707
1x2,lgbd_xg,E0,pre,2022/23,0.2939234316688159
1x2,lgbd_xg,E0,pre,2023/24,0.2546371829184625
1x2,lgbd_xg,E0,pre,2024/25,0.22565881531436752
1x2,lgbd_xg,E0,pre,2025/26,0.20033221221790334
1x2,lgbd_xg,E0,pre,2026/27,0.19085894615905913
1x2,lgbd_xg,E0,close,2017/18,0.49660025276356035
1x2,lgbd_xg,E0,close,2018/19,4.5085472591929965e-08
1x2,lgbd_xg,E0,close,2019/20,0.005677378211298256
1x2,lgbd_xg,E0,close,2020/21,0.3194475851742902
1x2,lgbd_xg,E0,close,2021/22,0.009993261637147676
1x2,lgbd_xg,E0,close,2022/23,0.11142642991029782
1x2,lgbd_xg,E0,close,2023/24,0.053342547235435515
1x2,lgbd_xg,E0,close,2024/25,4.5085472591929965e-08
1x2,lgbd_xg,E0,close,2025/26,4.5085472591929965e-08
1x2,lgbd_xg,E0,close,2026/27,4.5085472591929965e-08
1x2,lgbd_xg,E1,pre,2017/18,4.5085472591929965e-08
1x2,lgbd_xg,E1,pre,2018/19,4.5085472591929965e-08
1x2,lgbd_xg,E1,pre,2019/20,4.5085472591929965e-08
1x2,lgbd_xg,E1,pre,2020/21,4.5085472591929965e-08
1x2,lgbd_xg,E1,pre,2021/22,0.046402422142321924
1x2,lgbd_xg,E1,pre,2022/23,0.03254108463303643
1x2,lgbd_xg,E1,pre,2023/24,0.07166517503354675
1x2,lgbd_xg,E1,pre,2024/25,0.04714656167659609
1x2,lgbd_xg,E1,pre,2025/26,0.1994542687103531
1x2,lgbd_xg,E1,pre,2026/27,0.1405065216056002
1x2,lgbd_xg,E1,close,2017/18,4.5085472591929965e-08
1x2,lgbd_xg,E1,close,2018/19,4.5085472591929965e-08
1x2,lgbd_xg,E1,close,2019/20,4.5085472591929965e-08
1x2,lgbd_xg,E1,close,2020/21,4.5085472591929965e-08
1x2,lgbd_xg,E1,close,2021/22,4.5085472591929965e-08
1x2,lgbd_xg,E1,close,2022/23,0.11538133877372575
1x2,lgbd_xg,E1,close,2023/24,0.1880037313024678
1x2,lgbd_xg,E1,close,2024/25,0.05998663407898779
1x2,lgbd_xg,E1,close,2025/26,0.1196992715792887
1x2,lgbd_xg,E1,close,2026/27,0.14568771888530163
1x2,lgbd_xg,E2,pre,2017/18,0.21361680867543376
1x2,lgbd_xg,E2,pre,2018/19,0.19343375481109237
1x2,lgbd_xg,E2,pre,2019/20,0.4969503889521143
1x2,lgbd_xg,E2,pre,2020/21,0.6566479037633954
1x2,lgbd_xg,E2,pre,2021/22,0.7303941189922942
1x2,lgbd_xg,E2,pre,2022/23,0.6498879007506494
1x2,lgbd_xg,E2,pre,2023/24,0.6035238219629966
1x2,lgbd_xg,E2,pre,2024/25,0.5688158945869379
1x2,lgbd_xg,E2,pre,2025/26,0.5242116160271236
1x2,lgbd_xg,E2,pre,2026/27,0.5002145452422853
1x2,lgbd_xg,E2,close,2017/18,4.5085472591929965e-08
1x2,lgbd_xg,E2,close,2018/19,4.5085472591929965e-08
1x2,lgbd_xg,E2,close,2019/20,4.5085472591929965e-08
1x2,lgbd_xg,E2,close,2020/21,4.5085472591929965e-08
1x2,lgbd_xg,E2,close,2021/22,4.5085472591929965e-08
1x2,lgbd_xg,E2,close,2022/23,4.5085472591929965e-08
1x2,lgbd_xg,E2,close,2023/24,4.5085472591929965e-08
1x2,lgbd_xg,E2,close,2024/25,4.5085472591929965e-08
1x2,lgbd_xg,E2,close,2025/26,4.5085472591929965e-08
1x2,lgbd_xg,E2,close,2026/27,4.5085472591929965e-08
1x2,lgbd_xg,E3,pre,2017/18,0.9999999215811929
1x2,lgbd_xg,E3,pre,2018/19,0.7281380438222634
1x2,lgbd_xg,E3,pre,2019/20,0.7783087551549644
1x2,lgbd_xg,E3,pre,2020/21,0.8782170430042648
1x2,lgbd_xg,E3,pre,2021/22,0.972354385171624
1x2,lgbd_xg,E3,pre,2022/23,0.5998718091140485
1x2,lgbd_xg,E3,pre,2023/24,0.46905343066531086
1x2,lgbd_xg,E3,pre,2024/25,0.48403820771459033
1x2,lgbd_xg,E3,pre,2025/26,0.312558161814041
1x2,lgbd_xg,E3,pre,2026/27,0.41383009544116806
1x2,lgbd_xg,E3,close,2017/18,0.8868827985601064
1x2,lgbd_xg,E3,close,2018/19,0.2990566386689383
1x2,lgbd_xg,E3,close,2019/20,0.351219191743605
1x2,lgbd_xg,E3,close,2020/21,0.36582085278716236
1x2,lgbd_xg,E3,close,2021/22,0.2869906031461983
1x2,lgbd_xg,E3,close,2022/23,0.12261737681168643
1x2,lgbd_xg,E3,close,2023/24,0.09649434557161281
1x2,lgbd_xg,E3,close,2024/25,4.5085472591929965e-08
1x2,lgbd_xg,E3,close,2025/26,4.5085472591929965e-08
1x2,lgbd_xg,E3,close,2026/27,0.05019075645204107
1x2,lgbd_xg,F1,pre,2017/18,4.5085472591929965e-08
1x2,lgbd_xg,F1,pre,2018/19,0.3425748737186104
1x2,lgbd_xg,F1,pre,2019/20,0.3486099955182776
1x2,lgbd_xg,F1,pre,2020/21,0.09506541083896017
1x2,lgbd_xg,F1,pre,2021/22,0.15603307184937262
1x2,lgbd_xg,F1,pre,2022/23,4.5085472591929965e-08
1x2,lgbd_xg,F1,pre,2023/24,4.5085472591929965e-08
1x2,lgbd_xg,F1,pre,2024/25,4.5085472591929965e-08
1x2,lgbd_xg,F1,pre,2025/26,4.5085472591929965e-08
1x2,lgbd_xg,F1,pre,2026/27,4.5085472591929965e-08
1x2,lgbd_xg,F1,close,2017/18,4.5085472591929965e-08
1x2,lgbd_xg,F1,close,2018/19,0.09952217842547245
1x2,lgbd_xg,F1,close,2019/20,0.0575050777733391
1x2,lgbd_xg,F1,close,2020/21,4.5085472591929965e-08
1x2,lgbd_xg,F1,close,2021/22,4.5085472591929965e-08
1x2,lgbd_xg,F1,close,2022/23,4.5085472591929965e-08
1x2,lgbd_xg,F1,close,2023/24,4.5085472591929965e-08
1x2,lgbd_xg,F1,close,2024/25,0.014682579634393182
1x2,lgbd_xg,F1,close,2025/26,0.0041661547331510946
1x2,lgbd_xg,F1,close,2026/27,0.08324883183303614
1x2,lgbd_xg,F2,pre,2017/18,0.9999999215811929
1x2,lgbd_xg,F2,pre,2018/19,0.9999999215811929
1x2,lgbd_xg,F2,pre,2019/20,0.9999999215811929
1x2,lgbd_xg,F2,pre,2020/21,0.9999999215811929
1x2,lgbd_xg,F2,pre,2021/22,0.9999999215811929
1x2,lgbd_xg,F2,pre,2022/23,0.9999999215811929
1x2,lgbd_xg,F2,pre,2023/24,0.9999999215811929
1x2,lgbd_xg,F2,pre,2024/25,0.9999999215811929
1x2,lgbd_xg,F2,pre,2025/26,0.9999999215811929
1x2,lgbd_xg,F2,pre,2026/27,0.9999999215811929
1x2,lgbd_xg,F2,close,2017/18,0.9999999215811929
1x2,lgbd_xg,F2,close,2018/19,0.0672141472945869
1x2,lgbd_xg,F2,close,2019/20,0.5838745103325627
1x2,lgbd_xg,F2,close,2020/21,0.5718626163021401
1x2,lgbd_xg,F2,close,2021/22,0.4190164814752526
1x2,lgbd_xg,F2,close,2022/23,0.41974929358564983
1x2,lgbd_xg,F2,close,2023/24,0.18830049563066287
1x2,lgbd_xg,F2,close,2024/25,0.17597802689664122
1x2,lgbd_xg,F2,close,2025/26,0.15575092748675562
1x2,lgbd_xg,F2,close,2026/27,0.027401816407072423
1x2,lgbd_xg,G1,pre,2018/19,4.5085472591929965e-08
1x2,lgbd_xg,G1,pre,2019/20,4.5085472591929965e-08
1x2,lgbd_xg,G1,pre,2020/21,0.45513043747308224
1x2,lgbd_xg,G1,pre,2021/22,0.6816019920988594
1x2,lgbd_xg,G1,pre,2022/23,0.5258288464373918
1x2,lgbd_xg,G1,pre,2023/24,0.5269700839330117
1x2,lgbd_xg,G1,pre,2024/25,0.5517255396395738
1x2,lgbd_xg,G1,pre,2025/26,0.5041796138466483
1x2,lgbd_xg,G1,pre,2026/27,0.5588469971727263
1x2,lgbd_xg,G1,close,2018/19,4.5085472591929965e-08
1x2,lgbd_xg,G1,close,2019/20,0.24943380762212633
1x2,lgbd_xg,G1,close,2020/21,4.5085472591929965e-08
1x2,lgbd_xg,G1,close,2021/22,4.5085472591929965e-08
1x2,lgbd_xg,G1,close,2022/23,0.10723138871755751
1x2,lgbd_xg,G1,close,2023/24,0.20263809247570397
1x2,lgbd_xg,G1,close,2024/25,0.17606104386764224
1x2,lgbd_xg,G1,close,2025/26,0.1115383079567994
1x2,lgbd_xg,G1,close,2026/27,0.09040467896181896
1x2,lgbd_xg,I1,pre,2017/18,0.9999999215811929
1x2,lgbd_xg,I1,pre,2018/19,0.1343452896895906
1x2,lgbd_xg,I1,pre,2019/20,0.13215815049007637
1x2,lgbd_xg,I1,pre,2020/21,0.21835979110157713
1x2,lgbd_xg,I1,pre,2021/22,0.16969137557238892
1x2,lgbd_xg,I1,pre,2022/23,4.5085472591929965e-08
1x2,lgbd_xg,I1,pre,2023/24,4.5085472591929965e-08
1x2,lgbd_xg,I1,pre,2024/25,4.5085472591929965e-08
1x2,lgbd_xg,I1,pre,2025/26,0.02453477519258669
1x2,lgbd_xg,I1,pre,2026/27,0.06514393920648702
1x2,lgbd_xg,I1,close,2017/18,0.263480163628917
1x2,lgbd_xg,I1,close,2018/19,0.044185112355363244
1x2,lgbd_xg,I1,close,2019/20,0.16278528174678672
1x2,lgbd_xg,I1,close,2020/21,0.1330303760668178
1x2,lgbd_xg,I1,close,2021/22,0.2074770948755431
1x2,lgbd_xg,I1,close,2022/23,0.05170634196993998
1x2,lgbd_xg,I1,close,2023/24,0.028044051065484594
1x2,lgbd_xg,I1,close,2024/25,0.024487665578122358
1x2,lgbd_xg,I1,close,2025/26,0.1003381684496108
1x2,lgbd_xg,I1,close,2026/27,0.1024834521927873
1x2,lgbd_xg,I2,pre,2017/18,0.9999999215811929
1x2,lgbd_xg,I2,pre,2018/19,4.5085472591929965e-08
1x2,lgbd_xg,I2,pre,2019/20,4.5085472591929965e-08
1x2,lgbd_xg,I2,pre,2020/21,4.5085472591929965e-08
1x2,lgbd_xg,I2,pre,2021/22,4.5085472591929965e-08
1x2,lgbd_xg,I2,pre,2022/23,0.2707228088095374
1x2,lgbd_xg,I2,pre,2023/24,0.4835244996927998
1x2,lgbd_xg,I2,pre,2024/25,0.44727590844748755
1x2,lgbd_xg,I2,pre,2025/26,0.6855052541580934
1x2,lgbd_xg,I2,pre,2026/27,0.8773282745606734
1x2,lgbd_xg,I2,close,2017/18,0.3417125236843922
1x2,lgbd_xg,I2,close,2018/19,4.5085472591929965e-08
1x2,lgbd_xg,I2,close,2019/20,4.5085472591929965e-08
1x2,lgbd_xg,I2,close,2020/21,4.5085472591929965e-08
1x2,lgbd_xg,I2,close,2021/22,4.5085472591929965e-08
1x2,lgbd_xg,I2,close,2022/23,4.5085472591929965e-08
1x2,lgbd_xg,I2,close,2023/24,4.5085472591929965e-08
1x2,lgbd_xg,I2,close,2024/25,4.5085472591929965e-08
1x2,lgbd_xg,I2,close,2025/26,0.024506911346190537
1x2,lgbd_xg,I2,close,2026/27,0.06800262049642639
1x2,lgbd_xg,N1,pre,2017/18,0.9999999215811929
1x2,lgbd_xg,N1,pre,2018/19,4.5085472591929965e-08
1x2,lgbd_xg,N1,pre,2019/20,4.5085472591929965e-08
1x2,lgbd_xg,N1,pre,2020/21,4.5085472591929965e-08
1x2,lgbd_xg,N1,pre,2021/22,4.5085472591929965e-08
1x2,lgbd_xg,N1,pre,2022/23,0.2150470669752837
1x2,lgbd_xg,N1,pre,2023/24,0.20746815911212868
1x2,lgbd_xg,N1,pre,2024/25,0.26893756030833177
1x2,lgbd_xg,N1,pre,2025/26,0.3583449832286214
1x2,lgbd_xg,N1,pre,2026/27,0.4034210359206072
1x2,lgbd_xg,N1,close,2017/18,0.2862416454089611
1x2,lgbd_xg,N1,close,2018/19,4.5085472591929965e-08
1x2,lgbd_xg,N1,close,2019/20,4.5085472591929965e-08
1x2,lgbd_xg,N1,close,2020/21,4.5085472591929965e-08
1x2,lgbd_xg,N1,close,2021/22,4.5085472591929965e-08
1x2,lgbd_xg,N1,close,2022/23,4.5085472591929965e-08
1x2,lgbd_xg,N1,close,2023/24,4.5085472591929965e-08
1x2,lgbd_xg,N1,close,2024/25,4.5085472591929965e-08
1x2,lgbd_xg,N1,close,2025/26,4.5085472591929965e-08
1x2,lgbd_xg,N1,close,2026/27,0.7896385515670408
1x2,lgbd_xg,P1,pre,2017/18,0.9999999215811929
1x2,lgbd_xg,P1,pre,2018/19,0.9999999215811929
1x2,lgbd_xg,P1,pre,2019/20,0.9999999215811929
1x2,lgbd_xg,P1,pre,2020/21,0.6642534277454402
1x2,lgbd_xg,P1,pre,2021/22,0.6680373841963619
1x2,lgbd_xg,P1,pre,2022/23,0.2463726816308309
1x2,lgbd_xg,P1,pre,2023/24,0.27059006994436435
1x2,lgbd_xg,P1,pre,2024/25,0.2362581177333909
1x2,lgbd_xg,P1,pre,2025/26,0.2020706509868735
1x2,lgbd_xg,P1,pre,2026/27,0.37005065494454714
1x2,lgbd_xg,P1,close,2017/18,0.7570570554134538
1x2,lgbd_xg,P1,close,2018/19,0.8068989194804292
1x2,lgbd_xg,P1,close,2019/20,0.5797405869448656
1x2,lgbd_xg,P1,close,2020/21,0.693211404921519
1x2,lgbd_xg,P1,close,2021/22,0.6221047050768401
1x2,lgbd_xg,P1,close,2022/23,0.4233863888479775
1x2,lgbd_xg,P1,close,2023/24,0.3529682110225296
1x2,lgbd_xg,P1,close,2024/25,0.2808392608410283
1x2,lgbd_xg,P1,close,2025/26,0.20066024100142904
1x2,lgbd_xg,P1,close,2026/27,0.09213787963061529
1x2,lgbd_xg,SC0,pre,2018/19,0.0026121674605921524
1x2,lgbd_xg,SC0,pre,2019/20,0.017201460877331647
1x2,lgbd_xg,SC0,pre,2020/21,4.5085472591929965e-08
1x2,lgbd_xg,SC0,pre,2021/22,4.5085472591929965e-08
1x2,lgbd_xg,SC0,pre,2022/23,4.5085472591929965e-08
1x2,lgbd_xg,SC0,pre,2023/24,4.5085472591929965e-08
1x2,lgbd_xg,SC0,pre,2024/25,4.5085472591929965e-08
1x2,lgbd_xg,SC0,pre,2025/26,4.5085472591929965e-08
1x2,lgbd_xg,SC0,pre,2026/27,4.5085472591929965e-08
1x2,lgbd_xg,SC0,close,2018/19,4.5085472591929965e-08
1x2,lgbd_xg,SC0,close,2019/20,4.5085472591929965e-08
1x2,lgbd_xg,SC0,close,2020/21,4.5085472591929965e-08
1x2,lgbd_xg,SC0,close,2021/22,4.5085472591929965e-08
1x2,lgbd_xg,SC0,close,2022/23,4.5085472591929965e-08
1x2,lgbd_xg,SC0,close,2023/24,4.5085472591929965e-08
1x2,lgbd_xg,SC0,close,2024/25,4.5085472591929965e-08
1x2,lgbd_xg,SC0,close,2025/26,0.03625110248517504
1x2,lgbd_xg,SC0,close,2026/27,4.5085472591929965e-08
1x2,lgbd_xg,SP1,pre,2017/18,4.5085472591929965e-08
1x2,lgbd_xg,SP1,pre,2018/19,4.5085472591929965e-08
1x2,lgbd_xg,SP1,pre,2019/20,0.1557682333454101
1x2,lgbd_xg,SP1,pre,2020/21,0.5830425144550853
1x2,lgbd_xg,SP1,pre,2021/22,0.5229704118308423
1x2,lgbd_xg,SP1,pre,2022/23,0.8682580837618986
1x2,lgbd_xg,SP1,pre,2023/24,0.880137414675333
1x2,lgbd_xg,SP1,pre,2024/25,0.8941436914601923
1x2,lgbd_xg,SP1,pre,2025/26,0.9460520093036788
1x2,lgbd_xg,SP1,pre,2026/27,0.8251509685704124
1x2,lgbd_xg,SP1,close,2017/18,4.5085472591929965e-08
1x2,lgbd_xg,SP1,close,2018/19,4.5085472591929965e-08
1x2,lgbd_xg,SP1,close,2019/20,4.5085472591929965e-08
1x2,lgbd_xg,SP1,close,2020/21,4.5085472591929965e-08
1x2,lgbd_xg,SP1,close,2021/22,4.5085472591929965e-08
1x2,lgbd_xg,SP1,close,2022/23,0.207909478733398
1x2,lgbd_xg,SP1,close,2023/24,0.1726394631875585
1x2,lgbd_xg,SP1,close,2024/25,0.2506090100294008
1x2,lgbd_xg,SP1,close,2025/26,0.21572167017478755
1x2,lgbd_xg,SP1,close,2026/27,0.21231448153761942
1x2,lgbd_xg,SP2,pre,2017/18,0.9999999215811929
1x2,lgbd_xg,SP2,pre,2018/19,0.9999999215811929
1x2,lgbd_xg,SP2,pre,2019/20,0.9999999215811929
1x2,lgbd_xg,SP2,pre,2020/21,0.9999999215811929
1x2,lgbd_xg,SP2,pre,2021/22,0.9999999215811929
1x2,lgbd_xg,SP2,pre,2022/23,0.9999999215811929
1x2,lgbd_xg,SP2,pre,2023/24,0.9999999215811929
1x2,lgbd_xg,SP2,pre,2024/25,0.9999999215811929
1x2,lgbd_xg,SP2,pre,2025/26,0.9999999215811929
1x2,lgbd_xg,SP2,pre,2026/27,0.9999999215811929
1x2,lgbd_xg,SP2,close,2017/18,0.7478393980470613
1x2,lgbd_xg,SP2,close,2018/19,0.4193682095210494
1x2,lgbd_xg,SP2,close,2019/20,0.32873833797632274
1x2,lgbd_xg,SP2,close,2020/21,0.3059768745520074
1x2,lgbd_xg,SP2,close,2021/22,0.39584226905804354
1x2,lgbd_xg,SP2,close,2022/23,0.47276973477672557
1x2,lgbd_xg,SP2,close,2023/24,0.3932165945503386
1x2,lgbd_xg,SP2,close,2024/25,0.39555084517841843
1x2,lgbd_xg,SP2,close,2025/26,0.398165351471918
1x2,lgbd_xg,SP2,close,2026/27,0.2615060891984765
1x2,lgbd_xg,T1,pre,2017/18,0.9999999215811929
1x2,lgbd_xg,T1,pre,2018/19,0.9999999215811929
1x2,lgbd_xg,T1,pre,2019/20,0.9999999215811929
1x2,lgbd_xg,T1,pre,2020/21,0.9113736421916749
1x2,lgbd_xg,T1,pre,2021/22,0.9999999215811929
1x2,lgbd_xg,T1,pre,2022/23,0.8252588258114271
1x2,lgbd_xg,T1,pre,2023/24,0.8904796394610114
1x2,lgbd_xg,T1,pre,2024/25,0.9999999215811929
1x2,lgbd_xg,T1,pre,2025/26,0.9999999215811929
1x2,lgbd_xg,T1,pre,2026/27,0.9999999215811929
1x2,lgbd_xg,T1,close,2017/18,4.5085472591929965e-08
1x2,lgbd_xg,T1,close,2018/19,0.20528392489390254
1x2,lgbd_xg,T1,close,2019/20,0.24737396459266847
1x2,lgbd_xg,T1,close,2020/21,0.012938245150834487
1x2,lgbd_xg,T1,close,2021/22,0.0527616462189875
1x2,lgbd_xg,T1,close,2022/23,0.12113759731434896
1x2,lgbd_xg,T1,close,2023/24,0.08937647617310529
1x2,lgbd_xg,T1,close,2024/25,0.06563077164947008
1x2,lgbd_xg,T1,close,2025/26,0.09780259629100194
1x2,lgbd_xg,T1,close,2026/27,0.17711167738813366
1x2,dc,B1,pre,2018/19,4.5085472591929965e-08
1x2,dc,B1,pre,2019/20,4.5085472591929965e-08
1x2,dc,B1,pre,2020/21,4.5085472591929965e-08
1x2,dc,B1,pre,2021/22,0.002261211353188842
1x2,dc,B1,pre,2022/23,4.5085472591929965e-08
1x2,dc,B1,pre,2023/24,4.5085472591929965e-08
1x2,dc,B1,pre,2024/25,4.5085472591929965e-08
1x2,dc,B1,pre,2025/26,4.5085472591929965e-08
1x2,dc,B1,pre,2026/27,0.16975020334109522
1x2,dc,B1,close,2018/19,0.003869515943132074
1x2,dc,B1,close,2019/20,4.5085472591929965e-08
1x2,dc,B1,close,2020/21,4.5085472591929965e-08
1x2,dc,B1,close,2021/22,0.002797609228099864
1x2,dc,B1,close,2022/23,4.5085472591929965e-08
1x2,dc,B1,close,2023/24,4.5085472591929965e-08
1x2,dc,B1,close,2024/25,4.5085472591929965e-08
1x2,dc,B1,close,2025/26,4.5085472591929965e-08
1x2,dc,B1,close,2026/27,4.5085472591929965e-08
1x2,dc,D1,pre,2017/18,0.28895151232869265
1x2,dc,D1,pre,2018/19,4.5085472591929965e-08
1x2,dc,D1,pre,2019/20,4.5085472591929965e-08
1x2,dc,D1,pre,2020/21,4.5085472591929965e-08
1x2,dc,D1,pre,2021/22,4.5085472591929965e-08
1x2,dc,D1,pre,2022/23,4.5085472591929965e-08
1x2,dc,D1,pre,2023/24,4.5085472591929965e-08
1x2,dc,D1,pre,2024/25,4.5085472591929965e-08
1x2,dc,D1,pre,2025/26,4.5085472591929965e-08
1x2,dc,D1,pre,2026/27,4.5085472591929965e-08
1x2,dc,D1,close,2017/18,0.27608721554857507
1x2,dc,D1,close,2018/19,0.0716888548583489
1x2,dc,D1,close,2019/20,0.07187585376031391
1x2,dc,D1,close,2020/21,0.05062902102484522
1x2,dc,D1,close,2021/22,4.5085472591929965e-08
1x2,dc,D1,close,2022/23,4.5085472591929965e-08
1x2,dc,D1,close,2023/24,0.01910458115502938
1x2,dc,D1,close,2024/25,4.5085472591929965e-08
1x2,dc,D1,close,2025/26,4.5085472591929965e-08
1x2,dc,D1,close,2026/27,4.5085472591929965e-08
1x2,dc,D2,pre,2017/18,4.5085472591929965e-08
1x2,dc,D2,pre,2018/19,4.5085472591929965e-08
1x2,dc,D2,pre,2019/20,0.04891303491078773
1x2,dc,D2,pre,2020/21,0.05344817764032999
1x2,dc,D2,pre,2021/22,0.029226196082361402
1x2,dc,D2,pre,2022/23,4.5085472591929965e-08
1x2,dc,D2,pre,2023/24,4.5085472591929965e-08
1x2,dc,D2,pre,2024/25,4.5085472591929965e-08
1x2,dc,D2,pre,2025/26,4.5085472591929965e-08
1x2,dc,D2,pre,2026/27,4.5085472591929965e-08
1x2,dc,D2,close,2017/18,4.5085472591929965e-08
1x2,dc,D2,close,2018/19,4.5085472591929965e-08
1x2,dc,D2,close,2019/20,0.016926590146373443
1x2,dc,D2,close,2020/21,0.03454128053405638
1x2,dc,D2,close,2021/22,0.012120457346380772
1x2,dc,D2,close,2022/23,4.5085472591929965e-08
1x2,dc,D2,close,2023/24,4.5085472591929965e-08
1x2,dc,D2,close,2024/25,4.5085472591929965e-08
1x2,dc,D2,close,2025/26,4.5085472591929965e-08
1x2,dc,D2,close,2026/27,4.5085472591929965e-08
1x2,dc,E0,pre,2017/18,4.5085472591929965e-08
1x2,dc,E0,pre,2018/19,4.5085472591929965e-08
1x2,dc,E0,pre,2019/20,0.005105451878646507
1x2,dc,E0,pre,2020/21,0.1155283035973714
1x2,dc,E0,pre,2021/22,0.11101734149223481
1x2,dc,E0,pre,2022/23,0.13087459483008332
1x2,dc,E0,pre,2023/24,0.03189891390000166
1x2,dc,E0,pre,2024/25,0.02420164934879583
1x2,dc,E0,pre,2025/26,4.5085472591929965e-08
1x2,dc,E0,pre,2026/27,4.5085472591929965e-08
1x2,dc,E0,close,2017/18,4.5085472591929965e-08
1x2,dc,E0,close,2018/19,4.5085472591929965e-08
1x2,dc,E0,close,2019/20,0.0109513770703932
1x2,dc,E0,close,2020/21,0.11460143895422026
1x2,dc,E0,close,2021/22,0.09641974944201703
1x2,dc,E0,close,2022/23,0.12399584313601358
1x2,dc,E0,close,2023/24,0.03250205164321678
1x2,dc,E0,close,2024/25,0.014719804100066432
1x2,dc,E0,close,2025/26,4.5085472591929965e-08
1x2,dc,E0,close,2026/27,4.5085472591929965e-08
1x2,dc,E1,pre,2017/18,4.5085472591929965e-08
1x2,dc,E1,pre,2018/19,4.5085472591929965e-08
1x2,dc,E1,pre,2019/20,4.5085472591929965e-08
1x2,dc,E1,pre,2020/21,4.5085472591929965e-08
1x2,dc,E1,pre,2021/22,4.5085472591929965e-08
1x2,dc,E1,pre,2022/23,4.5085472591929965e-08
1x2,dc,E1,pre,2023/24,4.5085472591929965e-08
1x2,dc,E1,pre,2024/25,4.5085472591929965e-08
1x2,dc,E1,pre,2025/26,4.5085472591929965e-08
1x2,dc,E1,pre,2026/27,4.5085472591929965e-08
1x2,dc,E1,close,2017/18,4.5085472591929965e-08
1x2,dc,E1,close,2018/19,4.5085472591929965e-08
1x2,dc,E1,close,2019/20,4.5085472591929965e-08
1x2,dc,E1,close,2020/21,4.5085472591929965e-08
1x2,dc,E1,close,2021/22,4.5085472591929965e-08
1x2,dc,E1,close,2022/23,4.5085472591929965e-08
1x2,dc,E1,close,2023/24,4.5085472591929965e-08
1x2,dc,E1,close,2024/25,4.5085472591929965e-08
1x2,dc,E1,close,2025/26,0.003779229896013274
1x2,dc,E1,close,2026/27,4.5085472591929965e-08
1x2,dc,E2,pre,2017/18,4.5085472591929965e-08
1x2,dc,E2,pre,2018/19,4.5085472591929965e-08
1x2,dc,E2,pre,2019/20,4.5085472591929965e-08
1x2,dc,E2,pre,2020/21,4.5085472591929965e-08
1x2,dc,E2,pre,2021/22,4.5085472591929965e-08
1x2,dc,E2,pre,2022/23,4.5085472591929965e-08
1x2,dc,E2,pre,2023/24,4.5085472591929965e-08
1x2,dc,E2,pre,2024/25,4.5085472591929965e-08
1x2,dc,E2,pre,2025/26,4.5085472591929965e-08
1x2,dc,E2,pre,2026/27,4.5085472591929965e-08
1x2,dc,E2,close,2017/18,4.5085472591929965e-08
1x2,dc,E2,close,2018/19,4.5085472591929965e-08
1x2,dc,E2,close,2019/20,4.5085472591929965e-08
1x2,dc,E2,close,2020/21,4.5085472591929965e-08
1x2,dc,E2,close,2021/22,4.5085472591929965e-08
1x2,dc,E2,close,2022/23,4.5085472591929965e-08
1x2,dc,E2,close,2023/24,4.5085472591929965e-08
1x2,dc,E2,close,2024/25,4.5085472591929965e-08
1x2,dc,E2,close,2025/26,4.5085472591929965e-08
1x2,dc,E2,close,2026/27,4.5085472591929965e-08
1x2,dc,E3,pre,2017/18,4.5085472591929965e-08
1x2,dc,E3,pre,2018/19,4.5085472591929965e-08
1x2,dc,E3,pre,2019/20,4.5085472591929965e-08
1x2,dc,E3,pre,2020/21,4.5085472591929965e-08
1x2,dc,E3,pre,2021/22,4.5085472591929965e-08
1x2,dc,E3,pre,2022/23,4.5085472591929965e-08
1x2,dc,E3,pre,2023/24,0.010239948402445355
1x2,dc,E3,pre,2024/25,0.018379667902382463
1x2,dc,E3,pre,2025/26,0.020813351049306282
1x2,dc,E3,pre,2026/27,0.08740835099518345
1x2,dc,E3,close,2017/18,4.5085472591929965e-08
1x2,dc,E3,close,2018/19,4.5085472591929965e-08
1x2,dc,E3,close,2019/20,4.5085472591929965e-08
1x2,dc,E3,close,2020/21,4.5085472591929965e-08
1x2,dc,E3,close,2021/22,4.5085472591929965e-08
1x2,dc,E3,close,2022/23,4.5085472591929965e-08
1x2,dc,E3,close,2023/24,4.5085472591929965e-08
1x2,dc,E3,close,2024/25,4.5085472591929965e-08
1x2,dc,E3,close,2025/26,0.003642146887687101
1x2,dc,E3,close,2026/27,0.020715152444232558
1x2,dc,F1,pre,2017/18,4.5085472591929965e-08
1x2,dc,F1,pre,2018/19,4.5085472591929965e-08
1x2,dc,F1,pre,2019/20,4.5085472591929965e-08
1x2,dc,F1,pre,2020/21,4.5085472591929965e-08
1x2,dc,F1,pre,2021/22,4.5085472591929965e-08
1x2,dc,F1,pre,2022/23,4.5085472591929965e-08
1x2,dc,F1,pre,2023/24,4.5085472591929965e-08
1x2,dc,F1,pre,2024/25,4.5085472591929965e-08
1x2,dc,F1,pre,2025/26,4.5085472591929965e-08
1x2,dc,F1,pre,2026/27,4.5085472591929965e-08
1x2,dc,F1,close,2017/18,4.5085472591929965e-08
1x2,dc,F1,close,2018/19,4.5085472591929965e-08
1x2,dc,F1,close,2019/20,4.5085472591929965e-08
1x2,dc,F1,close,2020/21,4.5085472591929965e-08
1x2,dc,F1,close,2021/22,4.5085472591929965e-08
1x2,dc,F1,close,2022/23,4.5085472591929965e-08
1x2,dc,F1,close,2023/24,4.5085472591929965e-08
1x2,dc,F1,close,2024/25,4.5085472591929965e-08
1x2,dc,F1,close,2025/26,4.5085472591929965e-08
1x2,dc,F1,close,2026/27,4.5085472591929965e-08
1x2,dc,F2,pre,2017/18,0.014515973288175773
1x2,dc,F2,pre,2018/19,4.5085472591929965e-08
1x2,dc,F2,pre,2019/20,4.5085472591929965e-08
1x2,dc,F2,pre,2020/21,0.0434944352606571
1x2,dc,F2,pre,2021/22,4.5085472591929965e-08
1x2,dc,F2,pre,2022/23,4.5085472591929965e-08
1x2,dc,F2,pre,2023/24,4.5085472591929965e-08
1x2,dc,F2,pre,2024/25,0.002162603784501467
1x2,dc,F2,pre,2025/26,4.5085472591929965e-08
1x2,dc,F2,pre,2026/27,4.5085472591929965e-08
1x2,dc,F2,close,2017/18,0.07302237477569525
1x2,dc,F2,close,2018/19,4.5085472591929965e-08
1x2,dc,F2,close,2019/20,4.5085472591929965e-08
1x2,dc,F2,close,2020/21,0.04789149817348281
1x2,dc,F2,close,2021/22,0.005689539661406145
1x2,dc,F2,close,2022/23,0.0054756698495949255
1x2,dc,F2,close,2023/24,4.5085472591929965e-08
1x2,dc,F2,close,2024/25,4.5085472591929965e-08
1x2,dc,F2,close,2025/26,4.5085472591929965e-08
1x2,dc,F2,close,2026/27,4.5085472591929965e-08
1x2,dc,G1,pre,2018/19,4.5085472591929965e-08
1x2,dc,G1,pre,2019/20,4.5085472591929965e-08
1x2,dc,G1,pre,2020/21,4.5085472591929965e-08
1x2,dc,G1,pre,2021/22,4.5085472591929965e-08
1x2,dc,G1,pre,2022/23,4.5085472591929965e-08
1x2,dc,G1,pre,2023/24,4.5085472591929965e-08
1x2,dc,G1,pre,2024/25,4.5085472591929965e-08
1x2,dc,G1,pre,2025/26,4.5085472591929965e-08
1x2,dc,G1,pre,2026/27,0.2363722679436413
1x2,dc,G1,close,2018/19,4.5085472591929965e-08
1x2,dc,G1,close,2019/20,4.5085472591929965e-08
1x2,dc,G1,close,2020/21,4.5085472591929965e-08
1x2,dc,G1,close,2021/22,4.5085472591929965e-08
1x2,dc,G1,close,2022/23,4.5085472591929965e-08
1x2,dc,G1,close,2023/24,4.5085472591929965e-08
1x2,dc,G1,close,2024/25,4.5085472591929965e-08
1x2,dc,G1,close,2025/26,4.5085472591929965e-08
1x2,dc,G1,close,2026/27,4.5085472591929965e-08
1x2,dc,I1,pre,2017/18,0.049269009140863414
1x2,dc,I1,pre,2018/19,4.5085472591929965e-08
1x2,dc,I1,pre,2019/20,4.5085472591929965e-08
1x2,dc,I1,pre,2020/21,4.5085472591929965e-08
1x2,dc,I1,pre,2021/22,4.5085472591929965e-08
1x2,dc,I1,pre,2022/23,4.5085472591929965e-08
1x2,dc,I1,pre,2023/24,4.5085472591929965e-08
1x2,dc,I1,pre,2024/25,4.5085472591929965e-08
1x2,dc,I1,pre,2025/26,4.5085472591929965e-08
1x2,dc,I1,pre,2026/27,4.5085472591929965e-08
1x2,dc,I1,close,2017/18,0.019034965698568336
1x2,dc,I1,close,2018/19,4.5085472591929965e-08
1x2,dc,I1,close,2019/20,4.5085472591929965e-08
1x2,dc,I1,close,2020/21,4.5085472591929965e-08
1x2,dc,I1,close,2021/22,4.5085472591929965e-08
1x2,dc,I1,close,2022/23,4.5085472591929965e-08
1x2,dc,I1,close,2023/24,4.5085472591929965e-08
1x2,dc,I1,close,2024/25,4.5085472591929965e-08
1x2,dc,I1,close,2025/26,4.5085472591929965e-08
1x2,dc,I1,close,2026/27,4.5085472591929965e-08
1x2,dc,I2,pre,2017/18,0.3313292965009232
1x2,dc,I2,pre,2018/19,0.17462896233866193
1x2,dc,I2,pre,2019/20,0.14895247784213045
1x2,dc,I2,pre,2020/21,0.17406636179732338
1x2,dc,I2,pre,2021/22,0.1089681683120195
1x2,dc,I2,pre,2022/23,0.032374287521081804
1x2,dc,I2,pre,2023/24,0.004736974058373098
1x2,dc,I2,pre,2024/25,4.5085472591929965e-08
1x2,dc,I2,pre,2025/26,4.5085472591929965e-08
1x2,dc,I2,pre,2026/27,0.014186356692824902
1x2,dc,I2,close,2017/18,0.30670718784933354
1x2,dc,I2,close,2018/19,0.14065127411208808
1x2,dc,I2,close,2019/20,0.10294440810540838
1x2,dc,I2,close,2020/21,0.12593355648842877
1x2,dc,I2,close,2021/22,0.06553886097091524
1x2,dc,I2,close,2022/23,0.00260296222226295
1x2,dc,I2,close,2023/24,4.5085472591929965e-08
1x2,dc,I2,close,2024/25,4.5085472591929965e-08
1x2,dc,I2,close,2025/26,4.5085472591929965e-08
1x2,dc,I2,close,2026/27,4.5085472591929965e-08
1x2,dc,N1,pre,2017/18,0.15826229382494672
1x2,dc,N1,pre,2018/19,0.15017790673586062
1x2,dc,N1,pre,2019/20,0.18153125527814484
1x2,dc,N1,pre,2020/21,0.1105079245142968
1x2,dc,N1,pre,2021/22,0.09263049125336618
1x2,dc,N1,pre,2022/23,4.5085472591929965e-08
1x2,dc,N1,pre,2023/24,4.5085472591929965e-08
1x2,dc,N1,pre,2024/25,4.5085472591929965e-08
1x2,dc,N1,pre,2025/26,4.5085472591929965e-08
1x2,dc,N1,pre,2026/27,4.5085472591929965e-08
1x2,dc,N1,close,2017/18,0.11587386257510439
1x2,dc,N1,close,2018/19,0.054789193646289265
1x2,dc,N1,close,2019/20,0.05864926749064028
1x2,dc,N1,close,2020/21,4.5085472591929965e-08
1x2,dc,N1,close,2021/22,0.0073494061654975
1x2,dc,N1,close,2022/23,4.5085472591929965e-08
1x2,dc,N1,close,2023/24,4.5085472591929965e-08
1x2,dc,N1,close,2024/25,4.5085472591929965e-08
1x2,dc,N1,close,2025/26,4.5085472591929965e-08
1x2,dc,N1,close,2026/27,0.06506992731707333
1x2,dc,P1,pre,2017/18,4.5085472591929965e-08
1x2,dc,P1,pre,2018/19,4.5085472591929965e-08
1x2,dc,P1,pre,2019/20,4.5085472591929965e-08
1x2,dc,P1,pre,2020/21,0.05623896188751228
1x2,dc,P1,pre,2021/22,0.12071806922461269
1x2,dc,P1,pre,2022/23,0.05754276749152655
1x2,dc,P1,pre,2023/24,4.5085472591929965e-08
1x2,dc,P1,pre,2024/25,4.5085472591929965e-08
1x2,dc,P1,pre,2025/26,4.5085472591929965e-08
1x2,dc,P1,pre,2026/27,0.14994702884810857
1x2,dc,P1,close,2017/18,4.5085472591929965e-08
1x2,dc,P1,close,2018/19,4.5085472591929965e-08
1x2,dc,P1,close,2019/20,0.002969362301173919
1x2,dc,P1,close,2020/21,0.15752304942170364
1x2,dc,P1,close,2021/22,0.19156319771761338
1x2,dc,P1,close,2022/23,0.1212823073096995
1x2,dc,P1,close,2023/24,0.05133790936287323
1x2,dc,P1,close,2024/25,4.5085472591929965e-08
1x2,dc,P1,close,2025/26,4.5085472591929965e-08
1x2,dc,P1,close,2026/27,0.0007801127231470677
1x2,dc,SC0,pre,2018/19,4.5085472591929965e-08
1x2,dc,SC0,pre,2019/20,4.5085472591929965e-08
1x2,dc,SC0,pre,2020/21,4.5085472591929965e-08
1x2,dc,SC0,pre,2021/22,4.5085472591929965e-08
1x2,dc,SC0,pre,2022/23,4.5085472591929965e-08
1x2,dc,SC0,pre,2023/24,4.5085472591929965e-08
1x2,dc,SC0,pre,2024/25,4.5085472591929965e-08
1x2,dc,SC0,pre,2025/26,4.5085472591929965e-08
1x2,dc,SC0,pre,2026/27,4.5085472591929965e-08
1x2,dc,SC0,close,2018/19,4.5085472591929965e-08
1x2,dc,SC0,close,2019/20,4.5085472591929965e-08
1x2,dc,SC0,close,2020/21,4.5085472591929965e-08
1x2,dc,SC0,close,2021/22,4.5085472591929965e-08
1x2,dc,SC0,close,2022/23,4.5085472591929965e-08
1x2,dc,SC0,close,2023/24,4.5085472591929965e-08
1x2,dc,SC0,close,2024/25,4.5085472591929965e-08
1x2,dc,SC0,close,2025/26,4.5085472591929965e-08
1x2,dc,SC0,close,2026/27,4.5085472591929965e-08
1x2,dc,SP1,pre,2017/18,0.16190296388974784
1x2,dc,SP1,pre,2018/19,0.005855687790888286
1x2,dc,SP1,pre,2019/20,0.028541103038528595
1x2,dc,SP1,pre,2020/21,4.5085472591929965e-08
1x2,dc,SP1,pre,2021/22,4.5085472591929965e-08
1x2,dc,SP1,pre,2022/23,4.5085472591929965e-08
1x2,dc,SP1,pre,2023/24,4.5085472591929965e-08
1x2,dc,SP1,pre,2024/25,4.5085472591929965e-08
1x2,dc,SP1,pre,2025/26,4.5085472591929965e-08
1x2,dc,SP1,pre,2026/27,4.5085472591929965e-08
1x2,dc,SP1,close,2017/18,0.11154595283955089
1x2,dc,SP1,close,2018/19,4.5085472591929965e-08
1x2,dc,SP1,close,2019/20,4.5085472591929965e-08
1x2,dc,SP1,close,2020/21,4.5085472591929965e-08
1x2,dc,SP1,close,2021/22,4.5085472591929965e-08
1x2,dc,SP1,close,2022/23,4.5085472591929965e-08
1x2,dc,SP1,close,2023/24,4.5085472591929965e-08
1x2,dc,SP1,close,2024/25,4.5085472591929965e-08
1x2,dc,SP1,close,2025/26,4.5085472591929965e-08
1x2,dc,SP1,close,2026/27,4.5085472591929965e-08
1x2,dc,SP2,pre,2017/18,0.14719981285680922
1x2,dc,SP2,pre,2018/19,0.05631011347993303
1x2,dc,SP2,pre,2019/20,4.5085472591929965e-08
1x2,dc,SP2,pre,2020/21,0.020151885763530716
1x2,dc,SP2,pre,2021/22,4.5085472591929965e-08
1x2,dc,SP2,pre,2022/23,4.5085472591929965e-08
1x2,dc,SP2,pre,2023/24,4.5085472591929965e-08
1x2,dc,SP2,pre,2024/25,4.5085472591929965e-08
1x2,dc,SP2,pre,2025/26,4.5085472591929965e-08
1x2,dc,SP2,pre,2026/27,0.013032315994922416
1x2,dc,SP2,close,2017/18,0.15569031247220022
1x2,dc,SP2,close,2018/19,0.035483601242421406
1x2,dc,SP2,close,2019/20,4.5085472591929965e-08
1x2,dc,SP2,close,2020/21,4.5085472591929965e-08
1x2,dc,SP2,close,2021/22,4.5085472591929965e-08
1x2,dc,SP2,close,2022/23,4.5085472591929965e-08
1x2,dc,SP2,close,2023/24,4.5085472591929965e-08
1x2,dc,SP2,close,2024/25,4.5085472591929965e-08
1x2,dc,SP2,close,2025/26,4.5085472591929965e-08
1x2,dc,SP2,close,2026/27,4.5085472591929965e-08
1x2,dc,T1,pre,2017/18,4.5085472591929965e-08
1x2,dc,T1,pre,2018/19,4.5085472591929965e-08
1x2,dc,T1,pre,2019/20,4.5085472591929965e-08
1x2,dc,T1,pre,2020/21,4.5085472591929965e-08
1x2,dc,T1,pre,2021/22,4.5085472591929965e-08
1x2,dc,T1,pre,2022/23,4.5085472591929965e-08
1x2,dc,T1,pre,2023/24,4.5085472591929965e-08
1x2,dc,T1,pre,2024/25,4.5085472591929965e-08
1x2,dc,T1,pre,2025/26,4.5085472591929965e-08
1x2,dc,T1,pre,2026/27,4.5085472591929965e-08
1x2,dc,T1,close,2017/18,4.5085472591929965e-08
1x2,dc,T1,close,2018/19,4.5085472591929965e-08
1x2,dc,T1,close,2019/20,4.5085472591929965e-08
1x2,dc,T1,close,2020/21,4.5085472591929965e-08
1x2,dc,T1,close,2021/22,4.5085472591929965e-08
1x2,dc,T1,close,2022/23,4.5085472591929965e-08
1x2,dc,T1,close,2023/24,4.5085472591929965e-08
1x2,dc,T1,close,2024/25,4.5085472591929965e-08
1x2,dc,T1,close,2025/26,4.5085472591929965e-08
1x2,dc,T1,close,2026/27,4.5085472591929965e-08
ou25,lgb_goals,B1,pre,2021/22,0.2054176714237738
ou25,lgb_goals,B1,pre,2022/23,0.17415297748854347
ou25,lgb_goals,B1,pre,2023/24,0.1055099672820089
ou25,lgb_goals,B1,pre,2024/25,0.28312153904588355
ou25,lgb_goals,B1,pre,2025/26,0.12690951795967886
ou25,lgb_goals,B1,pre,2026/27,0.4423837334135708
ou25,lgb_goals,B1,close,2021/22,0.07726464435063297
ou25,lgb_goals,B1,close,2022/23,4.5085472591929965e-08
ou25,lgb_goals,B1,close,2023/24,4.5085472591929965e-08
ou25,lgb_goals,B1,close,2024/25,0.05133191395862484
ou25,lgb_goals,B1,close,2025/26,4.5085472591929965e-08
ou25,lgb_goals,B1,close,2026/27,4.5085472591929965e-08
ou25,lgb_goals,D1,pre,2020/21,4.5085472591929965e-08
ou25,lgb_goals,D1,pre,2021/22,4.5085472591929965e-08
ou25,lgb_goals,D1,pre,2022/23,4.5085472591929965e-08
ou25,lgb_goals,D1,pre,2023/24,4.5085472591929965e-08
ou25,lgb_goals,D1,pre,2024/25,4.5085472591929965e-08
ou25,lgb_goals,D1,pre,2025/26,4.5085472591929965e-08
ou25,lgb_goals,D1,pre,2026/27,4.5085472591929965e-08
ou25,lgb_goals,D1,close,2020/21,4.5085472591929965e-08
ou25,lgb_goals,D1,close,2021/22,4.5085472591929965e-08
ou25,lgb_goals,D1,close,2022/23,4.5085472591929965e-08
ou25,lgb_goals,D1,close,2023/24,4.5085472591929965e-08
ou25,lgb_goals,D1,close,2024/25,4.5085472591929965e-08
ou25,lgb_goals,D1,close,2025/26,4.5085472591929965e-08
ou25,lgb_goals,D1,close,2026/27,4.5085472591929965e-08
ou25,lgb_goals,D2,pre,2020/21,4.5085472591929965e-08
ou25,lgb_goals,D2,pre,2021/22,4.5085472591929965e-08
ou25,lgb_goals,D2,pre,2022/23,4.5085472591929965e-08
ou25,lgb_goals,D2,pre,2023/24,4.5085472591929965e-08
ou25,lgb_goals,D2,pre,2024/25,4.5085472591929965e-08
ou25,lgb_goals,D2,pre,2025/26,4.5085472591929965e-08
ou25,lgb_goals,D2,pre,2026/27,0.020094533718926805
ou25,lgb_goals,D2,close,2020/21,4.5085472591929965e-08
ou25,lgb_goals,D2,close,2021/22,4.5085472591929965e-08
ou25,lgb_goals,D2,close,2022/23,4.5085472591929965e-08
ou25,lgb_goals,D2,close,2023/24,4.5085472591929965e-08
ou25,lgb_goals,D2,close,2024/25,4.5085472591929965e-08
ou25,lgb_goals,D2,close,2025/26,4.5085472591929965e-08
ou25,lgb_goals,D2,close,2026/27,4.5085472591929965e-08
ou25,lgb_goals,E0,pre,2020/21,4.5085472591929965e-08
ou25,lgb_goals,E0,pre,2021/22,4.5085472591929965e-08
ou25,lgb_goals,E0,pre,2022/23,4.5085472591929965e-08
ou25,lgb_goals,E0,pre,2023/24,4.5085472591929965e-08
ou25,lgb_goals,E0,pre,2024/25,4.5085472591929965e-08
ou25,lgb_goals,E0,pre,2025/26,4.5085472591929965e-08
ou25,lgb_goals,E0,pre,2026/27,4.5085472591929965e-08
ou25,lgb_goals,E0,close,2020/21,4.5085472591929965e-08
ou25,lgb_goals,E0,close,2021/22,4.5085472591929965e-08
ou25,lgb_goals,E0,close,2022/23,0.04105741175783283
ou25,lgb_goals,E0,close,2023/24,0.055932778022563606
ou25,lgb_goals,E0,close,2024/25,4.5085472591929965e-08
ou25,lgb_goals,E0,close,2025/26,4.5085472591929965e-08
ou25,lgb_goals,E0,close,2026/27,4.5085472591929965e-08
ou25,lgb_goals,E1,pre,2020/21,0.19946310066013245
ou25,lgb_goals,E1,pre,2021/22,4.5085472591929965e-08
ou25,lgb_goals,E1,pre,2022/23,4.5085472591929965e-08
ou25,lgb_goals,E1,pre,2023/24,4.5085472591929965e-08
ou25,lgb_goals,E1,pre,2024/25,4.5085472591929965e-08
ou25,lgb_goals,E1,pre,2025/26,4.5085472591929965e-08
ou25,lgb_goals,E1,pre,2026/27,4.5085472591929965e-08
ou25,lgb_goals,E1,close,2020/21,0.21928404844379065
ou25,lgb_goals,E1,close,2021/22,0.02897310902262532
ou25,lgb_goals,E1,close,2022/23,4.5085472591929965e-08
ou25,lgb_goals,E1,close,2023/24,0.0006220448148651232
ou25,lgb_goals,E1,close,2024/25,4.5085472591929965e-08
ou25,lgb_goals,E1,close,2025/26,4.5085472591929965e-08
ou25,lgb_goals,E1,close,2026/27,4.5085472591929965e-08
ou25,lgb_goals,E2,pre,2020/21,4.5085472591929965e-08
ou25,lgb_goals,E2,pre,2021/22,4.5085472591929965e-08
ou25,lgb_goals,E2,pre,2022/23,4.5085472591929965e-08
ou25,lgb_goals,E2,pre,2023/24,4.5085472591929965e-08
ou25,lgb_goals,E2,pre,2024/25,4.5085472591929965e-08
ou25,lgb_goals,E2,pre,2025/26,4.5085472591929965e-08
ou25,lgb_goals,E2,pre,2026/27,0.00256481004289123
ou25,lgb_goals,E2,close,2020/21,4.5085472591929965e-08
ou25,lgb_goals,E2,close,2021/22,4.5085472591929965e-08
ou25,lgb_goals,E2,close,2022/23,4.5085472591929965e-08
ou25,lgb_goals,E2,close,2023/24,0.018388417604126513
ou25,lgb_goals,E2,close,2024/25,4.5085472591929965e-08
ou25,lgb_goals,E2,close,2025/26,4.5085472591929965e-08
ou25,lgb_goals,E2,close,2026/27,4.5085472591929965e-08
ou25,lgb_goals,E3,pre,2020/21,0.2701416793913201
ou25,lgb_goals,E3,pre,2021/22,4.5085472591929965e-08
ou25,lgb_goals,E3,pre,2022/23,4.5085472591929965e-08
ou25,lgb_goals,E3,pre,2023/24,4.5085472591929965e-08
ou25,lgb_goals,E3,pre,2024/25,4.5085472591929965e-08
ou25,lgb_goals,E3,pre,2025/26,4.5085472591929965e-08
ou25,lgb_goals,E3,pre,2026/27,0.2206932559238952
ou25,lgb_goals,E3,close,2020/21,4.5085472591929965e-08
ou25,lgb_goals,E3,close,2021/22,4.5085472591929965e-08
ou25,lgb_goals,E3,close,2022/23,4.5085472591929965e-08
ou25,lgb_goals,E3,close,2023/24,4.5085472591929965e-08
ou25,lgb_goals,E3,close,2024/25,4.5085472591929965e-08
ou25,lgb_goals,E3,close,2025/26,4.5085472591929965e-08
ou25,lgb_goals,E3,close,2026/27,4.5085472591929965e-08
ou25,lgb_goals,F1,pre,2021/22,4.5085472591929965e-08
ou25,lgb_goals,F1,pre,2022/23,4.5085472591929965e-08
ou25,lgb_goals,F1,pre,2023/24,4.5085472591929965e-08
ou25,lgb_goals,F1,pre,2024/25,4.5085472591929965e-08
ou25,lgb_goals,F1,pre,2025/26,4.5085472591929965e-08
ou25,lgb_goals,F1,pre,2026/27,4.5085472591929965e-08
ou25,lgb_goals,F1,close,2021/22,4.5085472591929965e-08
ou25,lgb_goals,F1,close,2022/23,4.5085472591929965e-08
ou25,lgb_goals,F1,close,2023/24,4.5085472591929965e-08
ou25,lgb_goals,F1,close,2024/25,4.5085472591929965e-08
ou25,lgb_goals,F1,close,2025/26,4.5085472591929965e-08
ou25,lgb_goals,F1,close,2026/27,4.5085472591929965e-08
ou25,lgb_goals,F2,pre,2021/22,4.5085472591929965e-08
ou25,lgb_goals,F2,pre,2022/23,4.5085472591929965e-08
ou25,lgb_goals,F2,pre,2023/24,4.5085472591929965e-08
ou25,lgb_goals,F2,pre,2024/25,0.00046502392746359774
ou25,lgb_goals,F2,pre,2025/26,4.5085472591929965e-08
ou25,lgb_goals,F2,pre,2026/27,0.0011825781541664358
ou25,lgb_goals,F2,close,2021/22,4.5085472591929965e-08
ou25,lgb_goals,F2,close,2022/23,4.5085472591929965e-08
ou25,lgb_goals,F2,close,2023/24,4.5085472591929965e-08
ou25,lgb_goals,F2,close,2024/25,4.5085472591929965e-08
ou25,lgb_goals,F2,close,2025/26,4.5085472591929965e-08
ou25,lgb_goals,F2,close,2026/27,4.5085472591929965e-08
ou25,lgb_goals,G1,pre,2021/22,0.36026284690346533
ou25,lgb_goals,G1,pre,2022/23,4.5085472591929965e-08
ou25,lgb_goals,G1,pre,2023/24,4.5085472591929965e-08
ou25,lgb_goals,G1,pre,2024/25,0.18015838846683727
ou25,lgb_goals,G1,pre,2025/26,0.1803345888566294
ou25,lgb_goals,G1,pre,2026/27,0.7339721072839763
ou25,lgb_goals,G1,close,2021/22,0.12554523513976149
ou25,lgb_goals,G1,close,2022/23,4.5085472591929965e-08
ou25,lgb_goals,G1,close,2023/24,4.5085472591929965e-08
ou25,lgb_goals,G1,close,2024/25,0.04304945850372782
ou25,lgb_goals,G1,close,2025/26,0.0393957974906857
ou25,lgb_goals,G1,close,2026/27,4.5085472591929965e-08
ou25,lgb_goals,I1,pre,2020/21,4.5085472591929965e-08
ou25,lgb_goals,I1,pre,2021/22,4.5085472591929965e-08
ou25,lgb_goals,I1,pre,2022/23,4.5085472591929965e-08
ou25,lgb_goals,I1,pre,2023/24,4.5085472591929965e-08
ou25,lgb_goals,I1,pre,2024/25,4.5085472591929965e-08
ou25,lgb_goals,I1,pre,2025/26,4.5085472591929965e-08
ou25,lgb_goals,I1,pre,2026/27,4.5085472591929965e-08
ou25,lgb_goals,I1,close,2020/21,4.5085472591929965e-08
ou25,lgb_goals,I1,close,2021/22,4.5085472591929965e-08
ou25,lgb_goals,I1,close,2022/23,4.5085472591929965e-08
ou25,lgb_goals,I1,close,2023/24,4.5085472591929965e-08
ou25,lgb_goals,I1,close,2024/25,4.5085472591929965e-08
ou25,lgb_goals,I1,close,2025/26,4.5085472591929965e-08
ou25,lgb_goals,I1,close,2026/27,4.5085472591929965e-08
ou25,lgb_goals,I2,pre,2020/21,4.5085472591929965e-08
ou25,lgb_goals,I2,pre,2021/22,4.5085472591929965e-08
ou25,lgb_goals,I2,pre,2022/23,0.02895425565687791
ou25,lgb_goals,I2,pre,2023/24,0.03592775971173797
ou25,lgb_goals,I2,pre,2024/25,0.11996396047729461
ou25,lgb_goals,I2,pre,2025/26,0.2694620162762993
ou25,lgb_goals,I2,pre,2026/27,0.5156353742036405
ou25,lgb_goals,I2,close,2020/21,4.5085472591929965e-08
ou25,lgb_goals,I2,close,2021/22,4.5085472591929965e-08
ou25,lgb_goals,I2,close,2022/23,4.5085472591929965e-08
ou25,lgb_goals,I2,close,2023/24,4.5085472591929965e-08
ou25,lgb_goals,I2,close,2024/25,0.006831770210724717
ou25,lgb_goals,I2,close,2025/26,0.1305974465963763
ou25,lgb_goals,I2,close,2026/27,0.0079906355345407
ou25,lgb_goals,N1,pre,2021/22,4.5085472591929965e-08
ou25,lgb_goals,N1,pre,2022/23,4.5085472591929965e-08
ou25,lgb_goals,N1,pre,2023/24,0.03821002042460923
ou25,lgb_goals,N1,pre,2024/25,0.053732086655579075
ou25,lgb_goals,N1,pre,2025/26,4.5085472591929965e-08
ou25,lgb_goals,N1,pre,2026/27,0.30919960703991084
ou25,lgb_goals,N1,close,2021/22,4.5085472591929965e-08
ou25,lgb_goals,N1,close,2022/23,4.5085472591929965e-08
ou25,lgb_goals,N1,close,2023/24,4.5085472591929965e-08
ou25,lgb_goals,N1,close,2024/25,4.5085472591929965e-08
ou25,lgb_goals,N1,close,2025/26,4.5085472591929965e-08
ou25,lgb_goals,N1,close,2026/27,4.5085472591929965e-08
ou25,lgb_goals,P1,pre,2020/21,0.4454716797116084
ou25,lgb_goals,P1,pre,2021/22,0.2731375157716652
ou25,lgb_goals,P1,pre,2022/23,0.22276624076449084
ou25,lgb_goals,P1,pre,2023/24,0.18442738452311933
ou25,lgb_goals,P1,pre,2024/25,0.020251903338913677
ou25,lgb_goals,P1,pre,2025/26,4.5085472591929965e-08
ou25,lgb_goals,P1,pre,2026/27,0.45598562072961696
ou25,lgb_goals,P1,close,2020/21,0.7751482622675877
ou25,lgb_goals,P1,close,2021/22,0.11392962298499755
ou25,lgb_goals,P1,close,2022/23,0.04671263646727401
ou25,lgb_goals,P1,close,2023/24,0.1998851384111566
ou25,lgb_goals,P1,close,2024/25,4.5085472591929965e-08
ou25,lgb_goals,P1,close,2025/26,4.5085472591929965e-08
ou25,lgb_goals,P1,close,2026/27,4.5085472591929965e-08
ou25,lgb_goals,SC0,pre,2021/22,0.5052698545047708
ou25,lgb_goals,SC0,pre,2022/23,0.28335895154475005
ou25,lgb_goals,SC0,pre,2023/24,0.22748795815645073
ou25,lgb_goals,SC0,pre,2024/25,0.06875885274465487
ou25,lgb_goals,SC0,pre,2025/26,0.3046554335738091
ou25,lgb_goals,SC0,pre,2026/27,0.5731220019758397
ou25,lgb_goals,SC0,close,2021/22,0.02197036654692772
ou25,lgb_goals,SC0,close,2022/23,0.09747122174981492
ou25,lgb_goals,SC0,close,2023/24,0.07706465071737623
ou25,lgb_goals,SC0,close,2024/25,0.07433478694852842
ou25,lgb_goals,SC0,close,2025/26,0.2459806987749889
ou25,lgb_goals,SC0,close,2026/27,0.25185675549759023
ou25,lgb_goals,SP1,pre,2020/21,4.5085472591929965e-08
ou25,lgb_goals,SP1,pre,2021/22,0.01924917689031259
ou25,lgb_goals,SP1,pre,2022/23,0.02584955311812165
ou25,lgb_goals,SP1,pre,2023/24,4.5085472591929965e-08
ou25,lgb_goals,SP1,pre,2024/25,4.5085472591929965e-08
ou25,lgb_goals,SP1,pre,2025/26,4.5085472591929965e-08
ou25,lgb_goals,SP1,pre,2026/27,4.5085472591929965e-08
ou25,lgb_goals,SP1,close,2020/21,4.5085472591929965e-08
ou25,lgb_goals,SP1,close,2021/22,0.09692908711797263
ou25,lgb_goals,SP1,close,2022/23,0.09929770311945563
ou25,lgb_goals,SP1,close,2023/24,0.0028048306619459255
ou25,lgb_goals,SP1,close,2024/25,4.5085472591929965e-08
ou25,lgb_goals,SP1,close,2025/26,4.5085472591929965e-08
ou25,lgb_goals,SP1,close,2026/27,4.5085472591929965e-08
ou25,lgb_goals,SP2,pre,2020/21,4.5085472591929965e-08
ou25,lgb_goals,SP2,pre,2021/22,4.5085472591929965e-08
ou25,lgb_goals,SP2,pre,2022/23,4.5085472591929965e-08
ou25,lgb_goals,SP2,pre,2023/24,4.5085472591929965e-08
ou25,lgb_goals,SP2,pre,2024/25,4.5085472591929965e-08
ou25,lgb_goals,SP2,pre,2025/26,4.5085472591929965e-08
ou25,lgb_goals,SP2,pre,2026/27,0.3836328059708201
ou25,lgb_goals,SP2,close,2020/21,4.5085472591929965e-08
ou25,lgb_goals,SP2,close,2021/22,4.5085472591929965e-08
ou25,lgb_goals,SP2,close,2022/23,4.5085472591929965e-08
ou25,lgb_goals,SP2,close,2023/24,4.5085472591929965e-08
ou25,lgb_goals,SP2,close,2024/25,4.5085472591929965e-08
ou25,lgb_goals,SP2,close,2025/26,4.5085472591929965e-08
ou25,lgb_goals,SP2,close,2026/27,4.5085472591929965e-08
ou25,lgb_goals,T1,pre,2020/21,4.5085472591929965e-08
ou25,lgb_goals,T1,pre,2021/22,4.5085472591929965e-08
ou25,lgb_goals,T1,pre,2022/23,4.5085472591929965e-08
ou25,lgb_goals,T1,pre,2023/24,4.5085472591929965e-08
ou25,lgb_goals,T1,pre,2024/25,4.5085472591929965e-08
ou25,lgb_goals,T1,pre,2025/26,4.5085472591929965e-08
ou25,lgb_goals,T1,pre,2026/27,0.1748822775348686
ou25,lgb_goals,T1,close,2020/21,4.5085472591929965e-08
ou25,lgb_goals,T1,close,2021/22,4.5085472591929965e-08
ou25,lgb_goals,T1,close,2022/23,4.5085472591929965e-08
ou25,lgb_goals,T1,close,2023/24,4.5085472591929965e-08
ou25,lgb_goals,T1,close,2024/25,4.5085472591929965e-08
ou25,lgb_goals,T1,close,2025/26,4.5085472591929965e-08
ou25,lgb_goals,T1,close,2026/27,4.5085472591929965e-08
ou25,lgb_xg,B1,pre,2021/22,0.295145098807716
ou25,lgb_xg,B1,pre,2022/23,0.2920126650540012
ou25,lgb_xg,B1,pre,2023/24,0.12755038745282185
ou25,lgb_xg,B1,pre,2024/25,0.36817181898603574
ou25,lgb_xg,B1,pre,2025/26,0.1355750231722804
ou25,lgb_xg,B1,pre,2026/27,0.4695952426121215
ou25,lgb_xg,B1,close,2021/22,0.15787696123388723
ou25,lgb_xg,B1,close,2022/23,0.05501888595576722
ou25,lgb_xg,B1,close,2023/24,4.5085472591929965e-08
ou25,lgb_xg,B1,close,2024/25,0.09202479466998267
ou25,lgb_xg,B1,close,2025/26,4.5085472591929965e-08
ou25,lgb_xg,B1,close,2026/27,4.5085472591929965e-08
ou25,lgb_xg,D1,pre,2020/21,0.15831552033962185
ou25,lgb_xg,D1,pre,2021/22,4.5085472591929965e-08
ou25,lgb_xg,D1,pre,2022/23,4.5085472591929965e-08
ou25,lgb_xg,D1,pre,2023/24,0.0025811183801859707
ou25,lgb_xg,D1,pre,2024/25,4.5085472591929965e-08
ou25,lgb_xg,D1,pre,2025/26,4.5085472591929965e-08
ou25,lgb_xg,D1,pre,2026/27,4.5085472591929965e-08
ou25,lgb_xg,D1,close,2020/21,0.07295985326885986
ou25,lgb_xg,D1,close,2021/22,4.5085472591929965e-08
ou25,lgb_xg,D1,close,2022/23,4.5085472591929965e-08
ou25,lgb_xg,D1,close,2023/24,4.5085472591929965e-08
ou25,lgb_xg,D1,close,2024/25,4.5085472591929965e-08
ou25,lgb_xg,D1,close,2025/26,4.5085472591929965e-08
ou25,lgb_xg,D1,close,2026/27,4.5085472591929965e-08
ou25,lgb_xg,D2,pre,2020/21,0.06480049906281805
ou25,lgb_xg,D2,pre,2021/22,4.5085472591929965e-08
ou25,lgb_xg,D2,pre,2022/23,0.0719169676303373
ou25,lgb_xg,D2,pre,2023/24,4.5085472591929965e-08
ou25,lgb_xg,D2,pre,2024/25,0.06678906186686778
ou25,lgb_xg,D2,pre,2025/26,0.08056120866164003
ou25,lgb_xg,D2,pre,2026/27,0.20719410692046233
ou25,lgb_xg,D2,close,2020/21,4.5085472591929965e-08
ou25,lgb_xg,D2,close,2021/22,4.5085472591929965e-08
ou25,lgb_xg,D2,close,2022/23,4.5085472591929965e-08
ou25,lgb_xg,D2,close,2023/24,4.5085472591929965e-08
ou25,lgb_xg,D2,close,2024/25,4.5085472591929965e-08
ou25,lgb_xg,D2,close,2025/26,4.5085472591929965e-08
ou25,lgb_xg,D2,close,2026/27,0.04048793714806033
ou25,lgb_xg,E0,pre,2020/21,4.5085472591929965e-08
ou25,lgb_xg,E0,pre,2021/22,0.0046455805895580056
ou25,lgb_xg,E0,pre,2022/23,4.5085472591929965e-08
ou25,lgb_xg,E0,pre,2023/24,4.5085472591929965e-08
ou25,lgb_xg,E0,pre,2024/25,4.5085472591929965e-08
ou25,lgb_xg,E0,pre,2025/26,4.5085472591929965e-08
ou25,lgb_xg,E0,pre,2026/27,4.5085472591929965e-08
ou25,lgb_xg,E0,close,2020/21,4.5085472591929965e-08
ou25,lgb_xg,E0,close,2021/22,4.5085472591929965e-08
ou25,lgb_xg,E0,close,2022/23,0.11204582395920858
ou25,lgb_xg,E0,close,2023/24,0.0403183617005461
ou25,lgb_xg,E0,close,2024/25,4.5085472591929965e-08
ou25,lgb_xg,E0,close,2025/26,4.5085472591929965e-08
ou25,lgb_xg,E0,close,2026/27,4.5085472591929965e-08
ou25,lgb_xg,E1,pre,2020/21,0.08783321343507816
ou25,lgb_xg,E1,pre,2021/22,4.5085472591929965e-08
ou25,lgb_xg,E1,pre,2022/23,4.5085472591929965e-08
ou25,lgb_xg,E1,pre,2023/24,0.02678191977370678
ou25,lgb_xg,E1,pre,2024/25,4.5085472591929965e-08
ou25,lgb_xg,E1,pre,2025/26,4.5085472591929965e-08
ou25,lgb_xg,E1,pre,2026/27,4.5085472591929965e-08
ou25,lgb_xg,E1,close,2020/21,0.12240575209071564
ou25,lgb_xg,E1,close,2021/22,0.15267503347385455
ou25,lgb_xg,E1,close,2022/23,0.028868540840105088
ou25,lgb_xg,E1,close,2023/24,0.13897197828531946
ou25,lgb_xg,E1,close,2024/25,4.5085472591929965e-08
ou25,lgb_xg,E1,close,2025/26,0.022395984755220612
ou25,lgb_xg,E1,close,2026/27,0.022135494190721042
ou25,lgb_xg,E2,pre,2020/21,4.5085472591929965e-08
ou25,lgb_xg,E2,pre,2021/22,4.5085472591929965e-08
ou25,lgb_xg,E2,pre,2022/23,4.5085472591929965e-08
ou25,lgb_xg,E2,pre,2023/24,4.5085472591929965e-08
ou25,lgb_xg,E2,pre,2024/25,4.5085472591929965e-08
ou25,lgb_xg,E2,pre,2025/26,4.5085472591929965e-08
ou25,lgb_xg,E2,pre,2026/27,4.5085472591929965e-08
ou25,lgb_xg,E2,close,2020/21,4.5085472591929965e-08
ou25,lgb_xg,E2,close,2021/22,4.5085472591929965e-08
ou25,lgb_xg,E2,close,2022/23,4.5085472591929965e-08
ou25,lgb_xg,E2,close,2023/24,0.03526852813161112
ou25,lgb_xg,E2,close,2024/25,4.5085472591929965e-08
ou25,lgb_xg,E2,close,2025/26,4.5085472591929965e-08
ou25,lgb_xg,E2,close,2026/27,4.5085472591929965e-08
ou25,lgb_xg,E3,pre,2020/21,0.9249434850327468
ou25,lgb_xg,E3,pre,2021/22,4.5085472591929965e-08
ou25,lgb_xg,E3,pre,2022/23,0.07749518349117208
ou25,lgb_xg,E3,pre,2023/24,4.5085472591929965e-08
ou25,lgb_xg,E3,pre,2024/25,4.5085472591929965e-08
ou25,lgb_xg,E3,pre,2025/26,4.5085472591929965e-08
ou25,lgb_xg,E3,pre,2026/27,0.376847934134317
ou25,lgb_xg,E3,close,2020/21,0.03424228682755834
ou25,lgb_xg,E3,close,2021/22,4.5085472591929965e-08
ou25,lgb_xg,E3,close,2022/23,4.5085472591929965e-08
ou25,lgb_xg,E3,close,2023/24,4.5085472591929965e-08
ou25,lgb_xg,E3,close,2024/25,4.5085472591929965e-08
ou25,lgb_xg,E3,close,2025/26,4.5085472591929965e-08
ou25,lgb_xg,E3,close,2026/27,4.5085472591929965e-08
ou25,lgb_xg,F1,pre,2021/22,4.5085472591929965e-08
ou25,lgb_xg,F1,pre,2022/23,4.5085472591929965e-08
ou25,lgb_xg,F1,pre,2023/24,4.5085472591929965e-08
ou25,lgb_xg,F1,pre,2024/25,4.5085472591929965e-08
ou25,lgb_xg,F1,pre,2025/26,4.5085472591929965e-08
ou25,lgb_xg,F1,pre,2026/27,4.5085472591929965e-08
ou25,lgb_xg,F1,close,2021/22,4.5085472591929965e-08
ou25,lgb_xg,F1,close,2022/23,4.5085472591929965e-08
ou25,lgb_xg,F1,close,2023/24,4.5085472591929965e-08
ou25,lgb_xg,F1,close,2024/25,4.5085472591929965e-08
ou25,lgb_xg,F1,close,2025/26,4.5085472591929965e-08
ou25,lgb_xg,F1,close,2026/27,4.5085472591929965e-08
ou25,lgb_xg,F2,pre,2021/22,0.1201670939328443
ou25,lgb_xg,F2,pre,2022/23,4.5085472591929965e-08
ou25,lgb_xg,F2,pre,2023/24,0.0003265036452845654
ou25,lgb_xg,F2,pre,2024/25,0.07532644833321647
ou25,lgb_xg,F2,pre,2025/26,0.0909279443358213
ou25,lgb_xg,F2,pre,2026/27,0.15208119500114206
ou25,lgb_xg,F2,close,2021/22,4.5085472591929965e-08
ou25,lgb_xg,F2,close,2022/23,4.5085472591929965e-08
ou25,lgb_xg,F2,close,2023/24,4.5085472591929965e-08
ou25,lgb_xg,F2,close,2024/25,4.5085472591929965e-08
ou25,lgb_xg,F2,close,2025/26,4.5085472591929965e-08
ou25,lgb_xg,F2,close,2026/27,4.5085472591929965e-08
ou25,lgb_xg,G1,pre,2021/22,0.27446331639927696
ou25,lgb_xg,G1,pre,2022/23,4.5085472591929965e-08
ou25,lgb_xg,G1,pre,2023/24,4.5085472591929965e-08
ou25,lgb_xg,G1,pre,2024/25,0.045430482729581056
ou25,lgb_xg,G1,pre,2025/26,0.028764740189985285
ou25,lgb_xg,G1,pre,2026/27,0.6751591336712082
ou25,lgb_xg,G1,close,2021/22,4.5085472591929965e-08
ou25,lgb_xg,G1,close,2022/23,4.5085472591929965e-08
ou25,lgb_xg,G1,close,2023/24,4.5085472591929965e-08
ou25,lgb_xg,G1,close,2024/25,4.5085472591929965e-08
ou25,lgb_xg,G1,close,2025/26,4.5085472591929965e-08
ou25,lgb_xg,G1,close,2026/27,4.5085472591929965e-08
ou25,lgb_xg,I1,pre,2020/21,4.5085472591929965e-08
ou25,lgb_xg,I1,pre,2021/22,4.5085472591929965e-08
ou25,lgb_xg,I1,pre,2022/23,4.5085472591929965e-08
ou25,lgb_xg,I1,pre,2023/24,4.5085472591929965e-08
ou25,lgb_xg,I1,pre,2024/25,4.5085472591929965e-08
ou25,lgb_xg,I1,pre,2025/26,4.5085472591929965e-08
ou25,lgb_xg,I1,pre,2026/27,4.5085472591929965e-08
ou25,lgb_xg,I1,close,2020/21,4.5085472591929965e-08
ou25,lgb_xg,I1,close,2021/22,4.5085472591929965e-08
ou25,lgb_xg,I1,close,2022/23,4.5085472591929965e-08
ou25,lgb_xg,I1,close,2023/24,4.5085472591929965e-08
ou25,lgb_xg,I1,close,2024/25,4.5085472591929965e-08
ou25,lgb_xg,I1,close,2025/26,4.5085472591929965e-08
ou25,lgb_xg,I1,close,2026/27,4.5085472591929965e-08
ou25,lgb_xg,I2,pre,2020/21,4.5085472591929965e-08
ou25,lgb_xg,I2,pre,2021/22,4.5085472591929965e-08
ou25,lgb_xg,I2,pre,2022/23,4.5085472591929965e-08
ou25,lgb_xg,I2,pre,2023/24,4.5085472591929965e-08
ou25,lgb_xg,I2,pre,2024/25,4.5085472591929965e-08
ou25,lgb_xg,I2,pre,2025/26,0.11206230813411602
ou25,lgb_xg,I2,pre,2026/27,0.501559416981104
ou25,lgb_xg,I2,close,2020/21,4.5085472591929965e-08
ou25,lgb_xg,I2,close,2021/22,4.5085472591929965e-08
ou25,lgb_xg,I2,close,2022/23,4.5085472591929965e-08
ou25,lgb_xg,I2,close,2023/24,4.5085472591929965e-08
ou25,lgb_xg,I2,close,2024/25,4.5085472591929965e-08
ou25,lgb_xg,I2,close,2025/26,4.5085472591929965e-08
ou25,lgb_xg,I2,close,2026/27,4.5085472591929965e-08
ou25,lgb_xg,N1,pre,2021/22,4.5085472591929965e-08
ou25,lgb_xg,N1,pre,2022/23,4.5085472591929965e-08
ou25,lgb_xg,N1,pre,2023/24,0.0662895386762287
ou25,lgb_xg,N1,pre,2024/25,0.08524587372641144
ou25,lgb_xg,N1,pre,2025/26,4.5085472591929965e-08
ou25,lgb_xg,N1,pre,2026/27,0.28075106886714063
ou25,lgb_xg,N1,close,2021/22,4.5085472591929965e-08
ou25,lgb_xg,N1,close,2022/23,4.5085472591929965e-08
ou25,lgb_xg,N1,close,2023/24,4.5085472591929965e-08
ou25,lgb_xg,N1,close,2024/25,4.5085472591929965e-08
ou25,lgb_xg,N1,close,2025/26,4.5085472591929965e-08
ou25,lgb_xg,N1,close,2026/27,4.5085472591929965e-08
ou25,lgb_xg,P1,pre,2020/21,0.513916315463369
ou25,lgb_xg,P1,pre,2021/22,0.27548856576001096
ou25,lgb_xg,P1,pre,2022/23,0.22715243263311105
ou25,lgb_xg,P1,pre,2023/24,0.25127592046463143
ou25,lgb_xg,P1,pre,2024/25,0.10591937291158071
ou25,lgb_xg,P1,pre,2025/26,4.5085472591929965e-08
ou25,lgb_xg,P1,pre,2026/27,0.5133121726084889
ou25,lgb_xg,P1,close,2020/21,0.8525063343037826
ou25,lgb_xg,P1,close,2021/22,0.08961300634139377
ou25,lgb_xg,P1,close,2022/23,0.010918442066695485
ou25,lgb_xg,P1,close,2023/24,0.2325680122780508
ou25,lgb_xg,P1,close,2024/25,0.0013617446829751602
ou25,lgb_xg,P1,close,2025/26,4.5085472591929965e-08
ou25,lgb_xg,P1,close,2026/27,4.5085472591929965e-08
ou25,lgb_xg,SC0,pre,2021/22,0.8797074066259509
ou25,lgb_xg,SC0,pre,2022/23,0.4484647646552032
ou25,lgb_xg,SC0,pre,2023/24,0.2941865269679709
ou25,lgb_xg,SC0,pre,2024/25,0.08317359335399381
ou25,lgb_xg,SC0,pre,2025/26,0.268663061884567
ou25,lgb_xg,SC0,pre,2026/27,0.588666799374937
ou25,lgb_xg,SC0,close,2021/22,0.11407383410427265
ou25,lgb_xg,SC0,close,2022/23,0.14220734604292634
ou25,lgb_xg,SC0,close,2023/24,0.07858471044418412
ou25,lgb_xg,SC0,close,2024/25,0.06263361113654722
ou25,lgb_xg,SC0,close,2025/26,0.1987194745561858
ou25,lgb_xg,SC0,close,2026/27,0.2010407523423118
ou25,lgb_xg,SP1,pre,2020/21,4.5085472591929965e-08
ou25,lgb_xg,SP1,pre,2021/22,0.06843389436328852
ou25,lgb_xg,SP1,pre,2022/23,0.1709478378340364
ou25,lgb_xg,SP1,pre,2023/24,4.5085472591929965e-08
ou25,lgb_xg,SP1,pre,2024/25,4.5085472591929965e-08
ou25,lgb_xg,SP1,pre,2025/26,4.5085472591929965e-08
ou25,lgb_xg,SP1,pre,2026/27,4.5085472591929965e-08
ou25,lgb_xg,SP1,close,2020/21,4.5085472591929965e-08
ou25,lgb_xg,SP1,close,2021/22,0.15042604838986467
ou25,lgb_xg,SP1,close,2022/23,0.20850066468836517
ou25,lgb_xg,SP1,close,2023/24,0.09414907067632595
ou25,lgb_xg,SP1,close,2024/25,4.5085472591929965e-08
ou25,lgb_xg,SP1,close,2025/26,4.5085472591929965e-08
ou25,lgb_xg,SP1,close,2026/27,4.5085472591929965e-08
ou25,lgb_xg,SP2,pre,2020/21,4.5085472591929965e-08
ou25,lgb_xg,SP2,pre,2021/22,4.5085472591929965e-08
ou25,lgb_xg,SP2,pre,2022/23,4.5085472591929965e-08
ou25,lgb_xg,SP2,pre,2023/24,4.5085472591929965e-08
ou25,lgb_xg,SP2,pre,2024/25,4.5085472591929965e-08
ou25,lgb_xg,SP2,pre,2025/26,4.5085472591929965e-08
ou25,lgb_xg,SP2,pre,2026/27,0.4921166230480979
ou25,lgb_xg,SP2,close,2020/21,4.5085472591929965e-08
ou25,lgb_xg,SP2,close,2021/22,4.5085472591929965e-08
ou25,lgb_xg,SP2,close,2022/23,4.5085472591929965e-08
ou25,lgb_xg,SP2,close,2023/24,4.5085472591929965e-08
ou25,lgb_xg,SP2,close,2024/25,4.5085472591929965e-08
ou25,lgb_xg,SP2,close,2025/26,4.5085472591929965e-08
ou25,lgb_xg,SP2,close,2026/27,4.5085472591929965e-08
ou25,lgb_xg,T1,pre,2020/21,4.5085472591929965e-08
ou25,lgb_xg,T1,pre,2021/22,4.5085472591929965e-08
ou25,lgb_xg,T1,pre,2022/23,4.5085472591929965e-08
ou25,lgb_xg,T1,pre,2023/24,4.5085472591929965e-08
ou25,lgb_xg,T1,pre,2024/25,0.04134322555757083
ou25,lgb_xg,T1,pre,2025/26,0.08162474735151619
ou25,lgb_xg,T1,pre,2026/27,0.41390511664832197
ou25,lgb_xg,T1,close,2020/21,4.5085472591929965e-08
ou25,lgb_xg,T1,close,2021/22,4.5085472591929965e-08
ou25,lgb_xg,T1,close,2022/23,4.5085472591929965e-08
ou25,lgb_xg,T1,close,2023/24,4.5085472591929965e-08
ou25,lgb_xg,T1,close,2024/25,4.5085472591929965e-08
ou25,lgb_xg,T1,close,2025/26,4.5085472591929965e-08
ou25,lgb_xg,T1,close,2026/27,4.5085472591929965e-08
ou25,cb_goals,B1,pre,2021/22,0.2870794901086435
ou25,cb_goals,B1,pre,2022/23,0.19679205926517546
ou25,cb_goals,B1,pre,2023/24,0.1972884880280537
ou25,cb_goals,B1,pre,2024/25,0.243005921221205
ou25,cb_goals,B1,pre,2025/26,0.09706063591887312
ou25,cb_goals,B1,pre,2026/27,0.4597678494463734
ou25,cb_goals,B1,close,2021/22,0.13181272314846737
ou25,cb_goals,B1,close,2022/23,4.5085472591929965e-08
ou25,cb_goals,B1,close,2023/24,0.039811818004544614
ou25,cb_goals,B1,close,2024/25,0.016349015650729055
ou25,cb_goals,B1,close,2025/26,4.5085472591929965e-08
ou25,cb_goals,B1,close,2026/27,4.5085472591929965e-08
ou25,cb_goals,D1,pre,2020/21,4.5085472591929965e-08
ou25,cb_goals,D1,pre,2021/22,4.5085472591929965e-08
ou25,cb_goals,D1,pre,2022/23,4.5085472591929965e-08
ou25,cb_goals,D1,pre,2023/24,4.5085472591929965e-08
ou25,cb_goals,D1,pre,2024/25,4.5085472591929965e-08
ou25,cb_goals,D1,pre,2025/26,4.5085472591929965e-08
ou25,cb_goals,D1,pre,2026/27,4.5085472591929965e-08
ou25,cb_goals,D1,close,2020/21,4.5085472591929965e-08
ou25,cb_goals,D1,close,2021/22,4.5085472591929965e-08
ou25,cb_goals,D1,close,2022/23,4.5085472591929965e-08
ou25,cb_goals,D1,close,2023/24,4.5085472591929965e-08
ou25,cb_goals,D1,close,2024/25,4.5085472591929965e-08
ou25,cb_goals,D1,close,2025/26,4.5085472591929965e-08
ou25,cb_goals,D1,close,2026/27,4.5085472591929965e-08
ou25,cb_goals,D2,pre,2020/21,0.08375426988641353
ou25,cb_goals,D2,pre,2021/22,4.5085472591929965e-08
ou25,cb_goals,D2,pre,2022/23,4.5085472591929965e-08
ou25,cb_goals,D2,pre,2023/24,4.5085472591929965e-08
ou25,cb_goals,D2,pre,2024/25,4.5085472591929965e-08
ou25,cb_goals,D2,pre,2025/26,4.5085472591929965e-08
ou25,cb_goals,D2,pre,2026/27,0.04520985287336891
ou25,cb_goals,D2,close,2020/21,0.013690391435446743
ou25,cb_goals,D2,close,2021/22,4.5085472591929965e-08
ou25,cb_goals,D2,close,2022/23,4.5085472591929965e-08
ou25,cb_goals,D2,close,2023/24,4.5085472591929965e-08
ou25,cb_goals,D2,close,2024/25,4.5085472591929965e-08
ou25,cb_goals,D2,close,2025/26,4.5085472591929965e-08
ou25,cb_goals,D2,close,2026/27,4.5085472591929965e-08
ou25,cb_goals,E0,pre,2020/21,4.5085472591929965e-08
ou25,cb_goals,E0,pre,2021/22,4.5085472591929965e-08
ou25,cb_goals,E0,pre,2022/23,4.5085472591929965e-08
ou25,cb_goals,E0,pre,2023/24,4.5085472591929965e-08
ou25,cb_goals,E0,pre,2024/25,4.5085472591929965e-08
ou25,cb_goals,E0,pre,2025/26,4.5085472591929965e-08
ou25,cb_goals,E0,pre,2026/27,4.5085472591929965e-08
ou25,cb_goals,E0,close,2020/21,4.5085472591929965e-08
ou25,cb_goals,E0,close,2021/22,4.5085472591929965e-08
ou25,cb_goals,E0,close,2022/23,4.5085472591929965e-08
ou25,cb_goals,E0,close,2023/24,4.5085472591929965e-08
ou25,cb_goals,E0,close,2024/25,4.5085472591929965e-08
ou25,cb_goals,E0,close,2025/26,4.5085472591929965e-08
ou25,cb_goals,E0,close,2026/27,4.5085472591929965e-08
ou25,cb_goals,E1,pre,2020/21,0.29660859344509954
ou25,cb_goals,E1,pre,2021/22,4.5085472591929965e-08
ou25,cb_goals,E1,pre,2022/23,4.5085472591929965e-08
ou25,cb_goals,E1,pre,2023/24,4.5085472591929965e-08
ou25,cb_goals,E1,pre,2024/25,4.5085472591929965e-08
ou25,cb_goals,E1,pre,2025/26,4.5085472591929965e-08
ou25,cb_goals,E1,pre,2026/27,4.5085472591929965e-08
ou25,cb_goals,E1,close,2020/21,0.2830465405273077
ou25,cb_goals,E1,close,2021/22,0.15089393618096852
ou25,cb_goals,E1,close,2022/23,0.04437627303441133
ou25,cb_goals,E1,close,2023/24,0.09801436500638701
ou25,cb_goals,E1,close,2024/25,4.5085472591929965e-08
ou25,cb_goals,E1,close,2025/26,4.5085472591929965e-08
ou25,cb_goals,E1,close,2026/27,4.5085472591929965e-08
ou25,cb_goals,E2,pre,2020/21,4.5085472591929965e-08
ou25,cb_goals,E2,pre,2021/22,4.5085472591929965e-08
ou25,cb_goals,E2,pre,2022/23,4.5085472591929965e-08
ou25,cb_goals,E2,pre,2023/24,4.5085472591929965e-08
ou25,cb_goals,E2,pre,2024/25,4.5085472591929965e-08
ou25,cb_goals,E2,pre,2025/26,4.5085472591929965e-08
ou25,cb_goals,E2,pre,2026/27,4.5085472591929965e-08
ou25,cb_goals,E2,close,2020/21,4.5085472591929965e-08
ou25,cb_goals,E2,close,2021/22,4.5085472591929965e-08
ou25,cb_goals,E2,close,2022/23,4.5085472591929965e-08
ou25,cb_goals,E2,close,2023/24,4.5085472591929965e-08
ou25,cb_goals,E2,close,2024/25,4.5085472591929965e-08
ou25,cb_goals,E2,close,2025/26,4.5085472591929965e-08
ou25,cb_goals,E2,close,2026/27,4.5085472591929965e-08
ou25,cb_goals,E3,pre,2020/21,4.5085472591929965e-08
ou25,cb_goals,E3,pre,2021/22,4.5085472591929965e-08
ou25,cb_goals,E3,pre,2022/23,4.5085472591929965e-08
ou25,cb_goals,E3,pre,2023/24,4.5085472591929965e-08
ou25,cb_goals,E3,pre,2024/25,4.5085472591929965e-08
ou25,cb_goals,E3,pre,2025/26,4.5085472591929965e-08
ou25,cb_goals,E3,pre,2026/27,0.2170394502739497
ou25,cb_goals,E3,close,2020/21,4.5085472591929965e-08
ou25,cb_goals,E3,close,2021/22,4.5085472591929965e-08
ou25,cb_goals,E3,close,2022/23,4.5085472591929965e-08
ou25,cb_goals,E3,close,2023/24,4.5085472591929965e-08
ou25,cb_goals,E3,close,2024/25,4.5085472591929965e-08
ou25,cb_goals,E3,close,2025/26,4.5085472591929965e-08
ou25,cb_goals,E3,close,2026/27,4.5085472591929965e-08
ou25,cb_goals,F1,pre,2021/22,4.5085472591929965e-08
ou25,cb_goals,F1,pre,2022/23,4.5085472591929965e-08
ou25,cb_goals,F1,pre,2023/24,4.5085472591929965e-08
ou25,cb_goals,F1,pre,2024/25,4.5085472591929965e-08
ou25,cb_goals,F1,pre,2025/26,4.5085472591929965e-08
ou25,cb_goals,F1,pre,2026/27,4.5085472591929965e-08
ou25,cb_goals,F1,close,2021/22,4.5085472591929965e-08
ou25,cb_goals,F1,close,2022/23,4.5085472591929965e-08
ou25,cb_goals,F1,close,2023/24,4.5085472591929965e-08
ou25,cb_goals,F1,close,2024/25,4.5085472591929965e-08
ou25,cb_goals,F1,close,2025/26,4.5085472591929965e-08
ou25,cb_goals,F1,close,2026/27,4.5085472591929965e-08
ou25,cb_goals,F2,pre,2021/22,4.5085472591929965e-08
ou25,cb_goals,F2,pre,2022/23,4.5085472591929965e-08
ou25,cb_goals,F2,pre,2023/24,4.5085472591929965e-08
ou25,cb_goals,F2,pre,2024/25,0.04890175472907248
ou25,cb_goals,F2,pre,2025/26,4.5085472591929965e-08
ou25,cb_goals,F2,pre,2026/27,0.05987984862931071
ou25,cb_goals,F2,close,2021/22,4.5085472591929965e-08
ou25,cb_goals,F2,close,2022/23,4.5085472591929965e-08
ou25,cb_goals,F2,close,2023/24,4.5085472591929965e-08
ou25,cb_goals,F2,close,2024/25,4.5085472591929965e-08
ou25,cb_goals,F2,close,2025/26,4.5085472591929965e-08
ou25,cb_goals,F2,close,2026/27,4.5085472591929965e-08
ou25,cb_goals,G1,pre,2021/22,0.16623258191335516
ou25,cb_goals,G1,pre,2022/23,4.5085472591929965e-08
ou25,cb_goals,G1,pre,2023/24,4.5085472591929965e-08
ou25,cb_goals,G1,pre,2024/25,0.14037254982012654
ou25,cb_goals,G1,pre,2025/26,0.20387300446013776
ou25,cb_goals,G1,pre,2026/27,0.7399725084025327
ou25,cb_goals,G1,close,2021/22,0.05563637934602299
ou25,cb_goals,G1,close,2022/23,4.5085472591929965e-08
ou25,cb_goals,G1,close,2023/24,4.5085472591929965e-08
ou25,cb_goals,G1,close,2024/25,0.06623037821524026
ou25,cb_goals,G1,close,2025/26,0.11128439365765987
ou25,cb_goals,G1,close,2026/27,0.10619532080272587
ou25,cb_goals,I1,pre,2020/21,0.4691798224079384
ou25,cb_goals,I1,pre,2021/22,0.48244091878298706
ou25,cb_goals,I1,pre,2022/23,0.27120625983679236
ou25,cb_goals,I1,pre,2023/24,0.17211624894235472
ou25,cb_goals,I1,pre,2024/25,0.1674416489787843
ou25,cb_goals,I1,pre,2025/26,0.0003537165761823371
ou25,cb_goals,I1,pre,2026/27,0.1251644539781366
ou25,cb_goals,I1,close,2020/21,0.3834223362498271
ou25,cb_goals,I1,close,2021/22,0.4210115431669983
ou25,cb_goals,I1,close,2022/23,0.21202511247959357
ou25,cb_goals,I1,close,2023/24,0.1547851523961171
ou25,cb_goals,I1,close,2024/25,0.09383008825719989
ou25,cb_goals,I1,close,2025/26,4.5085472591929965e-08
ou25,cb_goals,I1,close,2026/27,0.12745765109354873
ou25,cb_goals,I2,pre,2020/21,4.5085472591929965e-08
ou25,cb_goals,I2,pre,2021/22,4.5085472591929965e-08
ou25,cb_goals,I2,pre,2022/23,4.5085472591929965e-08
ou25,cb_goals,I2,pre,2023/24,4.5085472591929965e-08
ou25,cb_goals,I2,pre,2024/25,4.5085472591929965e-08
ou25,cb_goals,I2,pre,2025/26,0.07860842605776107
ou25,cb_goals,I2,pre,2026/27,0.41589401235407425
ou25,cb_goals,I2,close,2020/21,4.5085472591929965e-08
ou25,cb_goals,I2,close,2021/22,4.5085472591929965e-08
ou25,cb_goals,I2,close,2022/23,4.5085472591929965e-08
ou25,cb_goals,I2,close,2023/24,4.5085472591929965e-08
ou25,cb_goals,I2,close,2024/25,4.5085472591929965e-08
ou25,cb_goals,I2,close,2025/26,4.5085472591929965e-08
ou25,cb_goals,I2,close,2026/27,4.5085472591929965e-08
ou25,cb_goals,N1,pre,2021/22,4.5085472591929965e-08
ou25,cb_goals,N1,pre,2022/23,0.07764865639377982
ou25,cb_goals,N1,pre,2023/24,0.13496558627370941
ou25,cb_goals,N1,pre,2024/25,0.09221173206078627
ou25,cb_goals,N1,pre,2025/26,0.07487967388823871
ou25,cb_goals,N1,pre,2026/27,0.34120273425452347
ou25,cb_goals,N1,close,2021/22,4.5085472591929965e-08
ou25,cb_goals,N1,close,2022/23,4.5085472591929965e-08
ou25,cb_goals,N1,close,2023/24,0.04597615986467438
ou25,cb_goals,N1,close,2024/25,0.004107796919776836
ou25,cb_goals,N1,close,2025/26,0.039044938732648964
ou25,cb_goals,N1,close,2026/27,4.5085472591929965e-08
ou25,cb_goals,P1,pre,2020/21,0.05701351718833883
ou25,cb_goals,P1,pre,2021/22,4.5085472591929965e-08
ou25,cb_goals,P1,pre,2022/23,4.5085472591929965e-08
ou25,cb_goals,P1,pre,2023/24,4.5085472591929965e-08
ou25,cb_goals,P1,pre,2024/25,4.5085472591929965e-08
ou25,cb_goals,P1,pre,2025/26,4.5085472591929965e-08
ou25,cb_goals,P1,pre,2026/27,0.42516483356781837
ou25,cb_goals,P1,close,2020/21,0.4555471825534659
ou25,cb_goals,P1,close,2021/22,4.5085472591929965e-08
ou25,cb_goals,P1,close,2022/23,4.5085472591929965e-08
ou25,cb_goals,P1,close,2023/24,0.056420368649490946
ou25,cb_goals,P1,close,2024/25,4.5085472591929965e-08
ou25,cb_goals,P1,close,2025/26,4.5085472591929965e-08
ou25,cb_goals,P1,close,2026/27,4.5085472591929965e-08
ou25,cb_goals,SC0,pre,2021/22,0.62055188466804
ou25,cb_goals,SC0,pre,2022/23,0.33055026089852807
ou25,cb_goals,SC0,pre,2023/24,0.10221340775999165
ou25,cb_goals,SC0,pre,2024/25,4.5085472591929965e-08
ou25,cb_goals,SC0,pre,2025/26,0.12186202577074087
ou25,cb_goals,SC0,pre,2026/27,0.4535804410668586
ou25,cb_goals,SC0,close,2021/22,4.5085472591929965e-08
ou25,cb_goals,SC0,close,2022/23,0.04644222468613399
ou25,cb_goals,SC0,close,2023/24,4.5085472591929965e-08
ou25,cb_goals,SC0,close,2024/25,4.5085472591929965e-08
ou25,cb_goals,SC0,close,2025/26,0.0915894002243648
ou25,cb_goals,SC0,close,2026/27,0.06779349755679583
ou25,cb_goals,SP1,pre,2020/21,4.5085472591929965e-08
ou25,cb_goals,SP1,pre,2021/22,4.5085472591929965e-08
ou25,cb_goals,SP1,pre,2022/23,0.06443335444863237
ou25,cb_goals,SP1,pre,2023/24,4.5085472591929965e-08
ou25,cb_goals,SP1,pre,2024/25,4.5085472591929965e-08
ou25,cb_goals,SP1,pre,2025/26,4.5085472591929965e-08
ou25,cb_goals,SP1,pre,2026/27,4.5085472591929965e-08
ou25,cb_goals,SP1,close,2020/21,4.5085472591929965e-08
ou25,cb_goals,SP1,close,2021/22,0.06782260183392114
ou25,cb_goals,SP1,close,2022/23,0.13142546763588212
ou25,cb_goals,SP1,close,2023/24,0.008581638120870282
ou25,cb_goals,SP1,close,2024/25,4.5085472591929965e-08
ou25,cb_goals,SP1,close,2025/26,4.5085472591929965e-08
ou25,cb_goals,SP1,close,2026/27,4.5085472591929965e-08
ou25,cb_goals,SP2,pre,2020/21,4.5085472591929965e-08
ou25,cb_goals,SP2,pre,2021/22,4.5085472591929965e-08
ou25,cb_goals,SP2,pre,2022/23,4.5085472591929965e-08
ou25,cb_goals,SP2,pre,2023/24,4.5085472591929965e-08
ou25,cb_goals,SP2,pre,2024/25,4.5085472591929965e-08
ou25,cb_goals,SP2,pre,2025/26,4.5085472591929965e-08
ou25,cb_goals,SP2,pre,2026/27,0.4200057150173859
ou25,cb_goals,SP2,close,2020/21,4.5085472591929965e-08
ou25,cb_goals,SP2,close,2021/22,4.5085472591929965e-08
ou25,cb_goals,SP2,close,2022/23,4.5085472591929965e-08
ou25,cb_goals,SP2,close,2023/24,4.5085472591929965e-08
ou25,cb_goals,SP2,close,2024/25,4.5085472591929965e-08
ou25,cb_goals,SP2,close,2025/26,4.5085472591929965e-08
ou25,cb_goals,SP2,close,2026/27,4.5085472591929965e-08
ou25,cb_goals,T1,pre,2020/21,4.5085472591929965e-08
ou25,cb_goals,T1,pre,2021/22,4.5085472591929965e-08
ou25,cb_goals,T1,pre,2022/23,4.5085472591929965e-08
ou25,cb_goals,T1,pre,2023/24,4.5085472591929965e-08
ou25,cb_goals,T1,pre,2024/25,4.5085472591929965e-08
ou25,cb_goals,T1,pre,2025/26,4.5085472591929965e-08
ou25,cb_goals,T1,pre,2026/27,0.05340209064237731
ou25,cb_goals,T1,close,2020/21,4.5085472591929965e-08
ou25,cb_goals,T1,close,2021/22,4.5085472591929965e-08
ou25,cb_goals,T1,close,2022/23,4.5085472591929965e-08
ou25,cb_goals,T1,close,2023/24,4.5085472591929965e-08
ou25,cb_goals,T1,close,2024/25,4.5085472591929965e-08
ou25,cb_goals,T1,close,2025/26,4.5085472591929965e-08
ou25,cb_goals,T1,close,2026/27,4.5085472591929965e-08
ou25,cb_xg,B1,pre,2021/22,4.5085472591929965e-08
ou25,cb_xg,B1,pre,2022/23,4.5085472591929965e-08
ou25,cb_xg,B1,pre,2023/24,4.5085472591929965e-08
ou25,cb_xg,B1,pre,2024/25,0.10804195134516818
ou25,cb_xg,B1,pre,2025/26,0.03313293153918737
ou25,cb_xg,B1,pre,2026/27,0.4477346895423399
ou25,cb_xg,B1,close,2021/22,4.5085472591929965e-08
ou25,cb_xg,B1,close,2022/23,4.5085472591929965e-08
ou25,cb_xg,B1,close,2023/24,4.5085472591929965e-08
ou25,cb_xg,B1,close,2024/25,4.5085472591929965e-08
ou25,cb_xg,B1,close,2025/26,4.5085472591929965e-08
ou25,cb_xg,B1,close,2026/27,4.5085472591929965e-08
ou25,cb_xg,D1,pre,2020/21,0.4729224214766158
ou25,cb_xg,D1,pre,2021/22,4.5085472591929965e-08
ou25,cb_xg,D1,pre,2022/23,4.5085472591929965e-08
ou25,cb_xg,D1,pre,2023/24,0.017373724744206617
ou25,cb_xg,D1,pre,2024/25,4.5085472591929965e-08
ou25,cb_xg,D1,pre,2025/26,4.5085472591929965e-08
ou25,cb_xg,D1,pre,2026/27,4.5085472591929965e-08
ou25,cb_xg,D1,close,2020/21,0.2991748195426156
ou25,cb_xg,D1,close,2021/22,4.5085472591929965e-08
ou25,cb_xg,D1,close,2022/23,4.5085472591929965e-08
ou25,cb_xg,D1,close,2023/24,4.5085472591929965e-08
ou25,cb_xg,D1,close,2024/25,4.5085472591929965e-08
ou25,cb_xg,D1,close,2025/26,4.5085472591929965e-08
ou25,cb_xg,D1,close,2026/27,4.5085472591929965e-08
ou25,cb_xg,D2,pre,2020/21,0.07302423311432277
ou25,cb_xg,D2,pre,2021/22,4.5085472591929965e-08
ou25,cb_xg,D2,pre,2022/23,4.5085472591929965e-08
ou25,cb_xg,D2,pre,2023/24,4.5085472591929965e-08
ou25,cb_xg,D2,pre,2024/25,4.5085472591929965e-08
ou25,cb_xg,D2,pre,2025/26,4.5085472591929965e-08
ou25,cb_xg,D2,pre,2026/27,0.12923319506967365
ou25,cb_xg,D2,close,2020/21,4.5085472591929965e-08
ou25,cb_xg,D2,close,2021/22,4.5085472591929965e-08
ou25,cb_xg,D2,close,2022/23,4.5085472591929965e-08
ou25,cb_xg,D2,close,2023/24,4.5085472591929965e-08
ou25,cb_xg,D2,close,2024/25,4.5085472591929965e-08
ou25,cb_xg,D2,close,2025/26,4.5085472591929965e-08
ou25,cb_xg,D2,close,2026/27,4.5085472591929965e-08
ou25,cb_xg,E0,pre,2020/21,4.5085472591929965e-08
ou25,cb_xg,E0,pre,2021/22,4.5085472591929965e-08
ou25,cb_xg,E0,pre,2022/23,4.5085472591929965e-08
ou25,cb_xg,E0,pre,2023/24,4.5085472591929965e-08
ou25,cb_xg,E0,pre,2024/25,4.5085472591929965e-08
ou25,cb_xg,E0,pre,2025/26,4.5085472591929965e-08
ou25,cb_xg,E0,pre,2026/27,4.5085472591929965e-08
ou25,cb_xg,E0,close,2020/21,4.5085472591929965e-08
ou25,cb_xg,E0,close,2021/22,4.5085472591929965e-08
ou25,cb_xg,E0,close,2022/23,0.029476654914969733
ou25,cb_xg,E0,close,2023/24,0.056233229403043816
ou25,cb_xg,E0,close,2024/25,0.001272347472157049
ou25,cb_xg,E0,close,2025/26,4.5085472591929965e-08
ou25,cb_xg,E0,close,2026/27,4.5085472591929965e-08
ou25,cb_xg,E1,pre,2020/21,0.32910362815510624
ou25,cb_xg,E1,pre,2021/22,4.5085472591929965e-08
ou25,cb_xg,E1,pre,2022/23,4.5085472591929965e-08
ou25,cb_xg,E1,pre,2023/24,4.5085472591929965e-08
ou25,cb_xg,E1,pre,2024/25,4.5085472591929965e-08
ou25,cb_xg,E1,pre,2025/26,4.5085472591929965e-08
ou25,cb_xg,E1,pre,2026/27,4.5085472591929965e-08
ou25,cb_xg,E1,close,2020/21,0.28628627992019384
ou25,cb_xg,E1,close,2021/22,0.15210169308271287
ou25,cb_xg,E1,close,2022/23,4.5085472591929965e-08
ou25,cb_xg,E1,close,2023/24,0.047134820582804444
ou25,cb_xg,E1,close,2024/25,4.5085472591929965e-08
ou25,cb_xg,E1,close,2025/26,4.5085472591929965e-08
ou25,cb_xg,E1,close,2026/27,4.5085472591929965e-08
ou25,cb_xg,E2,pre,2020/21,4.5085472591929965e-08
ou25,cb_xg,E2,pre,2021/22,4.5085472591929965e-08
ou25,cb_xg,E2,pre,2022/23,4.5085472591929965e-08
ou25,cb_xg,E2,pre,2023/24,4.5085472591929965e-08
ou25,cb_xg,E2,pre,2024/25,4.5085472591929965e-08
ou25,cb_xg,E2,pre,2025/26,4.5085472591929965e-08
ou25,cb_xg,E2,pre,2026/27,4.5085472591929965e-08
ou25,cb_xg,E2,close,2020/21,4.5085472591929965e-08
ou25,cb_xg,E2,close,2021/22,4.5085472591929965e-08
ou25,cb_xg,E2,close,2022/23,4.5085472591929965e-08
ou25,cb_xg,E2,close,2023/24,4.5085472591929965e-08
ou25,cb_xg,E2,close,2024/25,4.5085472591929965e-08
ou25,cb_xg,E2,close,2025/26,4.5085472591929965e-08
ou25,cb_xg,E2,close,2026/27,4.5085472591929965e-08
ou25,cb_xg,E3,pre,2020/21,0.4006883923034552
ou25,cb_xg,E3,pre,2021/22,4.5085472591929965e-08
ou25,cb_xg,E3,pre,2022/23,4.5085472591929965e-08
ou25,cb_xg,E3,pre,2023/24,4.5085472591929965e-08
ou25,cb_xg,E3,pre,2024/25,4.5085472591929965e-08
ou25,cb_xg,E3,pre,2025/26,4.5085472591929965e-08
ou25,cb_xg,E3,pre,2026/27,0.41909473358443994
ou25,cb_xg,E3,close,2020/21,4.5085472591929965e-08
ou25,cb_xg,E3,close,2021/22,4.5085472591929965e-08
ou25,cb_xg,E3,close,2022/23,4.5085472591929965e-08
ou25,cb_xg,E3,close,2023/24,4.5085472591929965e-08
ou25,cb_xg,E3,close,2024/25,4.5085472591929965e-08
ou25,cb_xg,E3,close,2025/26,4.5085472591929965e-08
ou25,cb_xg,E3,close,2026/27,4.5085472591929965e-08
ou25,cb_xg,F1,pre,2021/22,0.02156873309903731
ou25,cb_xg,F1,pre,2022/23,4.5085472591929965e-08
ou25,cb_xg,F1,pre,2023/24,4.5085472591929965e-08
ou25,cb_xg,F1,pre,2024/25,4.5085472591929965e-08
ou25,cb_xg,F1,pre,2025/26,0.007865515085847118
ou25,cb_xg,F1,pre,2026/27,4.5085472591929965e-08
ou25,cb_xg,F1,close,2021/22,4.5085472591929965e-08
ou25,cb_xg,F1,close,2022/23,4.5085472591929965e-08
ou25,cb_xg,F1,close,2023/24,4.5085472591929965e-08
ou25,cb_xg,F1,close,2024/25,4.5085472591929965e-08
ou25,cb_xg,F1,close,2025/26,4.5085472591929965e-08
ou25,cb_xg,F1,close,2026/27,4.5085472591929965e-08
ou25,cb_xg,F2,pre,2021/22,0.16517197671437978
ou25,cb_xg,F2,pre,2022/23,4.5085472591929965e-08
ou25,cb_xg,F2,pre,2023/24,4.5085472591929965e-08
ou25,cb_xg,F2,pre,2024/25,0.04414697507146234
ou25,cb_xg,F2,pre,2025/26,4.5085472591929965e-08
ou25,cb_xg,F2,pre,2026/27,0.07370095493051879
ou25,cb_xg,F2,close,2021/22,4.5085472591929965e-08
ou25,cb_xg,F2,close,2022/23,4.5085472591929965e-08
ou25,cb_xg,F2,close,2023/24,4.5085472591929965e-08
ou25,cb_xg,F2,close,2024/25,4.5085472591929965e-08
ou25,cb_xg,F2,close,2025/26,4.5085472591929965e-08
ou25,cb_xg,F2,close,2026/27,4.5085472591929965e-08
ou25,cb_xg,G1,pre,2021/22,0.047094192491698196
ou25,cb_xg,G1,pre,2022/23,4.5085472591929965e-08
ou25,cb_xg,G1,pre,2023/24,4.5085472591929965e-08
ou25,cb_xg,G1,pre,2024/25,0.22273113300782096
ou25,cb_xg,G1,pre,2025/26,0.22043262107872277
ou25,cb_xg,G1,pre,2026/27,0.7412613646657105
ou25,cb_xg,G1,close,2021/22,4.5085472591929965e-08
ou25,cb_xg,G1,close,2022/23,4.5085472591929965e-08
ou25,cb_xg,G1,close,2023/24,4.5085472591929965e-08
ou25,cb_xg,G1,close,2024/25,0.11933261094076617
ou25,cb_xg,G1,close,2025/26,0.11026002830769582
ou25,cb_xg,G1,close,2026/27,0.042945463551479976
ou25,cb_xg,I1,pre,2020/21,0.7895969927195686
ou25,cb_xg,I1,pre,2021/22,0.3830771365958953
ou25,cb_xg,I1,pre,2022/23,0.038860254510063134
ou25,cb_xg,I1,pre,2023/24,4.5085472591929965e-08
ou25,cb_xg,I1,pre,2024/25,4.5085472591929965e-08
ou25,cb_xg,I1,pre,2025/26,4.5085472591929965e-08
ou25,cb_xg,I1,pre,2026/27,4.5085472591929965e-08
ou25,cb_xg,I1,close,2020/21,0.6002262346689026
ou25,cb_xg,I1,close,2021/22,0.3502106915861469
ou25,cb_xg,I1,close,2022/23,0.0536299862432426
ou25,cb_xg,I1,close,2023/24,4.5085472591929965e-08
ou25,cb_xg,I1,close,2024/25,4.5085472591929965e-08
ou25,cb_xg,I1,close,2025/26,4.5085472591929965e-08
ou25,cb_xg,I1,close,2026/27,0.006277341898900176
ou25,cb_xg,I2,pre,2020/21,4.5085472591929965e-08
ou25,cb_xg,I2,pre,2021/22,4.5085472591929965e-08
ou25,cb_xg,I2,pre,2022/23,4.5085472591929965e-08
ou25,cb_xg,I2,pre,2023/24,4.5085472591929965e-08
ou25,cb_xg,I2,pre,2024/25,4.5085472591929965e-08
ou25,cb_xg,I2,pre,2025/26,4.5085472591929965e-08
ou25,cb_xg,I2,pre,2026/27,0.4038201287413227
ou25,cb_xg,I2,close,2020/21,4.5085472591929965e-08
ou25,cb_xg,I2,close,2021/22,4.5085472591929965e-08
ou25,cb_xg,I2,close,2022/23,4.5085472591929965e-08
ou25,cb_xg,I2,close,2023/24,4.5085472591929965e-08
ou25,cb_xg,I2,close,2024/25,4.5085472591929965e-08
ou25,cb_xg,I2,close,2025/26,4.5085472591929965e-08
ou25,cb_xg,I2,close,2026/27,4.5085472591929965e-08
ou25,cb_xg,N1,pre,2021/22,0.24161757831945585
ou25,cb_xg,N1,pre,2022/23,0.24925867693427764
ou25,cb_xg,N1,pre,2023/24,0.24528620310914448
ou25,cb_xg,N1,pre,2024/25,0.1978322010620942
ou25,cb_xg,N1,pre,2025/26,0.14087620265600764
ou25,cb_xg,N1,pre,2026/27,0.37342901384408367
ou25,cb_xg,N1,close,2021/22,0.15767146535199122
ou25,cb_xg,N1,close,2022/23,0.11025136686098146
ou25,cb_xg,N1,close,2023/24,0.12402736212959484
ou25,cb_xg,N1,close,2024/25,0.07467895578918789
ou25,cb_xg,N1,close,2025/26,0.07917615859944042
ou25,cb_xg,N1,close,2026/27,4.5085472591929965e-08
ou25,cb_xg,P1,pre,2020/21,0.019190829472067444
ou25,cb_xg,P1,pre,2021/22,0.08094354013587292
ou25,cb_xg,P1,pre,2022/23,4.5085472591929965e-08
ou25,cb_xg,P1,pre,2023/24,0.11651184214613136
ou25,cb_xg,P1,pre,2024/25,0.0806987569320399
ou25,cb_xg,P1,pre,2025/26,4.5085472591929965e-08
ou25,cb_xg,P1,pre,2026/27,0.5626575976537607
ou25,cb_xg,P1,close,2020/21,0.44906126802410035
ou25,cb_xg,P1,close,2021/22,4.5085472591929965e-08
ou25,cb_xg,P1,close,2022/23,4.5085472591929965e-08
ou25,cb_xg,P1,close,2023/24,0.1436292813320293
ou25,cb_xg,P1,close,2024/25,4.5085472591929965e-08
ou25,cb_xg,P1,close,2025/26,4.5085472591929965e-08
ou25,cb_xg,P1,close,2026/27,4.5085472591929965e-08
ou25,cb_xg,SC0,pre,2021/22,0.5028022420923515
ou25,cb_xg,SC0,pre,2022/23,0.13795238767048884
ou25,cb_xg,SC0,pre,2023/24,0.00542243697606253
ou25,cb_xg,SC0,pre,2024/25,4.5085472591929965e-08
ou25,cb_xg,SC0,pre,2025/26,4.5085472591929965e-08
ou25,cb_xg,SC0,pre,2026/27,0.4629697597088114
ou25,cb_xg,SC0,close,2021/22,4.5085472591929965e-08
ou25,cb_xg,SC0,close,2022/23,4.5085472591929965e-08
ou25,cb_xg,SC0,close,2023/24,4.5085472591929965e-08
ou25,cb_xg,SC0,close,2024/25,4.5085472591929965e-08
ou25,cb_xg,SC0,close,2025/26,4.5085472591929965e-08
ou25,cb_xg,SC0,close,2026/27,4.5085472591929965e-08
ou25,cb_xg,SP1,pre,2020/21,4.5085472591929965e-08
ou25,cb_xg,SP1,pre,2021/22,4.5085472591929965e-08
ou25,cb_xg,SP1,pre,2022/23,0.0366263035565997
ou25,cb_xg,SP1,pre,2023/24,4.5085472591929965e-08
ou25,cb_xg,SP1,pre,2024/25,4.5085472591929965e-08
ou25,cb_xg,SP1,pre,2025/26,4.5085472591929965e-08
ou25,cb_xg,SP1,pre,2026/27,4.5085472591929965e-08
ou25,cb_xg,SP1,close,2020/21,4.5085472591929965e-08
ou25,cb_xg,SP1,close,2021/22,0.05107118225634833
ou25,cb_xg,SP1,close,2022/23,0.11086237234086402
ou25,cb_xg,SP1,close,2023/24,0.0075441432182826495
ou25,cb_xg,SP1,close,2024/25,4.5085472591929965e-08
ou25,cb_xg,SP1,close,2025/26,4.5085472591929965e-08
ou25,cb_xg,SP1,close,2026/27,4.5085472591929965e-08
ou25,cb_xg,SP2,pre,2020/21,4.5085472591929965e-08
ou25,cb_xg,SP2,pre,2021/22,4.5085472591929965e-08
ou25,cb_xg,SP2,pre,2022/23,4.5085472591929965e-08
ou25,cb_xg,SP2,pre,2023/24,4.5085472591929965e-08
ou25,cb_xg,SP2,pre,2024/25,4.5085472591929965e-08
ou25,cb_xg,SP2,pre,2025/26,4.5085472591929965e-08
ou25,cb_xg,SP2,pre,2026/27,0.3994116662469468
ou25,cb_xg,SP2,close,2020/21,4.5085472591929965e-08
ou25,cb_xg,SP2,close,2021/22,4.5085472591929965e-08
ou25,cb_xg,SP2,close,2022/23,4.5085472591929965e-08
ou25,cb_xg,SP2,close,2023/24,4.5085472591929965e-08
ou25,cb_xg,SP2,close,2024/25,4.5085472591929965e-08
ou25,cb_xg,SP2,close,2025/26,4.5085472591929965e-08
ou25,cb_xg,SP2,close,2026/27,4.5085472591929965e-08
ou25,cb_xg,T1,pre,2020/21,4.5085472591929965e-08
ou25,cb_xg,T1,pre,2021/22,4.5085472591929965e-08
ou25,cb_xg,T1,pre,2022/23,4.5085472591929965e-08
ou25,cb_xg,T1,pre,2023/24,4.5085472591929965e-08
ou25,cb_xg,T1,pre,2024/25,0.0008477423456083471
ou25,cb_xg,T1,pre,2025/26,4.5085472591929965e-08
ou25,cb_xg,T1,pre,2026/27,0.36987248165534786
ou25,cb_xg,T1,close,2020/21,4.5085472591929965e-08
ou25,cb_xg,T1,close,2021/22,4.5085472591929965e-08
ou25,cb_xg,T1,close,2022/23,4.5085472591929965e-08
ou25,cb_xg,T1,close,2023/24,4.5085472591929965e-08
ou25,cb_xg,T1,close,2024/25,4.5085472591929965e-08
ou25,cb_xg,T1,close,2025/26,4.5085472591929965e-08
ou25,cb_xg,T1,close,2026/27,4.5085472591929965e-08
ou25,lgbd_xg,B1,pre,2021/22,0.9999999215811929
ou25,lgbd_xg,B1,pre,2022/23,0.9999999215811929
ou25,lgbd_xg,B1,pre,2023/24,0.9999999215811929
ou25,lgbd_xg,B1,pre,2024/25,0.9999999215811929
ou25,lgbd_xg,B1,pre,2025/26,4.5085472591929965e-08
ou25,lgbd_xg,B1,pre,2026/27,4.5085472591929965e-08
ou25,lgbd_xg,B1,close,2021/22,0.07368110826886445
ou25,lgbd_xg,B1,close,2022/23,4.5085472591929965e-08
ou25,lgbd_xg,B1,close,2023/24,4.5085472591929965e-08
ou25,lgbd_xg,B1,close,2024/25,4.5085472591929965e-08
ou25,lgbd_xg,B1,close,2025/26,4.5085472591929965e-08
ou25,lgbd_xg,B1,close,2026/27,0.055170579963455986
ou25,lgbd_xg,D1,pre,2020/21,0.9999999215811929
ou25,lgbd_xg,D1,pre,2021/22,0.9999999215811929
ou25,lgbd_xg,D1,pre,2022/23,0.9999999215811929
ou25,lgbd_xg,D1,pre,2023/24,0.9999999215811929
ou25,lgbd_xg,D1,pre,2024/25,0.9999999215811929
ou25,lgbd_xg,D1,pre,2025/26,0.6028478804568272
ou25,lgbd_xg,D1,pre,2026/27,0.43954045531339614
ou25,lgbd_xg,D1,close,2020/21,4.5085472591929965e-08
ou25,lgbd_xg,D1,close,2021/22,0.21037127022173488
ou25,lgbd_xg,D1,close,2022/23,4.5085472591929965e-08
ou25,lgbd_xg,D1,close,2023/24,4.5085472591929965e-08
ou25,lgbd_xg,D1,close,2024/25,4.5085472591929965e-08
ou25,lgbd_xg,D1,close,2025/26,4.5085472591929965e-08
ou25,lgbd_xg,D1,close,2026/27,4.5085472591929965e-08
ou25,lgbd_xg,D2,pre,2020/21,0.9999999215811929
ou25,lgbd_xg,D2,pre,2021/22,0.9999999215811929
ou25,lgbd_xg,D2,pre,2022/23,0.9999999215811929
ou25,lgbd_xg,D2,pre,2023/24,0.9999999215811929
ou25,lgbd_xg,D2,pre,2024/25,0.9999999215811929
ou25,lgbd_xg,D2,pre,2025/26,0.9722839237507085
ou25,lgbd_xg,D2,pre,2026/27,0.952269112419298
ou25,lgbd_xg,D2,close,2020/21,4.5085472591929965e-08
ou25,lgbd_xg,D2,close,2021/22,0.5751121001896187
ou25,lgbd_xg,D2,close,2022/23,4.5085472591929965e-08
ou25,lgbd_xg,D2,close,2023/24,4.5085472591929965e-08
ou25,lgbd_xg,D2,close,2024/25,4.5085472591929965e-08
ou25,lgbd_xg,D2,close,2025/26,0.2403787203912386
ou25,lgbd_xg,D2,close,2026/27,0.41890570222683043
ou25,lgbd_xg,E0,pre,2020/21,4.5085472591929965e-08
ou25,lgbd_xg,E0,pre,2021/22,0.8348726644533024
ou25,lgbd_xg,E0,pre,2022/23,0.7648492866862394
ou25,lgbd_xg,E0,pre,2023/24,0.44019972643896144
ou25,lgbd_xg,E0,pre,2024/25,0.012814418582522776
ou25,lgbd_xg,E0,pre,2025/26,4.5085472591929965e-08
ou25,lgbd_xg,E0,pre,2026/27,4.5085472591929965e-08
ou25,lgbd_xg,E0,close,2020/21,0.4865164575949682
ou25,lgbd_xg,E0,close,2021/22,0.03717061411035308
ou25,lgbd_xg,E0,close,2022/23,0.617836435703172
ou25,lgbd_xg,E0,close,2023/24,0.5982788412655341
ou25,lgbd_xg,E0,close,2024/25,0.42837738012573984
ou25,lgbd_xg,E0,close,2025/26,0.08707958451038857
ou25,lgbd_xg,E0,close,2026/27,0.019690848321082043
ou25,lgbd_xg,E1,pre,2020/21,4.5085472591929965e-08
ou25,lgbd_xg,E1,pre,2021/22,4.5085472591929965e-08
ou25,lgbd_xg,E1,pre,2022/23,4.5085472591929965e-08
ou25,lgbd_xg,E1,pre,2023/24,4.5085472591929965e-08
ou25,lgbd_xg,E1,pre,2024/25,4.5085472591929965e-08
ou25,lgbd_xg,E1,pre,2025/26,0.8158818728875887
ou25,lgbd_xg,E1,pre,2026/27,0.721192721987899
ou25,lgbd_xg,E1,close,2020/21,0.03857519787365084
ou25,lgbd_xg,E1,close,2021/22,0.5840371468175507
ou25,lgbd_xg,E1,close,2022/23,0.35173028206168655
ou25,lgbd_xg,E1,close,2023/24,0.2581637781366168
ou25,lgbd_xg,E1,close,2024/25,4.5085472591929965e-08
ou25,lgbd_xg,E1,close,2025/26,0.21629109352108697
ou25,lgbd_xg,E1,close,2026/27,0.3253923169239294
ou25,lgbd_xg,E2,pre,2020/21,4.5085472591929965e-08
ou25,lgbd_xg,E2,pre,2021/22,4.5085472591929965e-08
ou25,lgbd_xg,E2,pre,2022/23,4.5085472591929965e-08
ou25,lgbd_xg,E2,pre,2023/24,4.5085472591929965e-08
ou25,lgbd_xg,E2,pre,2024/25,4.5085472591929965e-08
ou25,lgbd_xg,E2,pre,2025/26,0.32937597988241074
ou25,lgbd_xg,E2,pre,2026/27,0.32890568451060215
ou25,lgbd_xg,E2,close,2020/21,0.35256698731490205
ou25,lgbd_xg,E2,close,2021/22,0.32727668939895976
ou25,lgbd_xg,E2,close,2022/23,0.2886758636097506
ou25,lgbd_xg,E2,close,2023/24,0.36793507942061887
ou25,lgbd_xg,E2,close,2024/25,0.36305153512939914
ou25,lgbd_xg,E2,close,2025/26,0.2926509340747516
ou25,lgbd_xg,E2,close,2026/27,0.30970089601800754
ou25,lgbd_xg,E3,pre,2020/21,0.9999999215811929
ou25,lgbd_xg,E3,pre,2021/22,0.9999999215811929
ou25,lgbd_xg,E3,pre,2022/23,0.9999999215811929
ou25,lgbd_xg,E3,pre,2023/24,0.9999999215811929
ou25,lgbd_xg,E3,pre,2024/25,4.5085472591929965e-08
ou25,lgbd_xg,E3,pre,2025/26,0.9999999215811929
ou25,lgbd_xg,E3,pre,2026/27,0.9999999215811929
ou25,lgbd_xg,E3,close,2020/21,4.5085472591929965e-08
ou25,lgbd_xg,E3,close,2021/22,4.5085472591929965e-08
ou25,lgbd_xg,E3,close,2022/23,4.5085472591929965e-08
ou25,lgbd_xg,E3,close,2023/24,4.5085472591929965e-08
ou25,lgbd_xg,E3,close,2024/25,4.5085472591929965e-08
ou25,lgbd_xg,E3,close,2025/26,4.5085472591929965e-08
ou25,lgbd_xg,E3,close,2026/27,4.5085472591929965e-08
ou25,lgbd_xg,F1,pre,2021/22,0.889093255527418
ou25,lgbd_xg,F1,pre,2022/23,0.8920447552333624
ou25,lgbd_xg,F1,pre,2023/24,4.5085472591929965e-08
ou25,lgbd_xg,F1,pre,2024/25,4.5085472591929965e-08
ou25,lgbd_xg,F1,pre,2025/26,0.2790522855685294
ou25,lgbd_xg,F1,pre,2026/27,0.41366594210311863
ou25,lgbd_xg,F1,close,2021/22,4.5085472591929965e-08
ou25,lgbd_xg,F1,close,2022/23,4.5085472591929965e-08
ou25,lgbd_xg,F1,close,2023/24,4.5085472591929965e-08
ou25,lgbd_xg,F1,close,2024/25,4.5085472591929965e-08
ou25,lgbd_xg,F1,close,2025/26,4.5085472591929965e-08
ou25,lgbd_xg,F1,close,2026/27,4.5085472591929965e-08
ou25,lgbd_xg,F2,pre,2021/22,0.9999999215811929
ou25,lgbd_xg,F2,pre,2022/23,0.9999999215811929
ou25,lgbd_xg,F2,pre,2023/24,0.9999999215811929
ou25,lgbd_xg,F2,pre,2024/25,0.9999999215811929
ou25,lgbd_xg,F2,pre,2025/26,0.846679527860489
ou25,lgbd_xg,F2,pre,2026/27,0.5918114517024163
ou25,lgbd_xg,F2,close,2021/22,4.5085472591929965e-08
ou25,lgbd_xg,F2,close,2022/23,4.5085472591929965e-08
ou25,lgbd_xg,F2,close,2023/24,4.5085472591929965e-08
ou25,lgbd_xg,F2,close,2024/25,4.5085472591929965e-08
ou25,lgbd_xg,F2,close,2025/26,4.5085472591929965e-08
ou25,lgbd_xg,F2,close,2026/27,4.5085472591929965e-08
ou25,lgbd_xg,G1,pre,2021/22,0.9999999215811929
ou25,lgbd_xg,G1,pre,2022/23,0.9999999215811929
ou25,lgbd_xg,G1,pre,2023/24,0.9999999215811929
ou25,lgbd_xg,G1,pre,2024/25,0.9999999215811929
ou25,lgbd_xg,G1,pre,2025/26,0.8222446950555888
ou25,lgbd_xg,G1,pre,2026/27,0.3217253105068646
ou25,lgbd_xg,G1,close,2021/22,0.08108500764900588
ou25,lgbd_xg,G1,close,2022/23,0.1837504789057792
ou25,lgbd_xg,G1,close,2023/24,0.10135172064328792
ou25,lgbd_xg,G1,close,2024/25,0.06991785727500768
ou25,lgbd_xg,G1,close,2025/26,0.1175085717948624
ou25,lgbd_xg,G1,close,2026/27,4.5085472591929965e-08
ou25,lgbd_xg,I1,pre,2020/21,0.9999999215811929
ou25,lgbd_xg,I1,pre,2021/22,4.5085472591929965e-08
ou25,lgbd_xg,I1,pre,2022/23,4.5085472591929965e-08
ou25,lgbd_xg,I1,pre,2023/24,4.5085472591929965e-08
ou25,lgbd_xg,I1,pre,2024/25,4.5085472591929965e-08
ou25,lgbd_xg,I1,pre,2025/26,0.8012294952407275
ou25,lgbd_xg,I1,pre,2026/27,0.8172661676844832
ou25,lgbd_xg,I1,close,2020/21,0.23463526367393417
ou25,lgbd_xg,I1,close,2021/22,0.22672072088003417
ou25,lgbd_xg,I1,close,2022/23,0.12448216796909506
ou25,lgbd_xg,I1,close,2023/24,0.13628302135763776
ou25,lgbd_xg,I1,close,2024/25,4.5085472591929965e-08
ou25,lgbd_xg,I1,close,2025/26,0.14541021948626018
ou25,lgbd_xg,I1,close,2026/27,0.2714776761247648
ou25,lgbd_xg,I2,pre,2020/21,4.5085472591929965e-08
ou25,lgbd_xg,I2,pre,2021/22,4.5085472591929965e-08
ou25,lgbd_xg,I2,pre,2022/23,4.5085472591929965e-08
ou25,lgbd_xg,I2,pre,2023/24,4.5085472591929965e-08
ou25,lgbd_xg,I2,pre,2024/25,0.37205024174458146
ou25,lgbd_xg,I2,pre,2025/26,0.5190818403618511
ou25,lgbd_xg,I2,pre,2026/27,0.3941224467744309
ou25,lgbd_xg,I2,close,2020/21,4.5085472591929965e-08
ou25,lgbd_xg,I2,close,2021/22,4.5085472591929965e-08
ou25,lgbd_xg,I2,close,2022/23,4.5085472591929965e-08
ou25,lgbd_xg,I2,close,2023/24,4.5085472591929965e-08
ou25,lgbd_xg,I2,close,2024/25,4.5085472591929965e-08
ou25,lgbd_xg,I2,close,2025/26,4.5085472591929965e-08
ou25,lgbd_xg,I2,close,2026/27,0.010267408901219995
ou25,lgbd_xg,N1,pre,2021/22,4.5085472591929965e-08
ou25,lgbd_xg,N1,pre,2022/23,4.5085472591929965e-08
ou25,lgbd_xg,N1,pre,2023/24,4.5085472591929965e-08
ou25,lgbd_xg,N1,pre,2024/25,0.49948810352056483
ou25,lgbd_xg,N1,pre,2025/26,0.28742155867401714
ou25,lgbd_xg,N1,pre,2026/27,0.08534061526309794
ou25,lgbd_xg,N1,close,2021/22,4.5085472591929965e-08
ou25,lgbd_xg,N1,close,2022/23,4.5085472591929965e-08
ou25,lgbd_xg,N1,close,2023/24,4.5085472591929965e-08
ou25,lgbd_xg,N1,close,2024/25,4.5085472591929965e-08
ou25,lgbd_xg,N1,close,2025/26,4.5085472591929965e-08
ou25,lgbd_xg,N1,close,2026/27,4.5085472591929965e-08
ou25,lgbd_xg,P1,pre,2020/21,4.5085472591929965e-08
ou25,lgbd_xg,P1,pre,2021/22,4.5085472591929965e-08
ou25,lgbd_xg,P1,pre,2022/23,4.5085472591929965e-08
ou25,lgbd_xg,P1,pre,2023/24,4.5085472591929965e-08
ou25,lgbd_xg,P1,pre,2024/25,0.2592930617098298
ou25,lgbd_xg,P1,pre,2025/26,0.1931426380073447
ou25,lgbd_xg,P1,pre,2026/27,0.28399500760966023
ou25,lgbd_xg,P1,close,2020/21,0.9999999215811929
ou25,lgbd_xg,P1,close,2021/22,4.5085472591929965e-08
ou25,lgbd_xg,P1,close,2022/23,4.5085472591929965e-08
ou25,lgbd_xg,P1,close,2023/24,0.20665817895810654
ou25,lgbd_xg,P1,close,2024/25,4.5085472591929965e-08
ou25,lgbd_xg,P1,close,2025/26,4.5085472591929965e-08
ou25,lgbd_xg,P1,close,2026/27,4.5085472591929965e-08
ou25,lgbd_xg,SC0,pre,2021/22,4.5085472591929965e-08
ou25,lgbd_xg,SC0,pre,2022/23,4.5085472591929965e-08
ou25,lgbd_xg,SC0,pre,2023/24,4.5085472591929965e-08
ou25,lgbd_xg,SC0,pre,2024/25,4.5085472591929965e-08
ou25,lgbd_xg,SC0,pre,2025/26,0.9999999215811929
ou25,lgbd_xg,SC0,pre,2026/27,0.9635459631203965
ou25,lgbd_xg,SC0,close,2021/22,4.5085472591929965e-08
ou25,lgbd_xg,SC0,close,2022/23,4.5085472591929965e-08
ou25,lgbd_xg,SC0,close,2023/24,4.5085472591929965e-08
ou25,lgbd_xg,SC0,close,2024/25,4.5085472591929965e-08
ou25,lgbd_xg,SC0,close,2025/26,0.2606715999388763
ou25,lgbd_xg,SC0,close,2026/27,0.17336162440532188
ou25,lgbd_xg,SP1,pre,2020/21,0.9999999215811929
ou25,lgbd_xg,SP1,pre,2021/22,0.9999999215811929
ou25,lgbd_xg,SP1,pre,2022/23,0.9999999215811929
ou25,lgbd_xg,SP1,pre,2023/24,0.9999999215811929
ou25,lgbd_xg,SP1,pre,2024/25,0.07508654618137879
ou25,lgbd_xg,SP1,pre,2025/26,4.5085472591929965e-08
ou25,lgbd_xg,SP1,pre,2026/27,4.5085472591929965e-08
ou25,lgbd_xg,SP1,close,2020/21,0.48996100602255793
ou25,lgbd_xg,SP1,close,2021/22,0.324756208322901
ou25,lgbd_xg,SP1,close,2022/23,0.29416216766123693
ou25,lgbd_xg,SP1,close,2023/24,0.26481230311268356
ou25,lgbd_xg,SP1,close,2024/25,0.3248204163067448
ou25,lgbd_xg,SP1,close,2025/26,0.05686492656828181
ou25,lgbd_xg,SP1,close,2026/27,4.5085472591929965e-08
ou25,lgbd_xg,SP2,pre,2020/21,0.9999999215811929
ou25,lgbd_xg,SP2,pre,2021/22,4.5085472591929965e-08
ou25,lgbd_xg,SP2,pre,2022/23,4.5085472591929965e-08
ou25,lgbd_xg,SP2,pre,2023/24,4.5085472591929965e-08
ou25,lgbd_xg,SP2,pre,2024/25,4.5085472591929965e-08
ou25,lgbd_xg,SP2,pre,2025/26,4.5085472591929965e-08
ou25,lgbd_xg,SP2,pre,2026/27,0.15544870838919314
ou25,lgbd_xg,SP2,close,2020/21,0.4271804837158361
ou25,lgbd_xg,SP2,close,2021/22,4.5085472591929965e-08
ou25,lgbd_xg,SP2,close,2022/23,0.123203183388577
ou25,lgbd_xg,SP2,close,2023/24,0.062346126230237955
ou25,lgbd_xg,SP2,close,2024/25,0.007833346520202063
ou25,lgbd_xg,SP2,close,2025/26,4.5085472591929965e-08
ou25,lgbd_xg,SP2,close,2026/27,0.13176593545959364
ou25,lgbd_xg,T1,pre,2020/21,0.3952590130074912
ou25,lgbd_xg,T1,pre,2021/22,4.5085472591929965e-08
ou25,lgbd_xg,T1,pre,2022/23,4.5085472591929965e-08
ou25,lgbd_xg,T1,pre,2023/24,0.3266364438651919
ou25,lgbd_xg,T1,pre,2024/25,0.41524149357222223
ou25,lgbd_xg,T1,pre,2025/26,4.5085472591929965e-08
ou25,lgbd_xg,T1,pre,2026/27,0.10526429490501055
ou25,lgbd_xg,T1,close,2020/21,4.5085472591929965e-08
ou25,lgbd_xg,T1,close,2021/22,0.23380001339925666
ou25,lgbd_xg,T1,close,2022/23,0.1898064315460973
ou25,lgbd_xg,T1,close,2023/24,4.5085472591929965e-08
ou25,lgbd_xg,T1,close,2024/25,4.5085472591929965e-08
ou25,lgbd_xg,T1,close,2025/26,4.5085472591929965e-08
ou25,lgbd_xg,T1,close,2026/27,4.5085472591929965e-08
ou25,dc,B1,pre,2021/22,0.2368428990968836
ou25,dc,B1,pre,2022/23,0.12873493679673098
ou25,dc,B1,pre,2023/24,0.1260455528452284
ou25,dc,B1,pre,2024/25,0.17674830744153144
ou25,dc,B1,pre,2025/26,0.06342947813159286
ou25,dc,B1,pre,2026/27,0.1877446176352861
ou25,dc,B1,close,2021/22,0.17209237465401214
ou25,dc,B1,close,2022/23,0.03339795323669773
ou25,dc,B1,close,2023/24,0.053312170524664394
ou25,dc,B1,close,2024/25,0.0779625438531091
ou25,dc,B1,close,2025/26,4.5085472591929965e-08
ou25,dc,B1,close,2026/27,4.5085472591929965e-08
ou25,dc,D1,pre,2020/21,4.5085472591929965e-08
ou25,dc,D1,pre,2021/22,4.5085472591929965e-08
ou25,dc,D1,pre,2022/23,0.0324546235299843
ou25,dc,D1,pre,2023/24,0.07501298021854175
ou25,dc,D1,pre,2024/25,4.5085472591929965e-08
ou25,dc,D1,pre,2025/26,0.1081533916345296
ou25,dc,D1,pre,2026/27,0.06810246954024425
ou25,dc,D1,close,2020/21,4.5085472591929965e-08
ou25,dc,D1,close,2021/22,4.5085472591929965e-08
ou25,dc,D1,close,2022/23,4.5085472591929965e-08
ou25,dc,D1,close,2023/24,0.028182341017022113
ou25,dc,D1,close,2024/25,4.5085472591929965e-08
ou25,dc,D1,close,2025/26,0.025379327555148226
ou25,dc,D1,close,2026/27,0.01859289946458152
ou25,dc,D2,pre,2020/21,0.32655817667865905
ou25,dc,D2,pre,2021/22,4.5085472591929965e-08
ou25,dc,D2,pre,2022/23,4.5085472591929965e-08
ou25,dc,D2,pre,2023/24,4.5085472591929965e-08
ou25,dc,D2,pre,2024/25,4.5085472591929965e-08
ou25,dc,D2,pre,2025/26,4.5085472591929965e-08
ou25,dc,D2,pre,2026/27,4.5085472591929965e-08
ou25,dc,D2,close,2020/21,0.26841995003129426
ou25,dc,D2,close,2021/22,4.5085472591929965e-08
ou25,dc,D2,close,2022/23,4.5085472591929965e-08
ou25,dc,D2,close,2023/24,4.5085472591929965e-08
ou25,dc,D2,close,2024/25,4.5085472591929965e-08
ou25,dc,D2,close,2025/26,4.5085472591929965e-08
ou25,dc,D2,close,2026/27,4.5085472591929965e-08
ou25,dc,E0,pre,2020/21,0.4433990630822161
ou25,dc,E0,pre,2021/22,0.23207505328462405
ou25,dc,E0,pre,2022/23,0.4006528482537522
ou25,dc,E0,pre,2023/24,0.2864472367704809
ou25,dc,E0,pre,2024/25,0.10462589079831129
ou25,dc,E0,pre,2025/26,0.13542759382069494
ou25,dc,E0,pre,2026/27,0.188774711640263
ou25,dc,E0,close,2020/21,0.4587376151794336
ou25,dc,E0,close,2021/22,0.21584307182804444
ou25,dc,E0,close,2022/23,0.43014984274822343
ou25,dc,E0,close,2023/24,0.3301941229736254
ou25,dc,E0,close,2024/25,0.13807613632153273
ou25,dc,E0,close,2025/26,0.15710834890972455
ou25,dc,E0,close,2026/27,0.18803633880593337
ou25,dc,E1,pre,2020/21,0.20995861082304043
ou25,dc,E1,pre,2021/22,4.5085472591929965e-08
ou25,dc,E1,pre,2022/23,4.5085472591929965e-08
ou25,dc,E1,pre,2023/24,4.5085472591929965e-08
ou25,dc,E1,pre,2024/25,4.5085472591929965e-08
ou25,dc,E1,pre,2025/26,0.010809258310007924
ou25,dc,E1,pre,2026/27,0.015608000703846294
ou25,dc,E1,close,2020/21,0.20867392210060465
ou25,dc,E1,close,2021/22,0.02582034487237372
ou25,dc,E1,close,2022/23,4.5085472591929965e-08
ou25,dc,E1,close,2023/24,0.02564157948348749
ou25,dc,E1,close,2024/25,4.5085472591929965e-08
ou25,dc,E1,close,2025/26,0.029706790350241714
ou25,dc,E1,close,2026/27,0.039752129729565745
ou25,dc,E2,pre,2020/21,4.5085472591929965e-08
ou25,dc,E2,pre,2021/22,0.017853291988276596
ou25,dc,E2,pre,2022/23,0.039068845588408216
ou25,dc,E2,pre,2023/24,4.5085472591929965e-08
ou25,dc,E2,pre,2024/25,4.5085472591929965e-08
ou25,dc,E2,pre,2025/26,4.5085472591929965e-08
ou25,dc,E2,pre,2026/27,4.5085472591929965e-08
ou25,dc,E2,close,2020/21,4.5085472591929965e-08
ou25,dc,E2,close,2021/22,0.08754509417595328
ou25,dc,E2,close,2022/23,0.060650212313721155
ou25,dc,E2,close,2023/24,4.5085472591929965e-08
ou25,dc,E2,close,2024/25,4.5085472591929965e-08
ou25,dc,E2,close,2025/26,4.5085472591929965e-08
ou25,dc,E2,close,2026/27,4.5085472591929965e-08
ou25,dc,E3,pre,2020/21,4.5085472591929965e-08
ou25,dc,E3,pre,2021/22,4.5085472591929965e-08
ou25,dc,E3,pre,2022/23,4.5085472591929965e-08
ou25,dc,E3,pre,2023/24,4.5085472591929965e-08
ou25,dc,E3,pre,2024/25,4.5085472591929965e-08
ou25,dc,E3,pre,2025/26,4.5085472591929965e-08
ou25,dc,E3,pre,2026/27,0.026065026732755618
ou25,dc,E3,close,2020/21,4.5085472591929965e-08
ou25,dc,E3,close,2021/22,4.5085472591929965e-08
ou25,dc,E3,close,2022/23,4.5085472591929965e-08
ou25,dc,E3,close,2023/24,4.5085472591929965e-08
ou25,dc,E3,close,2024/25,4.5085472591929965e-08
ou25,dc,E3,close,2025/26,4.5085472591929965e-08
ou25,dc,E3,close,2026/27,4.5085472591929965e-08
ou25,dc,F1,pre,2021/22,4.5085472591929965e-08
ou25,dc,F1,pre,2022/23,4.5085472591929965e-08
ou25,dc,F1,pre,2023/24,4.5085472591929965e-08
ou25,dc,F1,pre,2024/25,0.009952329229143752
ou25,dc,F1,pre,2025/26,0.0026214749414068955
ou25,dc,F1,pre,2026/27,4.5085472591929965e-08
ou25,dc,F1,close,2021/22,4.5085472591929965e-08
ou25,dc,F1,close,2022/23,4.5085472591929965e-08
ou25,dc,F1,close,2023/24,4.5085472591929965e-08
ou25,dc,F1,close,2024/25,4.5085472591929965e-08
ou25,dc,F1,close,2025/26,4.5085472591929965e-08
ou25,dc,F1,close,2026/27,4.5085472591929965e-08
ou25,dc,F2,pre,2021/22,4.5085472591929965e-08
ou25,dc,F2,pre,2022/23,4.5085472591929965e-08
ou25,dc,F2,pre,2023/24,4.5085472591929965e-08
ou25,dc,F2,pre,2024/25,4.5085472591929965e-08
ou25,dc,F2,pre,2025/26,4.5085472591929965e-08
ou25,dc,F2,pre,2026/27,4.5085472591929965e-08
ou25,dc,F2,close,2021/22,4.5085472591929965e-08
ou25,dc,F2,close,2022/23,4.5085472591929965e-08
ou25,dc,F2,close,2023/24,4.5085472591929965e-08
ou25,dc,F2,close,2024/25,4.5085472591929965e-08
ou25,dc,F2,close,2025/26,4.5085472591929965e-08
ou25,dc,F2,close,2026/27,4.5085472591929965e-08
ou25,dc,G1,pre,2021/22,0.11012006252654584
ou25,dc,G1,pre,2022/23,0.06424188093911186
ou25,dc,G1,pre,2023/24,0.08435615827324083
ou25,dc,G1,pre,2024/25,4.5085472591929965e-08
ou25,dc,G1,pre,2025/26,4.5085472591929965e-08
ou25,dc,G1,pre,2026/27,0.38077006863849255
ou25,dc,G1,close,2021/22,4.5085472591929965e-08
ou25,dc,G1,close,2022/23,4.5085472591929965e-08
ou25,dc,G1,close,2023/24,4.5085472591929965e-08
ou25,dc,G1,close,2024/25,4.5085472591929965e-08
ou25,dc,G1,close,2025/26,4.5085472591929965e-08
ou25,dc,G1,close,2026/27,4.5085472591929965e-08
ou25,dc,I1,pre,2020/21,4.5085472591929965e-08
ou25,dc,I1,pre,2021/22,4.5085472591929965e-08
ou25,dc,I1,pre,2022/23,4.5085472591929965e-08
ou25,dc,I1,pre,2023/24,4.5085472591929965e-08
ou25,dc,I1,pre,2024/25,4.5085472591929965e-08
ou25,dc,I1,pre,2025/26,4.5085472591929965e-08
ou25,dc,I1,pre,2026/27,4.5085472591929965e-08
ou25,dc,I1,close,2020/21,4.5085472591929965e-08
ou25,dc,I1,close,2021/22,0.029269440484861242
ou25,dc,I1,close,2022/23,4.5085472591929965e-08
ou25,dc,I1,close,2023/24,4.5085472591929965e-08
ou25,dc,I1,close,2024/25,4.5085472591929965e-08
ou25,dc,I1,close,2025/26,4.5085472591929965e-08
ou25,dc,I1,close,2026/27,4.5085472591929965e-08
ou25,dc,I2,pre,2020/21,4.5085472591929965e-08
ou25,dc,I2,pre,2021/22,4.5085472591929965e-08
ou25,dc,I2,pre,2022/23,4.5085472591929965e-08
ou25,dc,I2,pre,2023/24,4.5085472591929965e-08
ou25,dc,I2,pre,2024/25,4.5085472591929965e-08
ou25,dc,I2,pre,2025/26,4.5085472591929965e-08
ou25,dc,I2,pre,2026/27,4.5085472591929965e-08
ou25,dc,I2,close,2020/21,4.5085472591929965e-08
ou25,dc,I2,close,2021/22,4.5085472591929965e-08
ou25,dc,I2,close,2022/23,4.5085472591929965e-08
ou25,dc,I2,close,2023/24,4.5085472591929965e-08
ou25,dc,I2,close,2024/25,4.5085472591929965e-08
ou25,dc,I2,close,2025/26,4.5085472591929965e-08
ou25,dc,I2,close,2026/27,4.5085472591929965e-08
ou25,dc,N1,pre,2021/22,4.5085472591929965e-08
ou25,dc,N1,pre,2022/23,0.043062176312487294
ou25,dc,N1,pre,2023/24,0.023488603818476683
ou25,dc,N1,pre,2024/25,0.0765604997993134
ou25,dc,N1,pre,2025/26,0.1387209029856109
ou25,dc,N1,pre,2026/27,0.28166935909898955
ou25,dc,N1,close,2021/22,4.5085472591929965e-08
ou25,dc,N1,close,2022/23,4.5085472591929965e-08
ou25,dc,N1,close,2023/24,4.5085472591929965e-08
ou25,dc,N1,close,2024/25,4.5085472591929965e-08
ou25,dc,N1,close,2025/26,0.0934725543975196
ou25,dc,N1,close,2026/27,0.04670021101623129
ou25,dc,P1,pre,2020/21,0.4062163468332476
ou25,dc,P1,pre,2021/22,0.13223631621913703
ou25,dc,P1,pre,2022/23,0.06681952761302798
ou25,dc,P1,pre,2023/24,0.09175692726411379
ou25,dc,P1,pre,2024/25,4.5085472591929965e-08
ou25,dc,P1,pre,2025/26,4.5085472591929965e-08
ou25,dc,P1,pre,2026/27,0.09293417353825192
ou25,dc,P1,close,2020/21,0.5647536268760153
ou25,dc,P1,close,2021/22,0.0543764208871668
ou25,dc,P1,close,2022/23,4.5085472591929965e-08
ou25,dc,P1,close,2023/24,0.09720797588590271
ou25,dc,P1,close,2024/25,4.5085472591929965e-08
ou25,dc,P1,close,2025/26,4.5085472591929965e-08
ou25,dc,P1,close,2026/27,4.5085472591929965e-08
ou25,dc,SC0,pre,2021/22,0.500454956955596
ou25,dc,SC0,pre,2022/23,0.6061977140279123
ou25,dc,SC0,pre,2023/24,0.07488275297104009
ou25,dc,SC0,pre,2024/25,0.08881363503056168
ou25,dc,SC0,pre,2025/26,0.03239433787329493
ou25,dc,SC0,pre,2026/27,0.3570179364882617
ou25,dc,SC0,close,2021/22,4.5085472591929965e-08
ou25,dc,SC0,close,2022/23,0.3148967362025871
ou25,dc,SC0,close,2023/24,4.5085472591929965e-08
ou25,dc,SC0,close,2024/25,0.010851330406750733
ou25,dc,SC0,close,2025/26,4.5085472591929965e-08
ou25,dc,SC0,close,2026/27,0.0760390317021157
ou25,dc,SP1,pre,2020/21,4.5085472591929965e-08
ou25,dc,SP1,pre,2021/22,4.5085472591929965e-08
ou25,dc,SP1,pre,2022/23,4.5085472591929965e-08
ou25,dc,SP1,pre,2023/24,4.5085472591929965e-08
ou25,dc,SP1,pre,2024/25,4.5085472591929965e-08
ou25,dc,SP1,pre,2025/26,4.5085472591929965e-08
ou25,dc,SP1,pre,2026/27,4.5085472591929965e-08
ou25,dc,SP1,close,2020/21,4.5085472591929965e-08
ou25,dc,SP1,close,2021/22,4.5085472591929965e-08
ou25,dc,SP1,close,2022/23,4.5085472591929965e-08
ou25,dc,SP1,close,2023/24,4.5085472591929965e-08
ou25,dc,SP1,close,2024/25,4.5085472591929965e-08
ou25,dc,SP1,close,2025/26,4.5085472591929965e-08
ou25,dc,SP1,close,2026/27,4.5085472591929965e-08
ou25,dc,SP2,pre,2020/21,0.43561622985271065
ou25,dc,SP2,pre,2021/22,4.5085472591929965e-08
ou25,dc,SP2,pre,2022/23,4.5085472591929965e-08
ou25,dc,SP2,pre,2023/24,0.013365018152963119
ou25,dc,SP2,pre,2024/25,4.5085472591929965e-08
ou25,dc,SP2,pre,2025/26,4.5085472591929965e-08
ou25,dc,SP2,pre,2026/27,0.11849222041439952
ou25,dc,SP2,close,2020/21,0.418749464313259
ou25,dc,SP2,close,2021/22,4.5085472591929965e-08
ou25,dc,SP2,close,2022/23,4.5085472591929965e-08
ou25,dc,SP2,close,2023/24,0.009787479566696813
ou25,dc,SP2,close,2024/25,4.5085472591929965e-08
ou25,dc,SP2,close,2025/26,4.5085472591929965e-08
ou25,dc,SP2,close,2026/27,4.5085472591929965e-08
ou25,dc,T1,pre,2020/21,4.5085472591929965e-08
ou25,dc,T1,pre,2021/22,4.5085472591929965e-08
ou25,dc,T1,pre,2022/23,4.5085472591929965e-08
ou25,dc,T1,pre,2023/24,4.5085472591929965e-08
ou25,dc,T1,pre,2024/25,4.5085472591929965e-08
ou25,dc,T1,pre,2025/26,4.5085472591929965e-08
ou25,dc,T1,pre,2026/27,0.08055905478566149
ou25,dc,T1,close,2020/21,4.5085472591929965e-08
ou25,dc,T1,close,2021/22,4.5085472591929965e-08
ou25,dc,T1,close,2022/23,4.5085472591929965e-08
ou25,dc,T1,close,2023/24,4.5085472591929965e-08
ou25,dc,T1,close,2024/25,4.5085472591929965e-08
ou25,dc,T1,close,2025/26,4.5085472591929965e-08
ou25,dc,T1,close,2026/27,4.5085472591929965e-08
